left_gene_set	right_gene_set	left_n	right_n	intersection_n	union_n	jaccard
bmi_exomewide_16	bmi_exomewide_16	16	16	16	16	1.0
bmi_exomewide_16	bmi_exomewide_negative	16	6	6	16	0.375
bmi_exomewide_16	bmi_exomewide_positive	16	10	10	16	0.625
bmi_exomewide_16	epi25_dee_damaging_missense_bonferroni	16	1	0	17	0.0
bmi_exomewide_16	epi25_dee_damaging_missense_fdr05	16	3	0	19	0.0
bmi_exomewide_16	epi25_dee_ptv_bonferroni	16	6	0	22	0.0
bmi_exomewide_16	epi25_dee_ptv_fdr05	16	11	0	27	0.0
bmi_exomewide_16	epi25_epi_damaging_missense_bonferroni	16	1	0	17	0.0
bmi_exomewide_16	epi25_epi_damaging_missense_fdr05	16	1	0	17	0.0
bmi_exomewide_16	epi25_epi_ptv_bonferroni	16	3	0	19	0.0
bmi_exomewide_16	epi25_epi_ptv_fdr05	16	4	0	20	0.0
bmi_exomewide_16	epi25_gge_damaging_missense_bonferroni	16	1	0	17	0.0
bmi_exomewide_16	epi25_gge_damaging_missense_fdr05	16	1	0	17	0.0
bmi_exomewide_16	epi25_gge_ptv_fdr05	16	3	0	19	0.0
bmi_exomewide_16	epi25_nafe_ptv_bonferroni	16	2	0	18	0.0
bmi_exomewide_16	epi25_nafe_ptv_fdr05	16	2	0	18	0.0
bmi_exomewide_16	height_207_gene_p	16	207	2	221	0.00904977375565611
bmi_exomewide_16	height_singleton_plof	16	17	0	33	0.0
bmi_exomewide_16	height_singleton_plof_negative	16	11	0	27	0.0
bmi_exomewide_16	height_singleton_plof_positive	16	6	0	22	0.0
bmi_exomewide_16	legacy_ddg2p_all	16	2530	3	2543	0.0011797090051120724
bmi_exomewide_16	legacy_ddg2p_confident	16	1706	2	1720	0.0011627906976744186
bmi_exomewide_16	legacy_fu_asd185	16	185	0	201	0.0
bmi_exomewide_16	legacy_fu_asd72	16	72	0	88	0.0
bmi_exomewide_16	legacy_fu_dd309	16	309	0	325	0.0
bmi_exomewide_16	legacy_fu_dd477	16	477	0	493	0.0
bmi_exomewide_16	legacy_fu_ndd373	16	373	0	389	0.0
bmi_exomewide_16	legacy_fu_ndd664	16	664	1	679	0.0014727540500736377
bmi_exomewide_16	legacy_satterstrom102	16	102	0	118	0.0
bmi_exomewide_16	legacy_schema_fdr05	16	18	0	34	0.0
bmi_exomewide_16	legacy_schema_sig	16	10	0	26	0.0
bmi_exomewide_16	legacy_sfari_all	16	1267	1	1282	0.00078003120124805
bmi_exomewide_16	legacy_sfari_hc	16	315	0	331	0.0
bmi_exomewide_16	legacy_sfari_score1	16	244	0	260	0.0
bmi_exomewide_16	legacy_sfari_score12	16	952	0	968	0.0
bmi_exomewide_16	panelapp_epilepsy_all	16	914	2	928	0.0021551724137931034
bmi_exomewide_16	panelapp_epilepsy_green	16	632	2	646	0.0030959752321981426
bmi_exomewide_16	panelapp_intellectual_disability_all	16	2853	4	2865	0.0013961605584642235
bmi_exomewide_16	panelapp_intellectual_disability_green	16	1513	4	1525	0.002622950819672131
bmi_exomewide_16	schema_2022_exomewide_10	16	10	0	26	0.0
bmi_exomewide_16	schema_phase2_2026-04-23_bonferroni	16	19	0	35	0.0
bmi_exomewide_16	schema_phase2_2026-04-23_fdr05	16	51	0	67	0.0
bmi_exomewide_16	schema_phase2_2026-05-07_bonferroni	16	19	0	35	0.0
bmi_exomewide_16	schema_phase2_2026-05-07_fdr05	16	51	0	67	0.0
bmi_exomewide_16	schema_phase2_2026-05-26_bonferroni	16	19	0	35	0.0
bmi_exomewide_16	schema_phase2_2026-05-26_fdr05	16	50	0	66	0.0
bmi_exomewide_16	schema_phase2_2026-07-15_bonferroni	16	19	0	35	0.0
bmi_exomewide_16	schema_phase2_2026-07-15_fdr05	16	50	0	66	0.0
bmi_exomewide_16	schema_phase2_2026-08-07_bonferroni	16	19	0	35	0.0
bmi_exomewide_16	schema_phase2_2026-08-07_fdr05	16	50	0	66	0.0
bmi_exomewide_16	schema_phase2_2026-08-21_bonferroni	16	19	0	35	0.0
bmi_exomewide_16	schema_phase2_2026-08-21_fdr05	16	50	0	66	0.0
bmi_exomewide_16	sfari_all_scored	16	1195	1	1210	0.0008264462809917355
bmi_exomewide_16	sfari_score_1	16	245	0	261	0.0
bmi_exomewide_16	sfari_score_2	16	712	0	728	0.0
bmi_exomewide_16	sfari_score_3	16	238	1	253	0.003952569169960474
bmi_exomewide_16	sfari_syndromic	16	312	0	328	0.0
bmi_exomewide_negative	bmi_exomewide_16	6	16	6	16	0.375
bmi_exomewide_negative	bmi_exomewide_negative	6	6	6	6	1.0
bmi_exomewide_negative	bmi_exomewide_positive	6	10	0	16	0.0
bmi_exomewide_negative	epi25_dee_damaging_missense_bonferroni	6	1	0	7	0.0
bmi_exomewide_negative	epi25_dee_damaging_missense_fdr05	6	3	0	9	0.0
bmi_exomewide_negative	epi25_dee_ptv_bonferroni	6	6	0	12	0.0
bmi_exomewide_negative	epi25_dee_ptv_fdr05	6	11	0	17	0.0
bmi_exomewide_negative	epi25_epi_damaging_missense_bonferroni	6	1	0	7	0.0
bmi_exomewide_negative	epi25_epi_damaging_missense_fdr05	6	1	0	7	0.0
bmi_exomewide_negative	epi25_epi_ptv_bonferroni	6	3	0	9	0.0
bmi_exomewide_negative	epi25_epi_ptv_fdr05	6	4	0	10	0.0
bmi_exomewide_negative	epi25_gge_damaging_missense_bonferroni	6	1	0	7	0.0
bmi_exomewide_negative	epi25_gge_damaging_missense_fdr05	6	1	0	7	0.0
bmi_exomewide_negative	epi25_gge_ptv_fdr05	6	3	0	9	0.0
bmi_exomewide_negative	epi25_nafe_ptv_bonferroni	6	2	0	8	0.0
bmi_exomewide_negative	epi25_nafe_ptv_fdr05	6	2	0	8	0.0
bmi_exomewide_negative	height_207_gene_p	6	207	1	212	0.0047169811320754715
bmi_exomewide_negative	height_singleton_plof	6	17	0	23	0.0
bmi_exomewide_negative	height_singleton_plof_negative	6	11	0	17	0.0
bmi_exomewide_negative	height_singleton_plof_positive	6	6	0	12	0.0
bmi_exomewide_negative	legacy_ddg2p_all	6	2530	1	2535	0.0003944773175542406
bmi_exomewide_negative	legacy_ddg2p_confident	6	1706	1	1711	0.0005844535359438924
bmi_exomewide_negative	legacy_fu_asd185	6	185	0	191	0.0
bmi_exomewide_negative	legacy_fu_asd72	6	72	0	78	0.0
bmi_exomewide_negative	legacy_fu_dd309	6	309	0	315	0.0
bmi_exomewide_negative	legacy_fu_dd477	6	477	0	483	0.0
bmi_exomewide_negative	legacy_fu_ndd373	6	373	0	379	0.0
bmi_exomewide_negative	legacy_fu_ndd664	6	664	0	670	0.0
bmi_exomewide_negative	legacy_satterstrom102	6	102	0	108	0.0
bmi_exomewide_negative	legacy_schema_fdr05	6	18	0	24	0.0
bmi_exomewide_negative	legacy_schema_sig	6	10	0	16	0.0
bmi_exomewide_negative	legacy_sfari_all	6	1267	0	1273	0.0
bmi_exomewide_negative	legacy_sfari_hc	6	315	0	321	0.0
bmi_exomewide_negative	legacy_sfari_score1	6	244	0	250	0.0
bmi_exomewide_negative	legacy_sfari_score12	6	952	0	958	0.0
bmi_exomewide_negative	panelapp_epilepsy_all	6	914	0	920	0.0
bmi_exomewide_negative	panelapp_epilepsy_green	6	632	0	638	0.0
bmi_exomewide_negative	panelapp_intellectual_disability_all	6	2853	1	2858	0.0003498950314905528
bmi_exomewide_negative	panelapp_intellectual_disability_green	6	1513	1	1518	0.0006587615283267457
bmi_exomewide_negative	schema_2022_exomewide_10	6	10	0	16	0.0
bmi_exomewide_negative	schema_phase2_2026-04-23_bonferroni	6	19	0	25	0.0
bmi_exomewide_negative	schema_phase2_2026-04-23_fdr05	6	51	0	57	0.0
bmi_exomewide_negative	schema_phase2_2026-05-07_bonferroni	6	19	0	25	0.0
bmi_exomewide_negative	schema_phase2_2026-05-07_fdr05	6	51	0	57	0.0
bmi_exomewide_negative	schema_phase2_2026-05-26_bonferroni	6	19	0	25	0.0
bmi_exomewide_negative	schema_phase2_2026-05-26_fdr05	6	50	0	56	0.0
bmi_exomewide_negative	schema_phase2_2026-07-15_bonferroni	6	19	0	25	0.0
bmi_exomewide_negative	schema_phase2_2026-07-15_fdr05	6	50	0	56	0.0
bmi_exomewide_negative	schema_phase2_2026-08-07_bonferroni	6	19	0	25	0.0
bmi_exomewide_negative	schema_phase2_2026-08-07_fdr05	6	50	0	56	0.0
bmi_exomewide_negative	schema_phase2_2026-08-21_bonferroni	6	19	0	25	0.0
bmi_exomewide_negative	schema_phase2_2026-08-21_fdr05	6	50	0	56	0.0
bmi_exomewide_negative	sfari_all_scored	6	1195	0	1201	0.0
bmi_exomewide_negative	sfari_score_1	6	245	0	251	0.0
bmi_exomewide_negative	sfari_score_2	6	712	0	718	0.0
bmi_exomewide_negative	sfari_score_3	6	238	0	244	0.0
bmi_exomewide_negative	sfari_syndromic	6	312	0	318	0.0
bmi_exomewide_positive	bmi_exomewide_16	10	16	10	16	0.625
bmi_exomewide_positive	bmi_exomewide_negative	10	6	0	16	0.0
bmi_exomewide_positive	bmi_exomewide_positive	10	10	10	10	1.0
bmi_exomewide_positive	epi25_dee_damaging_missense_bonferroni	10	1	0	11	0.0
bmi_exomewide_positive	epi25_dee_damaging_missense_fdr05	10	3	0	13	0.0
bmi_exomewide_positive	epi25_dee_ptv_bonferroni	10	6	0	16	0.0
bmi_exomewide_positive	epi25_dee_ptv_fdr05	10	11	0	21	0.0
bmi_exomewide_positive	epi25_epi_damaging_missense_bonferroni	10	1	0	11	0.0
bmi_exomewide_positive	epi25_epi_damaging_missense_fdr05	10	1	0	11	0.0
bmi_exomewide_positive	epi25_epi_ptv_bonferroni	10	3	0	13	0.0
bmi_exomewide_positive	epi25_epi_ptv_fdr05	10	4	0	14	0.0
bmi_exomewide_positive	epi25_gge_damaging_missense_bonferroni	10	1	0	11	0.0
bmi_exomewide_positive	epi25_gge_damaging_missense_fdr05	10	1	0	11	0.0
bmi_exomewide_positive	epi25_gge_ptv_fdr05	10	3	0	13	0.0
bmi_exomewide_positive	epi25_nafe_ptv_bonferroni	10	2	0	12	0.0
bmi_exomewide_positive	epi25_nafe_ptv_fdr05	10	2	0	12	0.0
bmi_exomewide_positive	height_207_gene_p	10	207	1	216	0.004629629629629629
bmi_exomewide_positive	height_singleton_plof	10	17	0	27	0.0
bmi_exomewide_positive	height_singleton_plof_negative	10	11	0	21	0.0
bmi_exomewide_positive	height_singleton_plof_positive	10	6	0	16	0.0
bmi_exomewide_positive	legacy_ddg2p_all	10	2530	2	2538	0.0007880220646178094
bmi_exomewide_positive	legacy_ddg2p_confident	10	1706	1	1715	0.0005830903790087463
bmi_exomewide_positive	legacy_fu_asd185	10	185	0	195	0.0
bmi_exomewide_positive	legacy_fu_asd72	10	72	0	82	0.0
bmi_exomewide_positive	legacy_fu_dd309	10	309	0	319	0.0
bmi_exomewide_positive	legacy_fu_dd477	10	477	0	487	0.0
bmi_exomewide_positive	legacy_fu_ndd373	10	373	0	383	0.0
bmi_exomewide_positive	legacy_fu_ndd664	10	664	1	673	0.0014858841010401188
bmi_exomewide_positive	legacy_satterstrom102	10	102	0	112	0.0
bmi_exomewide_positive	legacy_schema_fdr05	10	18	0	28	0.0
bmi_exomewide_positive	legacy_schema_sig	10	10	0	20	0.0
bmi_exomewide_positive	legacy_sfari_all	10	1267	1	1276	0.0007836990595611285
bmi_exomewide_positive	legacy_sfari_hc	10	315	0	325	0.0
bmi_exomewide_positive	legacy_sfari_score1	10	244	0	254	0.0
bmi_exomewide_positive	legacy_sfari_score12	10	952	0	962	0.0
bmi_exomewide_positive	panelapp_epilepsy_all	10	914	2	922	0.0021691973969631237
bmi_exomewide_positive	panelapp_epilepsy_green	10	632	2	640	0.003125
bmi_exomewide_positive	panelapp_intellectual_disability_all	10	2853	3	2860	0.001048951048951049
bmi_exomewide_positive	panelapp_intellectual_disability_green	10	1513	3	1520	0.001973684210526316
bmi_exomewide_positive	schema_2022_exomewide_10	10	10	0	20	0.0
bmi_exomewide_positive	schema_phase2_2026-04-23_bonferroni	10	19	0	29	0.0
bmi_exomewide_positive	schema_phase2_2026-04-23_fdr05	10	51	0	61	0.0
bmi_exomewide_positive	schema_phase2_2026-05-07_bonferroni	10	19	0	29	0.0
bmi_exomewide_positive	schema_phase2_2026-05-07_fdr05	10	51	0	61	0.0
bmi_exomewide_positive	schema_phase2_2026-05-26_bonferroni	10	19	0	29	0.0
bmi_exomewide_positive	schema_phase2_2026-05-26_fdr05	10	50	0	60	0.0
bmi_exomewide_positive	schema_phase2_2026-07-15_bonferroni	10	19	0	29	0.0
bmi_exomewide_positive	schema_phase2_2026-07-15_fdr05	10	50	0	60	0.0
bmi_exomewide_positive	schema_phase2_2026-08-07_bonferroni	10	19	0	29	0.0
bmi_exomewide_positive	schema_phase2_2026-08-07_fdr05	10	50	0	60	0.0
bmi_exomewide_positive	schema_phase2_2026-08-21_bonferroni	10	19	0	29	0.0
bmi_exomewide_positive	schema_phase2_2026-08-21_fdr05	10	50	0	60	0.0
bmi_exomewide_positive	sfari_all_scored	10	1195	1	1204	0.0008305647840531562
bmi_exomewide_positive	sfari_score_1	10	245	0	255	0.0
bmi_exomewide_positive	sfari_score_2	10	712	0	722	0.0
bmi_exomewide_positive	sfari_score_3	10	238	1	247	0.004048582995951417
bmi_exomewide_positive	sfari_syndromic	10	312	0	322	0.0
epi25_dee_damaging_missense_bonferroni	bmi_exomewide_16	1	16	0	17	0.0
epi25_dee_damaging_missense_bonferroni	bmi_exomewide_negative	1	6	0	7	0.0
epi25_dee_damaging_missense_bonferroni	bmi_exomewide_positive	1	10	0	11	0.0
epi25_dee_damaging_missense_bonferroni	epi25_dee_damaging_missense_bonferroni	1	1	1	1	1.0
epi25_dee_damaging_missense_bonferroni	epi25_dee_damaging_missense_fdr05	1	3	1	3	0.3333333333333333
epi25_dee_damaging_missense_bonferroni	epi25_dee_ptv_bonferroni	1	6	0	7	0.0
epi25_dee_damaging_missense_bonferroni	epi25_dee_ptv_fdr05	1	11	0	12	0.0
epi25_dee_damaging_missense_bonferroni	epi25_epi_damaging_missense_bonferroni	1	1	0	2	0.0
epi25_dee_damaging_missense_bonferroni	epi25_epi_damaging_missense_fdr05	1	1	0	2	0.0
epi25_dee_damaging_missense_bonferroni	epi25_epi_ptv_bonferroni	1	3	0	4	0.0
epi25_dee_damaging_missense_bonferroni	epi25_epi_ptv_fdr05	1	4	0	5	0.0
epi25_dee_damaging_missense_bonferroni	epi25_gge_damaging_missense_bonferroni	1	1	0	2	0.0
epi25_dee_damaging_missense_bonferroni	epi25_gge_damaging_missense_fdr05	1	1	0	2	0.0
epi25_dee_damaging_missense_bonferroni	epi25_gge_ptv_fdr05	1	3	0	4	0.0
epi25_dee_damaging_missense_bonferroni	epi25_nafe_ptv_bonferroni	1	2	0	3	0.0
epi25_dee_damaging_missense_bonferroni	epi25_nafe_ptv_fdr05	1	2	0	3	0.0
epi25_dee_damaging_missense_bonferroni	height_207_gene_p	1	207	0	208	0.0
epi25_dee_damaging_missense_bonferroni	height_singleton_plof	1	17	0	18	0.0
epi25_dee_damaging_missense_bonferroni	height_singleton_plof_negative	1	11	0	12	0.0
epi25_dee_damaging_missense_bonferroni	height_singleton_plof_positive	1	6	0	7	0.0
epi25_dee_damaging_missense_bonferroni	legacy_ddg2p_all	1	2530	1	2530	0.0003952569169960474
epi25_dee_damaging_missense_bonferroni	legacy_ddg2p_confident	1	1706	1	1706	0.0005861664712778429
epi25_dee_damaging_missense_bonferroni	legacy_fu_asd185	1	185	0	186	0.0
epi25_dee_damaging_missense_bonferroni	legacy_fu_asd72	1	72	0	73	0.0
epi25_dee_damaging_missense_bonferroni	legacy_fu_dd309	1	309	0	310	0.0
epi25_dee_damaging_missense_bonferroni	legacy_fu_dd477	1	477	0	478	0.0
epi25_dee_damaging_missense_bonferroni	legacy_fu_ndd373	1	373	0	374	0.0
epi25_dee_damaging_missense_bonferroni	legacy_fu_ndd664	1	664	0	665	0.0
epi25_dee_damaging_missense_bonferroni	legacy_satterstrom102	1	102	0	103	0.0
epi25_dee_damaging_missense_bonferroni	legacy_schema_fdr05	1	18	0	19	0.0
epi25_dee_damaging_missense_bonferroni	legacy_schema_sig	1	10	0	11	0.0
epi25_dee_damaging_missense_bonferroni	legacy_sfari_all	1	1267	1	1267	0.0007892659826361484
epi25_dee_damaging_missense_bonferroni	legacy_sfari_hc	1	315	0	316	0.0
epi25_dee_damaging_missense_bonferroni	legacy_sfari_score1	1	244	0	245	0.0
epi25_dee_damaging_missense_bonferroni	legacy_sfari_score12	1	952	1	952	0.0010504201680672268
epi25_dee_damaging_missense_bonferroni	panelapp_epilepsy_all	1	914	0	915	0.0
epi25_dee_damaging_missense_bonferroni	panelapp_epilepsy_green	1	632	0	633	0.0
epi25_dee_damaging_missense_bonferroni	panelapp_intellectual_disability_all	1	2853	1	2853	0.0003505082369435682
epi25_dee_damaging_missense_bonferroni	panelapp_intellectual_disability_green	1	1513	1	1513	0.0006609385327164573
epi25_dee_damaging_missense_bonferroni	schema_2022_exomewide_10	1	10	0	11	0.0
epi25_dee_damaging_missense_bonferroni	schema_phase2_2026-04-23_bonferroni	1	19	0	20	0.0
epi25_dee_damaging_missense_bonferroni	schema_phase2_2026-04-23_fdr05	1	51	0	52	0.0
epi25_dee_damaging_missense_bonferroni	schema_phase2_2026-05-07_bonferroni	1	19	0	20	0.0
epi25_dee_damaging_missense_bonferroni	schema_phase2_2026-05-07_fdr05	1	51	0	52	0.0
epi25_dee_damaging_missense_bonferroni	schema_phase2_2026-05-26_bonferroni	1	19	0	20	0.0
epi25_dee_damaging_missense_bonferroni	schema_phase2_2026-05-26_fdr05	1	50	0	51	0.0
epi25_dee_damaging_missense_bonferroni	schema_phase2_2026-07-15_bonferroni	1	19	0	20	0.0
epi25_dee_damaging_missense_bonferroni	schema_phase2_2026-07-15_fdr05	1	50	0	51	0.0
epi25_dee_damaging_missense_bonferroni	schema_phase2_2026-08-07_bonferroni	1	19	0	20	0.0
epi25_dee_damaging_missense_bonferroni	schema_phase2_2026-08-07_fdr05	1	50	0	51	0.0
epi25_dee_damaging_missense_bonferroni	schema_phase2_2026-08-21_bonferroni	1	19	0	20	0.0
epi25_dee_damaging_missense_bonferroni	schema_phase2_2026-08-21_fdr05	1	50	0	51	0.0
epi25_dee_damaging_missense_bonferroni	sfari_all_scored	1	1195	1	1195	0.0008368200836820083
epi25_dee_damaging_missense_bonferroni	sfari_score_1	1	245	0	246	0.0
epi25_dee_damaging_missense_bonferroni	sfari_score_2	1	712	1	712	0.0014044943820224719
epi25_dee_damaging_missense_bonferroni	sfari_score_3	1	238	0	239	0.0
epi25_dee_damaging_missense_bonferroni	sfari_syndromic	1	312	0	313	0.0
epi25_dee_damaging_missense_fdr05	bmi_exomewide_16	3	16	0	19	0.0
epi25_dee_damaging_missense_fdr05	bmi_exomewide_negative	3	6	0	9	0.0
epi25_dee_damaging_missense_fdr05	bmi_exomewide_positive	3	10	0	13	0.0
epi25_dee_damaging_missense_fdr05	epi25_dee_damaging_missense_bonferroni	3	1	1	3	0.3333333333333333
epi25_dee_damaging_missense_fdr05	epi25_dee_damaging_missense_fdr05	3	3	3	3	1.0
epi25_dee_damaging_missense_fdr05	epi25_dee_ptv_bonferroni	3	6	1	8	0.125
epi25_dee_damaging_missense_fdr05	epi25_dee_ptv_fdr05	3	11	1	13	0.07692307692307693
epi25_dee_damaging_missense_fdr05	epi25_epi_damaging_missense_bonferroni	3	1	0	4	0.0
epi25_dee_damaging_missense_fdr05	epi25_epi_damaging_missense_fdr05	3	1	0	4	0.0
epi25_dee_damaging_missense_fdr05	epi25_epi_ptv_bonferroni	3	3	1	5	0.2
epi25_dee_damaging_missense_fdr05	epi25_epi_ptv_fdr05	3	4	1	6	0.16666666666666666
epi25_dee_damaging_missense_fdr05	epi25_gge_damaging_missense_bonferroni	3	1	0	4	0.0
epi25_dee_damaging_missense_fdr05	epi25_gge_damaging_missense_fdr05	3	1	0	4	0.0
epi25_dee_damaging_missense_fdr05	epi25_gge_ptv_fdr05	3	3	0	6	0.0
epi25_dee_damaging_missense_fdr05	epi25_nafe_ptv_bonferroni	3	2	0	5	0.0
epi25_dee_damaging_missense_fdr05	epi25_nafe_ptv_fdr05	3	2	0	5	0.0
epi25_dee_damaging_missense_fdr05	height_207_gene_p	3	207	0	210	0.0
epi25_dee_damaging_missense_fdr05	height_singleton_plof	3	17	0	20	0.0
epi25_dee_damaging_missense_fdr05	height_singleton_plof_negative	3	11	0	14	0.0
epi25_dee_damaging_missense_fdr05	height_singleton_plof_positive	3	6	0	9	0.0
epi25_dee_damaging_missense_fdr05	legacy_ddg2p_all	3	2530	3	2530	0.0011857707509881424
epi25_dee_damaging_missense_fdr05	legacy_ddg2p_confident	3	1706	3	1706	0.0017584994138335288
epi25_dee_damaging_missense_fdr05	legacy_fu_asd185	3	185	1	187	0.0053475935828877
epi25_dee_damaging_missense_fdr05	legacy_fu_asd72	3	72	1	74	0.013513513513513514
epi25_dee_damaging_missense_fdr05	legacy_fu_dd309	3	309	1	311	0.003215434083601286
epi25_dee_damaging_missense_fdr05	legacy_fu_dd477	3	477	1	479	0.0020876826722338203
epi25_dee_damaging_missense_fdr05	legacy_fu_ndd373	3	373	1	375	0.0026666666666666666
epi25_dee_damaging_missense_fdr05	legacy_fu_ndd664	3	664	1	666	0.0015015015015015015
epi25_dee_damaging_missense_fdr05	legacy_satterstrom102	3	102	1	104	0.009615384615384616
epi25_dee_damaging_missense_fdr05	legacy_schema_fdr05	3	18	0	21	0.0
epi25_dee_damaging_missense_fdr05	legacy_schema_sig	3	10	0	13	0.0
epi25_dee_damaging_missense_fdr05	legacy_sfari_all	3	1267	3	1267	0.0023677979479084454
epi25_dee_damaging_missense_fdr05	legacy_sfari_hc	3	315	0	318	0.0
epi25_dee_damaging_missense_fdr05	legacy_sfari_score1	3	244	1	246	0.0040650406504065045
epi25_dee_damaging_missense_fdr05	legacy_sfari_score12	3	952	3	952	0.0031512605042016808
epi25_dee_damaging_missense_fdr05	panelapp_epilepsy_all	3	914	2	915	0.002185792349726776
epi25_dee_damaging_missense_fdr05	panelapp_epilepsy_green	3	632	2	633	0.00315955766192733
epi25_dee_damaging_missense_fdr05	panelapp_intellectual_disability_all	3	2853	3	2853	0.0010515247108307045
epi25_dee_damaging_missense_fdr05	panelapp_intellectual_disability_green	3	1513	3	1513	0.0019828155981493722
epi25_dee_damaging_missense_fdr05	schema_2022_exomewide_10	3	10	0	13	0.0
epi25_dee_damaging_missense_fdr05	schema_phase2_2026-04-23_bonferroni	3	19	0	22	0.0
epi25_dee_damaging_missense_fdr05	schema_phase2_2026-04-23_fdr05	3	51	0	54	0.0
epi25_dee_damaging_missense_fdr05	schema_phase2_2026-05-07_bonferroni	3	19	0	22	0.0
epi25_dee_damaging_missense_fdr05	schema_phase2_2026-05-07_fdr05	3	51	0	54	0.0
epi25_dee_damaging_missense_fdr05	schema_phase2_2026-05-26_bonferroni	3	19	0	22	0.0
epi25_dee_damaging_missense_fdr05	schema_phase2_2026-05-26_fdr05	3	50	0	53	0.0
epi25_dee_damaging_missense_fdr05	schema_phase2_2026-07-15_bonferroni	3	19	0	22	0.0
epi25_dee_damaging_missense_fdr05	schema_phase2_2026-07-15_fdr05	3	50	0	53	0.0
epi25_dee_damaging_missense_fdr05	schema_phase2_2026-08-07_bonferroni	3	19	0	22	0.0
epi25_dee_damaging_missense_fdr05	schema_phase2_2026-08-07_fdr05	3	50	0	53	0.0
epi25_dee_damaging_missense_fdr05	schema_phase2_2026-08-21_bonferroni	3	19	0	22	0.0
epi25_dee_damaging_missense_fdr05	schema_phase2_2026-08-21_fdr05	3	50	0	53	0.0
epi25_dee_damaging_missense_fdr05	sfari_all_scored	3	1195	3	1195	0.002510460251046025
epi25_dee_damaging_missense_fdr05	sfari_score_1	3	245	1	247	0.004048582995951417
epi25_dee_damaging_missense_fdr05	sfari_score_2	3	712	2	713	0.002805049088359046
epi25_dee_damaging_missense_fdr05	sfari_score_3	3	238	0	241	0.0
epi25_dee_damaging_missense_fdr05	sfari_syndromic	3	312	2	313	0.006389776357827476
epi25_dee_ptv_bonferroni	bmi_exomewide_16	6	16	0	22	0.0
epi25_dee_ptv_bonferroni	bmi_exomewide_negative	6	6	0	12	0.0
epi25_dee_ptv_bonferroni	bmi_exomewide_positive	6	10	0	16	0.0
epi25_dee_ptv_bonferroni	epi25_dee_damaging_missense_bonferroni	6	1	0	7	0.0
epi25_dee_ptv_bonferroni	epi25_dee_damaging_missense_fdr05	6	3	1	8	0.125
epi25_dee_ptv_bonferroni	epi25_dee_ptv_bonferroni	6	6	6	6	1.0
epi25_dee_ptv_bonferroni	epi25_dee_ptv_fdr05	6	11	6	11	0.5454545454545454
epi25_dee_ptv_bonferroni	epi25_epi_damaging_missense_bonferroni	6	1	0	7	0.0
epi25_dee_ptv_bonferroni	epi25_epi_damaging_missense_fdr05	6	1	0	7	0.0
epi25_dee_ptv_bonferroni	epi25_epi_ptv_bonferroni	6	3	2	7	0.2857142857142857
epi25_dee_ptv_bonferroni	epi25_epi_ptv_fdr05	6	4	2	8	0.25
epi25_dee_ptv_bonferroni	epi25_gge_damaging_missense_bonferroni	6	1	0	7	0.0
epi25_dee_ptv_bonferroni	epi25_gge_damaging_missense_fdr05	6	1	0	7	0.0
epi25_dee_ptv_bonferroni	epi25_gge_ptv_fdr05	6	3	0	9	0.0
epi25_dee_ptv_bonferroni	epi25_nafe_ptv_bonferroni	6	2	0	8	0.0
epi25_dee_ptv_bonferroni	epi25_nafe_ptv_fdr05	6	2	0	8	0.0
epi25_dee_ptv_bonferroni	height_207_gene_p	6	207	1	212	0.0047169811320754715
epi25_dee_ptv_bonferroni	height_singleton_plof	6	17	1	22	0.045454545454545456
epi25_dee_ptv_bonferroni	height_singleton_plof_negative	6	11	1	16	0.0625
epi25_dee_ptv_bonferroni	height_singleton_plof_positive	6	6	0	12	0.0
epi25_dee_ptv_bonferroni	legacy_ddg2p_all	6	2530	6	2530	0.0023715415019762848
epi25_dee_ptv_bonferroni	legacy_ddg2p_confident	6	1706	6	1706	0.0035169988276670576
epi25_dee_ptv_bonferroni	legacy_fu_asd185	6	185	3	188	0.015957446808510637
epi25_dee_ptv_bonferroni	legacy_fu_asd72	6	72	3	75	0.04
epi25_dee_ptv_bonferroni	legacy_fu_dd309	6	309	3	312	0.009615384615384616
epi25_dee_ptv_bonferroni	legacy_fu_dd477	6	477	4	479	0.008350730688935281
epi25_dee_ptv_bonferroni	legacy_fu_ndd373	6	373	3	376	0.007978723404255319
epi25_dee_ptv_bonferroni	legacy_fu_ndd664	6	664	4	666	0.006006006006006006
epi25_dee_ptv_bonferroni	legacy_satterstrom102	6	102	3	105	0.02857142857142857
epi25_dee_ptv_bonferroni	legacy_schema_fdr05	6	18	0	24	0.0
epi25_dee_ptv_bonferroni	legacy_schema_sig	6	10	0	16	0.0
epi25_dee_ptv_bonferroni	legacy_sfari_all	6	1267	4	1269	0.0031520882584712374
epi25_dee_ptv_bonferroni	legacy_sfari_hc	6	315	0	321	0.0
epi25_dee_ptv_bonferroni	legacy_sfari_score1	6	244	4	246	0.016260162601626018
epi25_dee_ptv_bonferroni	legacy_sfari_score12	6	952	4	954	0.0041928721174004195
epi25_dee_ptv_bonferroni	panelapp_epilepsy_all	6	914	6	914	0.006564551422319475
epi25_dee_ptv_bonferroni	panelapp_epilepsy_green	6	632	6	632	0.00949367088607595
epi25_dee_ptv_bonferroni	panelapp_intellectual_disability_all	6	2853	6	2853	0.002103049421661409
epi25_dee_ptv_bonferroni	panelapp_intellectual_disability_green	6	1513	6	1513	0.0039656311962987445
epi25_dee_ptv_bonferroni	schema_2022_exomewide_10	6	10	0	16	0.0
epi25_dee_ptv_bonferroni	schema_phase2_2026-04-23_bonferroni	6	19	0	25	0.0
epi25_dee_ptv_bonferroni	schema_phase2_2026-04-23_fdr05	6	51	1	56	0.017857142857142856
epi25_dee_ptv_bonferroni	schema_phase2_2026-05-07_bonferroni	6	19	0	25	0.0
epi25_dee_ptv_bonferroni	schema_phase2_2026-05-07_fdr05	6	51	1	56	0.017857142857142856
epi25_dee_ptv_bonferroni	schema_phase2_2026-05-26_bonferroni	6	19	0	25	0.0
epi25_dee_ptv_bonferroni	schema_phase2_2026-05-26_fdr05	6	50	1	55	0.01818181818181818
epi25_dee_ptv_bonferroni	schema_phase2_2026-07-15_bonferroni	6	19	0	25	0.0
epi25_dee_ptv_bonferroni	schema_phase2_2026-07-15_fdr05	6	50	1	55	0.01818181818181818
epi25_dee_ptv_bonferroni	schema_phase2_2026-08-07_bonferroni	6	19	0	25	0.0
epi25_dee_ptv_bonferroni	schema_phase2_2026-08-07_fdr05	6	50	1	55	0.01818181818181818
epi25_dee_ptv_bonferroni	schema_phase2_2026-08-21_bonferroni	6	19	0	25	0.0
epi25_dee_ptv_bonferroni	schema_phase2_2026-08-21_fdr05	6	50	1	55	0.01818181818181818
epi25_dee_ptv_bonferroni	sfari_all_scored	6	1195	4	1197	0.003341687552213868
epi25_dee_ptv_bonferroni	sfari_score_1	6	245	4	247	0.016194331983805668
epi25_dee_ptv_bonferroni	sfari_score_2	6	712	0	718	0.0
epi25_dee_ptv_bonferroni	sfari_score_3	6	238	0	244	0.0
epi25_dee_ptv_bonferroni	sfari_syndromic	6	312	3	315	0.009523809523809525
epi25_dee_ptv_fdr05	bmi_exomewide_16	11	16	0	27	0.0
epi25_dee_ptv_fdr05	bmi_exomewide_negative	11	6	0	17	0.0
epi25_dee_ptv_fdr05	bmi_exomewide_positive	11	10	0	21	0.0
epi25_dee_ptv_fdr05	epi25_dee_damaging_missense_bonferroni	11	1	0	12	0.0
epi25_dee_ptv_fdr05	epi25_dee_damaging_missense_fdr05	11	3	1	13	0.07692307692307693
epi25_dee_ptv_fdr05	epi25_dee_ptv_bonferroni	11	6	6	11	0.5454545454545454
epi25_dee_ptv_fdr05	epi25_dee_ptv_fdr05	11	11	11	11	1.0
epi25_dee_ptv_fdr05	epi25_epi_damaging_missense_bonferroni	11	1	0	12	0.0
epi25_dee_ptv_fdr05	epi25_epi_damaging_missense_fdr05	11	1	0	12	0.0
epi25_dee_ptv_fdr05	epi25_epi_ptv_bonferroni	11	3	2	12	0.16666666666666666
epi25_dee_ptv_fdr05	epi25_epi_ptv_fdr05	11	4	2	13	0.15384615384615385
epi25_dee_ptv_fdr05	epi25_gge_damaging_missense_bonferroni	11	1	0	12	0.0
epi25_dee_ptv_fdr05	epi25_gge_damaging_missense_fdr05	11	1	0	12	0.0
epi25_dee_ptv_fdr05	epi25_gge_ptv_fdr05	11	3	0	14	0.0
epi25_dee_ptv_fdr05	epi25_nafe_ptv_bonferroni	11	2	0	13	0.0
epi25_dee_ptv_fdr05	epi25_nafe_ptv_fdr05	11	2	0	13	0.0
epi25_dee_ptv_fdr05	height_207_gene_p	11	207	1	217	0.004608294930875576
epi25_dee_ptv_fdr05	height_singleton_plof	11	17	1	27	0.037037037037037035
epi25_dee_ptv_fdr05	height_singleton_plof_negative	11	11	1	21	0.047619047619047616
epi25_dee_ptv_fdr05	height_singleton_plof_positive	11	6	0	17	0.0
epi25_dee_ptv_fdr05	legacy_ddg2p_all	11	2530	11	2530	0.004347826086956522
epi25_dee_ptv_fdr05	legacy_ddg2p_confident	11	1706	11	1706	0.006447831184056272
epi25_dee_ptv_fdr05	legacy_fu_asd185	11	185	4	192	0.020833333333333332
epi25_dee_ptv_fdr05	legacy_fu_asd72	11	72	4	79	0.05063291139240506
epi25_dee_ptv_fdr05	legacy_fu_dd309	11	309	4	316	0.012658227848101266
epi25_dee_ptv_fdr05	legacy_fu_dd477	11	477	5	483	0.010351966873706004
epi25_dee_ptv_fdr05	legacy_fu_ndd373	11	373	4	380	0.010526315789473684
epi25_dee_ptv_fdr05	legacy_fu_ndd664	11	664	5	670	0.007462686567164179
epi25_dee_ptv_fdr05	legacy_satterstrom102	11	102	4	109	0.03669724770642202
epi25_dee_ptv_fdr05	legacy_schema_fdr05	11	18	0	29	0.0
epi25_dee_ptv_fdr05	legacy_schema_sig	11	10	0	21	0.0
epi25_dee_ptv_fdr05	legacy_sfari_all	11	1267	8	1270	0.006299212598425197
epi25_dee_ptv_fdr05	legacy_sfari_hc	11	315	0	326	0.0
epi25_dee_ptv_fdr05	legacy_sfari_score1	11	244	8	247	0.032388663967611336
epi25_dee_ptv_fdr05	legacy_sfari_score12	11	952	8	955	0.008376963350785341
epi25_dee_ptv_fdr05	panelapp_epilepsy_all	11	914	11	914	0.012035010940919038
epi25_dee_ptv_fdr05	panelapp_epilepsy_green	11	632	11	632	0.01740506329113924
epi25_dee_ptv_fdr05	panelapp_intellectual_disability_all	11	2853	11	2853	0.00385559060637925
epi25_dee_ptv_fdr05	panelapp_intellectual_disability_green	11	1513	10	1514	0.0066050198150594455
epi25_dee_ptv_fdr05	schema_2022_exomewide_10	11	10	0	21	0.0
epi25_dee_ptv_fdr05	schema_phase2_2026-04-23_bonferroni	11	19	0	30	0.0
epi25_dee_ptv_fdr05	schema_phase2_2026-04-23_fdr05	11	51	1	61	0.01639344262295082
epi25_dee_ptv_fdr05	schema_phase2_2026-05-07_bonferroni	11	19	0	30	0.0
epi25_dee_ptv_fdr05	schema_phase2_2026-05-07_fdr05	11	51	1	61	0.01639344262295082
epi25_dee_ptv_fdr05	schema_phase2_2026-05-26_bonferroni	11	19	0	30	0.0
epi25_dee_ptv_fdr05	schema_phase2_2026-05-26_fdr05	11	50	1	60	0.016666666666666666
epi25_dee_ptv_fdr05	schema_phase2_2026-07-15_bonferroni	11	19	0	30	0.0
epi25_dee_ptv_fdr05	schema_phase2_2026-07-15_fdr05	11	50	1	60	0.016666666666666666
epi25_dee_ptv_fdr05	schema_phase2_2026-08-07_bonferroni	11	19	0	30	0.0
epi25_dee_ptv_fdr05	schema_phase2_2026-08-07_fdr05	11	50	1	60	0.016666666666666666
epi25_dee_ptv_fdr05	schema_phase2_2026-08-21_bonferroni	11	19	0	30	0.0
epi25_dee_ptv_fdr05	schema_phase2_2026-08-21_fdr05	11	50	1	60	0.016666666666666666
epi25_dee_ptv_fdr05	sfari_all_scored	11	1195	8	1198	0.00667779632721202
epi25_dee_ptv_fdr05	sfari_score_1	11	245	8	248	0.03225806451612903
epi25_dee_ptv_fdr05	sfari_score_2	11	712	0	723	0.0
epi25_dee_ptv_fdr05	sfari_score_3	11	238	0	249	0.0
epi25_dee_ptv_fdr05	sfari_syndromic	11	312	7	316	0.022151898734177215
epi25_epi_damaging_missense_bonferroni	bmi_exomewide_16	1	16	0	17	0.0
epi25_epi_damaging_missense_bonferroni	bmi_exomewide_negative	1	6	0	7	0.0
epi25_epi_damaging_missense_bonferroni	bmi_exomewide_positive	1	10	0	11	0.0
epi25_epi_damaging_missense_bonferroni	epi25_dee_damaging_missense_bonferroni	1	1	0	2	0.0
epi25_epi_damaging_missense_bonferroni	epi25_dee_damaging_missense_fdr05	1	3	0	4	0.0
epi25_epi_damaging_missense_bonferroni	epi25_dee_ptv_bonferroni	1	6	0	7	0.0
epi25_epi_damaging_missense_bonferroni	epi25_dee_ptv_fdr05	1	11	0	12	0.0
epi25_epi_damaging_missense_bonferroni	epi25_epi_damaging_missense_bonferroni	1	1	1	1	1.0
epi25_epi_damaging_missense_bonferroni	epi25_epi_damaging_missense_fdr05	1	1	1	1	1.0
epi25_epi_damaging_missense_bonferroni	epi25_epi_ptv_bonferroni	1	3	0	4	0.0
epi25_epi_damaging_missense_bonferroni	epi25_epi_ptv_fdr05	1	4	0	5	0.0
epi25_epi_damaging_missense_bonferroni	epi25_gge_damaging_missense_bonferroni	1	1	0	2	0.0
epi25_epi_damaging_missense_bonferroni	epi25_gge_damaging_missense_fdr05	1	1	0	2	0.0
epi25_epi_damaging_missense_bonferroni	epi25_gge_ptv_fdr05	1	3	0	4	0.0
epi25_epi_damaging_missense_bonferroni	epi25_nafe_ptv_bonferroni	1	2	0	3	0.0
epi25_epi_damaging_missense_bonferroni	epi25_nafe_ptv_fdr05	1	2	0	3	0.0
epi25_epi_damaging_missense_bonferroni	height_207_gene_p	1	207	0	208	0.0
epi25_epi_damaging_missense_bonferroni	height_singleton_plof	1	17	0	18	0.0
epi25_epi_damaging_missense_bonferroni	height_singleton_plof_negative	1	11	0	12	0.0
epi25_epi_damaging_missense_bonferroni	height_singleton_plof_positive	1	6	0	7	0.0
epi25_epi_damaging_missense_bonferroni	legacy_ddg2p_all	1	2530	1	2530	0.0003952569169960474
epi25_epi_damaging_missense_bonferroni	legacy_ddg2p_confident	1	1706	1	1706	0.0005861664712778429
epi25_epi_damaging_missense_bonferroni	legacy_fu_asd185	1	185	1	185	0.005405405405405406
epi25_epi_damaging_missense_bonferroni	legacy_fu_asd72	1	72	0	73	0.0
epi25_epi_damaging_missense_bonferroni	legacy_fu_dd309	1	309	1	309	0.003236245954692557
epi25_epi_damaging_missense_bonferroni	legacy_fu_dd477	1	477	1	477	0.0020964360587002098
epi25_epi_damaging_missense_bonferroni	legacy_fu_ndd373	1	373	1	373	0.002680965147453083
epi25_epi_damaging_missense_bonferroni	legacy_fu_ndd664	1	664	1	664	0.0015060240963855422
epi25_epi_damaging_missense_bonferroni	legacy_satterstrom102	1	102	1	102	0.00980392156862745
epi25_epi_damaging_missense_bonferroni	legacy_schema_fdr05	1	18	0	19	0.0
epi25_epi_damaging_missense_bonferroni	legacy_schema_sig	1	10	0	11	0.0
epi25_epi_damaging_missense_bonferroni	legacy_sfari_all	1	1267	1	1267	0.0007892659826361484
epi25_epi_damaging_missense_bonferroni	legacy_sfari_hc	1	315	0	316	0.0
epi25_epi_damaging_missense_bonferroni	legacy_sfari_score1	1	244	1	244	0.004098360655737705
epi25_epi_damaging_missense_bonferroni	legacy_sfari_score12	1	952	1	952	0.0010504201680672268
epi25_epi_damaging_missense_bonferroni	panelapp_epilepsy_all	1	914	1	914	0.0010940919037199124
epi25_epi_damaging_missense_bonferroni	panelapp_epilepsy_green	1	632	1	632	0.0015822784810126582
epi25_epi_damaging_missense_bonferroni	panelapp_intellectual_disability_all	1	2853	1	2853	0.0003505082369435682
epi25_epi_damaging_missense_bonferroni	panelapp_intellectual_disability_green	1	1513	1	1513	0.0006609385327164573
epi25_epi_damaging_missense_bonferroni	schema_2022_exomewide_10	1	10	0	11	0.0
epi25_epi_damaging_missense_bonferroni	schema_phase2_2026-04-23_bonferroni	1	19	0	20	0.0
epi25_epi_damaging_missense_bonferroni	schema_phase2_2026-04-23_fdr05	1	51	0	52	0.0
epi25_epi_damaging_missense_bonferroni	schema_phase2_2026-05-07_bonferroni	1	19	0	20	0.0
epi25_epi_damaging_missense_bonferroni	schema_phase2_2026-05-07_fdr05	1	51	0	52	0.0
epi25_epi_damaging_missense_bonferroni	schema_phase2_2026-05-26_bonferroni	1	19	0	20	0.0
epi25_epi_damaging_missense_bonferroni	schema_phase2_2026-05-26_fdr05	1	50	0	51	0.0
epi25_epi_damaging_missense_bonferroni	schema_phase2_2026-07-15_bonferroni	1	19	0	20	0.0
epi25_epi_damaging_missense_bonferroni	schema_phase2_2026-07-15_fdr05	1	50	0	51	0.0
epi25_epi_damaging_missense_bonferroni	schema_phase2_2026-08-07_bonferroni	1	19	0	20	0.0
epi25_epi_damaging_missense_bonferroni	schema_phase2_2026-08-07_fdr05	1	50	0	51	0.0
epi25_epi_damaging_missense_bonferroni	schema_phase2_2026-08-21_bonferroni	1	19	0	20	0.0
epi25_epi_damaging_missense_bonferroni	schema_phase2_2026-08-21_fdr05	1	50	0	51	0.0
epi25_epi_damaging_missense_bonferroni	sfari_all_scored	1	1195	1	1195	0.0008368200836820083
epi25_epi_damaging_missense_bonferroni	sfari_score_1	1	245	1	245	0.004081632653061225
epi25_epi_damaging_missense_bonferroni	sfari_score_2	1	712	0	713	0.0
epi25_epi_damaging_missense_bonferroni	sfari_score_3	1	238	0	239	0.0
epi25_epi_damaging_missense_bonferroni	sfari_syndromic	1	312	0	313	0.0
epi25_epi_damaging_missense_fdr05	bmi_exomewide_16	1	16	0	17	0.0
epi25_epi_damaging_missense_fdr05	bmi_exomewide_negative	1	6	0	7	0.0
epi25_epi_damaging_missense_fdr05	bmi_exomewide_positive	1	10	0	11	0.0
epi25_epi_damaging_missense_fdr05	epi25_dee_damaging_missense_bonferroni	1	1	0	2	0.0
epi25_epi_damaging_missense_fdr05	epi25_dee_damaging_missense_fdr05	1	3	0	4	0.0
epi25_epi_damaging_missense_fdr05	epi25_dee_ptv_bonferroni	1	6	0	7	0.0
epi25_epi_damaging_missense_fdr05	epi25_dee_ptv_fdr05	1	11	0	12	0.0
epi25_epi_damaging_missense_fdr05	epi25_epi_damaging_missense_bonferroni	1	1	1	1	1.0
epi25_epi_damaging_missense_fdr05	epi25_epi_damaging_missense_fdr05	1	1	1	1	1.0
epi25_epi_damaging_missense_fdr05	epi25_epi_ptv_bonferroni	1	3	0	4	0.0
epi25_epi_damaging_missense_fdr05	epi25_epi_ptv_fdr05	1	4	0	5	0.0
epi25_epi_damaging_missense_fdr05	epi25_gge_damaging_missense_bonferroni	1	1	0	2	0.0
epi25_epi_damaging_missense_fdr05	epi25_gge_damaging_missense_fdr05	1	1	0	2	0.0
epi25_epi_damaging_missense_fdr05	epi25_gge_ptv_fdr05	1	3	0	4	0.0
epi25_epi_damaging_missense_fdr05	epi25_nafe_ptv_bonferroni	1	2	0	3	0.0
epi25_epi_damaging_missense_fdr05	epi25_nafe_ptv_fdr05	1	2	0	3	0.0
epi25_epi_damaging_missense_fdr05	height_207_gene_p	1	207	0	208	0.0
epi25_epi_damaging_missense_fdr05	height_singleton_plof	1	17	0	18	0.0
epi25_epi_damaging_missense_fdr05	height_singleton_plof_negative	1	11	0	12	0.0
epi25_epi_damaging_missense_fdr05	height_singleton_plof_positive	1	6	0	7	0.0
epi25_epi_damaging_missense_fdr05	legacy_ddg2p_all	1	2530	1	2530	0.0003952569169960474
epi25_epi_damaging_missense_fdr05	legacy_ddg2p_confident	1	1706	1	1706	0.0005861664712778429
epi25_epi_damaging_missense_fdr05	legacy_fu_asd185	1	185	1	185	0.005405405405405406
epi25_epi_damaging_missense_fdr05	legacy_fu_asd72	1	72	0	73	0.0
epi25_epi_damaging_missense_fdr05	legacy_fu_dd309	1	309	1	309	0.003236245954692557
epi25_epi_damaging_missense_fdr05	legacy_fu_dd477	1	477	1	477	0.0020964360587002098
epi25_epi_damaging_missense_fdr05	legacy_fu_ndd373	1	373	1	373	0.002680965147453083
epi25_epi_damaging_missense_fdr05	legacy_fu_ndd664	1	664	1	664	0.0015060240963855422
epi25_epi_damaging_missense_fdr05	legacy_satterstrom102	1	102	1	102	0.00980392156862745
epi25_epi_damaging_missense_fdr05	legacy_schema_fdr05	1	18	0	19	0.0
epi25_epi_damaging_missense_fdr05	legacy_schema_sig	1	10	0	11	0.0
epi25_epi_damaging_missense_fdr05	legacy_sfari_all	1	1267	1	1267	0.0007892659826361484
epi25_epi_damaging_missense_fdr05	legacy_sfari_hc	1	315	0	316	0.0
epi25_epi_damaging_missense_fdr05	legacy_sfari_score1	1	244	1	244	0.004098360655737705
epi25_epi_damaging_missense_fdr05	legacy_sfari_score12	1	952	1	952	0.0010504201680672268
epi25_epi_damaging_missense_fdr05	panelapp_epilepsy_all	1	914	1	914	0.0010940919037199124
epi25_epi_damaging_missense_fdr05	panelapp_epilepsy_green	1	632	1	632	0.0015822784810126582
epi25_epi_damaging_missense_fdr05	panelapp_intellectual_disability_all	1	2853	1	2853	0.0003505082369435682
epi25_epi_damaging_missense_fdr05	panelapp_intellectual_disability_green	1	1513	1	1513	0.0006609385327164573
epi25_epi_damaging_missense_fdr05	schema_2022_exomewide_10	1	10	0	11	0.0
epi25_epi_damaging_missense_fdr05	schema_phase2_2026-04-23_bonferroni	1	19	0	20	0.0
epi25_epi_damaging_missense_fdr05	schema_phase2_2026-04-23_fdr05	1	51	0	52	0.0
epi25_epi_damaging_missense_fdr05	schema_phase2_2026-05-07_bonferroni	1	19	0	20	0.0
epi25_epi_damaging_missense_fdr05	schema_phase2_2026-05-07_fdr05	1	51	0	52	0.0
epi25_epi_damaging_missense_fdr05	schema_phase2_2026-05-26_bonferroni	1	19	0	20	0.0
epi25_epi_damaging_missense_fdr05	schema_phase2_2026-05-26_fdr05	1	50	0	51	0.0
epi25_epi_damaging_missense_fdr05	schema_phase2_2026-07-15_bonferroni	1	19	0	20	0.0
epi25_epi_damaging_missense_fdr05	schema_phase2_2026-07-15_fdr05	1	50	0	51	0.0
epi25_epi_damaging_missense_fdr05	schema_phase2_2026-08-07_bonferroni	1	19	0	20	0.0
epi25_epi_damaging_missense_fdr05	schema_phase2_2026-08-07_fdr05	1	50	0	51	0.0
epi25_epi_damaging_missense_fdr05	schema_phase2_2026-08-21_bonferroni	1	19	0	20	0.0
epi25_epi_damaging_missense_fdr05	schema_phase2_2026-08-21_fdr05	1	50	0	51	0.0
epi25_epi_damaging_missense_fdr05	sfari_all_scored	1	1195	1	1195	0.0008368200836820083
epi25_epi_damaging_missense_fdr05	sfari_score_1	1	245	1	245	0.004081632653061225
epi25_epi_damaging_missense_fdr05	sfari_score_2	1	712	0	713	0.0
epi25_epi_damaging_missense_fdr05	sfari_score_3	1	238	0	239	0.0
epi25_epi_damaging_missense_fdr05	sfari_syndromic	1	312	0	313	0.0
epi25_epi_ptv_bonferroni	bmi_exomewide_16	3	16	0	19	0.0
epi25_epi_ptv_bonferroni	bmi_exomewide_negative	3	6	0	9	0.0
epi25_epi_ptv_bonferroni	bmi_exomewide_positive	3	10	0	13	0.0
epi25_epi_ptv_bonferroni	epi25_dee_damaging_missense_bonferroni	3	1	0	4	0.0
epi25_epi_ptv_bonferroni	epi25_dee_damaging_missense_fdr05	3	3	1	5	0.2
epi25_epi_ptv_bonferroni	epi25_dee_ptv_bonferroni	3	6	2	7	0.2857142857142857
epi25_epi_ptv_bonferroni	epi25_dee_ptv_fdr05	3	11	2	12	0.16666666666666666
epi25_epi_ptv_bonferroni	epi25_epi_damaging_missense_bonferroni	3	1	0	4	0.0
epi25_epi_ptv_bonferroni	epi25_epi_damaging_missense_fdr05	3	1	0	4	0.0
epi25_epi_ptv_bonferroni	epi25_epi_ptv_bonferroni	3	3	3	3	1.0
epi25_epi_ptv_bonferroni	epi25_epi_ptv_fdr05	3	4	3	4	0.75
epi25_epi_ptv_bonferroni	epi25_gge_damaging_missense_bonferroni	3	1	0	4	0.0
epi25_epi_ptv_bonferroni	epi25_gge_damaging_missense_fdr05	3	1	0	4	0.0
epi25_epi_ptv_bonferroni	epi25_gge_ptv_fdr05	3	3	0	6	0.0
epi25_epi_ptv_bonferroni	epi25_nafe_ptv_bonferroni	3	2	1	4	0.25
epi25_epi_ptv_bonferroni	epi25_nafe_ptv_fdr05	3	2	1	4	0.25
epi25_epi_ptv_bonferroni	height_207_gene_p	3	207	0	210	0.0
epi25_epi_ptv_bonferroni	height_singleton_plof	3	17	0	20	0.0
epi25_epi_ptv_bonferroni	height_singleton_plof_negative	3	11	0	14	0.0
epi25_epi_ptv_bonferroni	height_singleton_plof_positive	3	6	0	9	0.0
epi25_epi_ptv_bonferroni	legacy_ddg2p_all	3	2530	3	2530	0.0011857707509881424
epi25_epi_ptv_bonferroni	legacy_ddg2p_confident	3	1706	3	1706	0.0017584994138335288
epi25_epi_ptv_bonferroni	legacy_fu_asd185	3	185	1	187	0.0053475935828877
epi25_epi_ptv_bonferroni	legacy_fu_asd72	3	72	1	74	0.013513513513513514
epi25_epi_ptv_bonferroni	legacy_fu_dd309	3	309	1	311	0.003215434083601286
epi25_epi_ptv_bonferroni	legacy_fu_dd477	3	477	1	479	0.0020876826722338203
epi25_epi_ptv_bonferroni	legacy_fu_ndd373	3	373	1	375	0.0026666666666666666
epi25_epi_ptv_bonferroni	legacy_fu_ndd664	3	664	1	666	0.0015015015015015015
epi25_epi_ptv_bonferroni	legacy_satterstrom102	3	102	1	104	0.009615384615384616
epi25_epi_ptv_bonferroni	legacy_schema_fdr05	3	18	0	21	0.0
epi25_epi_ptv_bonferroni	legacy_schema_sig	3	10	0	13	0.0
epi25_epi_ptv_bonferroni	legacy_sfari_all	3	1267	3	1267	0.0023677979479084454
epi25_epi_ptv_bonferroni	legacy_sfari_hc	3	315	0	318	0.0
epi25_epi_ptv_bonferroni	legacy_sfari_score1	3	244	2	245	0.00816326530612245
epi25_epi_ptv_bonferroni	legacy_sfari_score12	3	952	2	953	0.002098635886673662
epi25_epi_ptv_bonferroni	panelapp_epilepsy_all	3	914	3	914	0.0032822757111597373
epi25_epi_ptv_bonferroni	panelapp_epilepsy_green	3	632	3	632	0.004746835443037975
epi25_epi_ptv_bonferroni	panelapp_intellectual_disability_all	3	2853	3	2853	0.0010515247108307045
epi25_epi_ptv_bonferroni	panelapp_intellectual_disability_green	3	1513	3	1513	0.0019828155981493722
epi25_epi_ptv_bonferroni	schema_2022_exomewide_10	3	10	0	13	0.0
epi25_epi_ptv_bonferroni	schema_phase2_2026-04-23_bonferroni	3	19	0	22	0.0
epi25_epi_ptv_bonferroni	schema_phase2_2026-04-23_fdr05	3	51	0	54	0.0
epi25_epi_ptv_bonferroni	schema_phase2_2026-05-07_bonferroni	3	19	0	22	0.0
epi25_epi_ptv_bonferroni	schema_phase2_2026-05-07_fdr05	3	51	0	54	0.0
epi25_epi_ptv_bonferroni	schema_phase2_2026-05-26_bonferroni	3	19	0	22	0.0
epi25_epi_ptv_bonferroni	schema_phase2_2026-05-26_fdr05	3	50	0	53	0.0
epi25_epi_ptv_bonferroni	schema_phase2_2026-07-15_bonferroni	3	19	0	22	0.0
epi25_epi_ptv_bonferroni	schema_phase2_2026-07-15_fdr05	3	50	0	53	0.0
epi25_epi_ptv_bonferroni	schema_phase2_2026-08-07_bonferroni	3	19	0	22	0.0
epi25_epi_ptv_bonferroni	schema_phase2_2026-08-07_fdr05	3	50	0	53	0.0
epi25_epi_ptv_bonferroni	schema_phase2_2026-08-21_bonferroni	3	19	0	22	0.0
epi25_epi_ptv_bonferroni	schema_phase2_2026-08-21_fdr05	3	50	0	53	0.0
epi25_epi_ptv_bonferroni	sfari_all_scored	3	1195	2	1196	0.0016722408026755853
epi25_epi_ptv_bonferroni	sfari_score_1	3	245	2	246	0.008130081300813009
epi25_epi_ptv_bonferroni	sfari_score_2	3	712	0	715	0.0
epi25_epi_ptv_bonferroni	sfari_score_3	3	238	0	241	0.0
epi25_epi_ptv_bonferroni	sfari_syndromic	3	312	2	313	0.006389776357827476
epi25_epi_ptv_fdr05	bmi_exomewide_16	4	16	0	20	0.0
epi25_epi_ptv_fdr05	bmi_exomewide_negative	4	6	0	10	0.0
epi25_epi_ptv_fdr05	bmi_exomewide_positive	4	10	0	14	0.0
epi25_epi_ptv_fdr05	epi25_dee_damaging_missense_bonferroni	4	1	0	5	0.0
epi25_epi_ptv_fdr05	epi25_dee_damaging_missense_fdr05	4	3	1	6	0.16666666666666666
epi25_epi_ptv_fdr05	epi25_dee_ptv_bonferroni	4	6	2	8	0.25
epi25_epi_ptv_fdr05	epi25_dee_ptv_fdr05	4	11	2	13	0.15384615384615385
epi25_epi_ptv_fdr05	epi25_epi_damaging_missense_bonferroni	4	1	0	5	0.0
epi25_epi_ptv_fdr05	epi25_epi_damaging_missense_fdr05	4	1	0	5	0.0
epi25_epi_ptv_fdr05	epi25_epi_ptv_bonferroni	4	3	3	4	0.75
epi25_epi_ptv_fdr05	epi25_epi_ptv_fdr05	4	4	4	4	1.0
epi25_epi_ptv_fdr05	epi25_gge_damaging_missense_bonferroni	4	1	0	5	0.0
epi25_epi_ptv_fdr05	epi25_gge_damaging_missense_fdr05	4	1	0	5	0.0
epi25_epi_ptv_fdr05	epi25_gge_ptv_fdr05	4	3	0	7	0.0
epi25_epi_ptv_fdr05	epi25_nafe_ptv_bonferroni	4	2	2	4	0.5
epi25_epi_ptv_fdr05	epi25_nafe_ptv_fdr05	4	2	2	4	0.5
epi25_epi_ptv_fdr05	height_207_gene_p	4	207	0	211	0.0
epi25_epi_ptv_fdr05	height_singleton_plof	4	17	0	21	0.0
epi25_epi_ptv_fdr05	height_singleton_plof_negative	4	11	0	15	0.0
epi25_epi_ptv_fdr05	height_singleton_plof_positive	4	6	0	10	0.0
epi25_epi_ptv_fdr05	legacy_ddg2p_all	4	2530	4	2530	0.0015810276679841897
epi25_epi_ptv_fdr05	legacy_ddg2p_confident	4	1706	4	1706	0.0023446658851113715
epi25_epi_ptv_fdr05	legacy_fu_asd185	4	185	1	188	0.005319148936170213
epi25_epi_ptv_fdr05	legacy_fu_asd72	4	72	1	75	0.013333333333333334
epi25_epi_ptv_fdr05	legacy_fu_dd309	4	309	1	312	0.003205128205128205
epi25_epi_ptv_fdr05	legacy_fu_dd477	4	477	1	480	0.0020833333333333333
epi25_epi_ptv_fdr05	legacy_fu_ndd373	4	373	1	376	0.0026595744680851063
epi25_epi_ptv_fdr05	legacy_fu_ndd664	4	664	1	667	0.0014992503748125937
epi25_epi_ptv_fdr05	legacy_satterstrom102	4	102	1	105	0.009523809523809525
epi25_epi_ptv_fdr05	legacy_schema_fdr05	4	18	0	22	0.0
epi25_epi_ptv_fdr05	legacy_schema_sig	4	10	0	14	0.0
epi25_epi_ptv_fdr05	legacy_sfari_all	4	1267	3	1268	0.002365930599369085
epi25_epi_ptv_fdr05	legacy_sfari_hc	4	315	0	319	0.0
epi25_epi_ptv_fdr05	legacy_sfari_score1	4	244	2	246	0.008130081300813009
epi25_epi_ptv_fdr05	legacy_sfari_score12	4	952	2	954	0.0020964360587002098
epi25_epi_ptv_fdr05	panelapp_epilepsy_all	4	914	4	914	0.00437636761487965
epi25_epi_ptv_fdr05	panelapp_epilepsy_green	4	632	4	632	0.006329113924050633
epi25_epi_ptv_fdr05	panelapp_intellectual_disability_all	4	2853	3	2854	0.001051156271899089
epi25_epi_ptv_fdr05	panelapp_intellectual_disability_green	4	1513	3	1514	0.0019815059445178335
epi25_epi_ptv_fdr05	schema_2022_exomewide_10	4	10	0	14	0.0
epi25_epi_ptv_fdr05	schema_phase2_2026-04-23_bonferroni	4	19	0	23	0.0
epi25_epi_ptv_fdr05	schema_phase2_2026-04-23_fdr05	4	51	0	55	0.0
epi25_epi_ptv_fdr05	schema_phase2_2026-05-07_bonferroni	4	19	0	23	0.0
epi25_epi_ptv_fdr05	schema_phase2_2026-05-07_fdr05	4	51	0	55	0.0
epi25_epi_ptv_fdr05	schema_phase2_2026-05-26_bonferroni	4	19	0	23	0.0
epi25_epi_ptv_fdr05	schema_phase2_2026-05-26_fdr05	4	50	0	54	0.0
epi25_epi_ptv_fdr05	schema_phase2_2026-07-15_bonferroni	4	19	0	23	0.0
epi25_epi_ptv_fdr05	schema_phase2_2026-07-15_fdr05	4	50	0	54	0.0
epi25_epi_ptv_fdr05	schema_phase2_2026-08-07_bonferroni	4	19	0	23	0.0
epi25_epi_ptv_fdr05	schema_phase2_2026-08-07_fdr05	4	50	0	54	0.0
epi25_epi_ptv_fdr05	schema_phase2_2026-08-21_bonferroni	4	19	0	23	0.0
epi25_epi_ptv_fdr05	schema_phase2_2026-08-21_fdr05	4	50	0	54	0.0
epi25_epi_ptv_fdr05	sfari_all_scored	4	1195	2	1197	0.001670843776106934
epi25_epi_ptv_fdr05	sfari_score_1	4	245	2	247	0.008097165991902834
epi25_epi_ptv_fdr05	sfari_score_2	4	712	0	716	0.0
epi25_epi_ptv_fdr05	sfari_score_3	4	238	0	242	0.0
epi25_epi_ptv_fdr05	sfari_syndromic	4	312	2	314	0.006369426751592357
epi25_gge_damaging_missense_bonferroni	bmi_exomewide_16	1	16	0	17	0.0
epi25_gge_damaging_missense_bonferroni	bmi_exomewide_negative	1	6	0	7	0.0
epi25_gge_damaging_missense_bonferroni	bmi_exomewide_positive	1	10	0	11	0.0
epi25_gge_damaging_missense_bonferroni	epi25_dee_damaging_missense_bonferroni	1	1	0	2	0.0
epi25_gge_damaging_missense_bonferroni	epi25_dee_damaging_missense_fdr05	1	3	0	4	0.0
epi25_gge_damaging_missense_bonferroni	epi25_dee_ptv_bonferroni	1	6	0	7	0.0
epi25_gge_damaging_missense_bonferroni	epi25_dee_ptv_fdr05	1	11	0	12	0.0
epi25_gge_damaging_missense_bonferroni	epi25_epi_damaging_missense_bonferroni	1	1	0	2	0.0
epi25_gge_damaging_missense_bonferroni	epi25_epi_damaging_missense_fdr05	1	1	0	2	0.0
epi25_gge_damaging_missense_bonferroni	epi25_epi_ptv_bonferroni	1	3	0	4	0.0
epi25_gge_damaging_missense_bonferroni	epi25_epi_ptv_fdr05	1	4	0	5	0.0
epi25_gge_damaging_missense_bonferroni	epi25_gge_damaging_missense_bonferroni	1	1	1	1	1.0
epi25_gge_damaging_missense_bonferroni	epi25_gge_damaging_missense_fdr05	1	1	1	1	1.0
epi25_gge_damaging_missense_bonferroni	epi25_gge_ptv_fdr05	1	3	0	4	0.0
epi25_gge_damaging_missense_bonferroni	epi25_nafe_ptv_bonferroni	1	2	0	3	0.0
epi25_gge_damaging_missense_bonferroni	epi25_nafe_ptv_fdr05	1	2	0	3	0.0
epi25_gge_damaging_missense_bonferroni	height_207_gene_p	1	207	0	208	0.0
epi25_gge_damaging_missense_bonferroni	height_singleton_plof	1	17	0	18	0.0
epi25_gge_damaging_missense_bonferroni	height_singleton_plof_negative	1	11	0	12	0.0
epi25_gge_damaging_missense_bonferroni	height_singleton_plof_positive	1	6	0	7	0.0
epi25_gge_damaging_missense_bonferroni	legacy_ddg2p_all	1	2530	1	2530	0.0003952569169960474
epi25_gge_damaging_missense_bonferroni	legacy_ddg2p_confident	1	1706	1	1706	0.0005861664712778429
epi25_gge_damaging_missense_bonferroni	legacy_fu_asd185	1	185	1	185	0.005405405405405406
epi25_gge_damaging_missense_bonferroni	legacy_fu_asd72	1	72	1	72	0.013888888888888888
epi25_gge_damaging_missense_bonferroni	legacy_fu_dd309	1	309	1	309	0.003236245954692557
epi25_gge_damaging_missense_bonferroni	legacy_fu_dd477	1	477	1	477	0.0020964360587002098
epi25_gge_damaging_missense_bonferroni	legacy_fu_ndd373	1	373	1	373	0.002680965147453083
epi25_gge_damaging_missense_bonferroni	legacy_fu_ndd664	1	664	1	664	0.0015060240963855422
epi25_gge_damaging_missense_bonferroni	legacy_satterstrom102	1	102	1	102	0.00980392156862745
epi25_gge_damaging_missense_bonferroni	legacy_schema_fdr05	1	18	1	18	0.05555555555555555
epi25_gge_damaging_missense_bonferroni	legacy_schema_sig	1	10	0	11	0.0
epi25_gge_damaging_missense_bonferroni	legacy_sfari_all	1	1267	1	1267	0.0007892659826361484
epi25_gge_damaging_missense_bonferroni	legacy_sfari_hc	1	315	0	316	0.0
epi25_gge_damaging_missense_bonferroni	legacy_sfari_score1	1	244	1	244	0.004098360655737705
epi25_gge_damaging_missense_bonferroni	legacy_sfari_score12	1	952	1	952	0.0010504201680672268
epi25_gge_damaging_missense_bonferroni	panelapp_epilepsy_all	1	914	1	914	0.0010940919037199124
epi25_gge_damaging_missense_bonferroni	panelapp_epilepsy_green	1	632	1	632	0.0015822784810126582
epi25_gge_damaging_missense_bonferroni	panelapp_intellectual_disability_all	1	2853	1	2853	0.0003505082369435682
epi25_gge_damaging_missense_bonferroni	panelapp_intellectual_disability_green	1	1513	1	1513	0.0006609385327164573
epi25_gge_damaging_missense_bonferroni	schema_2022_exomewide_10	1	10	0	11	0.0
epi25_gge_damaging_missense_bonferroni	schema_phase2_2026-04-23_bonferroni	1	19	0	20	0.0
epi25_gge_damaging_missense_bonferroni	schema_phase2_2026-04-23_fdr05	1	51	0	52	0.0
epi25_gge_damaging_missense_bonferroni	schema_phase2_2026-05-07_bonferroni	1	19	0	20	0.0
epi25_gge_damaging_missense_bonferroni	schema_phase2_2026-05-07_fdr05	1	51	0	52	0.0
epi25_gge_damaging_missense_bonferroni	schema_phase2_2026-05-26_bonferroni	1	19	0	20	0.0
epi25_gge_damaging_missense_bonferroni	schema_phase2_2026-05-26_fdr05	1	50	0	51	0.0
epi25_gge_damaging_missense_bonferroni	schema_phase2_2026-07-15_bonferroni	1	19	0	20	0.0
epi25_gge_damaging_missense_bonferroni	schema_phase2_2026-07-15_fdr05	1	50	0	51	0.0
epi25_gge_damaging_missense_bonferroni	schema_phase2_2026-08-07_bonferroni	1	19	0	20	0.0
epi25_gge_damaging_missense_bonferroni	schema_phase2_2026-08-07_fdr05	1	50	0	51	0.0
epi25_gge_damaging_missense_bonferroni	schema_phase2_2026-08-21_bonferroni	1	19	0	20	0.0
epi25_gge_damaging_missense_bonferroni	schema_phase2_2026-08-21_fdr05	1	50	0	51	0.0
epi25_gge_damaging_missense_bonferroni	sfari_all_scored	1	1195	1	1195	0.0008368200836820083
epi25_gge_damaging_missense_bonferroni	sfari_score_1	1	245	1	245	0.004081632653061225
epi25_gge_damaging_missense_bonferroni	sfari_score_2	1	712	0	713	0.0
epi25_gge_damaging_missense_bonferroni	sfari_score_3	1	238	0	239	0.0
epi25_gge_damaging_missense_bonferroni	sfari_syndromic	1	312	1	312	0.003205128205128205
epi25_gge_damaging_missense_fdr05	bmi_exomewide_16	1	16	0	17	0.0
epi25_gge_damaging_missense_fdr05	bmi_exomewide_negative	1	6	0	7	0.0
epi25_gge_damaging_missense_fdr05	bmi_exomewide_positive	1	10	0	11	0.0
epi25_gge_damaging_missense_fdr05	epi25_dee_damaging_missense_bonferroni	1	1	0	2	0.0
epi25_gge_damaging_missense_fdr05	epi25_dee_damaging_missense_fdr05	1	3	0	4	0.0
epi25_gge_damaging_missense_fdr05	epi25_dee_ptv_bonferroni	1	6	0	7	0.0
epi25_gge_damaging_missense_fdr05	epi25_dee_ptv_fdr05	1	11	0	12	0.0
epi25_gge_damaging_missense_fdr05	epi25_epi_damaging_missense_bonferroni	1	1	0	2	0.0
epi25_gge_damaging_missense_fdr05	epi25_epi_damaging_missense_fdr05	1	1	0	2	0.0
epi25_gge_damaging_missense_fdr05	epi25_epi_ptv_bonferroni	1	3	0	4	0.0
epi25_gge_damaging_missense_fdr05	epi25_epi_ptv_fdr05	1	4	0	5	0.0
epi25_gge_damaging_missense_fdr05	epi25_gge_damaging_missense_bonferroni	1	1	1	1	1.0
epi25_gge_damaging_missense_fdr05	epi25_gge_damaging_missense_fdr05	1	1	1	1	1.0
epi25_gge_damaging_missense_fdr05	epi25_gge_ptv_fdr05	1	3	0	4	0.0
epi25_gge_damaging_missense_fdr05	epi25_nafe_ptv_bonferroni	1	2	0	3	0.0
epi25_gge_damaging_missense_fdr05	epi25_nafe_ptv_fdr05	1	2	0	3	0.0
epi25_gge_damaging_missense_fdr05	height_207_gene_p	1	207	0	208	0.0
epi25_gge_damaging_missense_fdr05	height_singleton_plof	1	17	0	18	0.0
epi25_gge_damaging_missense_fdr05	height_singleton_plof_negative	1	11	0	12	0.0
epi25_gge_damaging_missense_fdr05	height_singleton_plof_positive	1	6	0	7	0.0
epi25_gge_damaging_missense_fdr05	legacy_ddg2p_all	1	2530	1	2530	0.0003952569169960474
epi25_gge_damaging_missense_fdr05	legacy_ddg2p_confident	1	1706	1	1706	0.0005861664712778429
epi25_gge_damaging_missense_fdr05	legacy_fu_asd185	1	185	1	185	0.005405405405405406
epi25_gge_damaging_missense_fdr05	legacy_fu_asd72	1	72	1	72	0.013888888888888888
epi25_gge_damaging_missense_fdr05	legacy_fu_dd309	1	309	1	309	0.003236245954692557
epi25_gge_damaging_missense_fdr05	legacy_fu_dd477	1	477	1	477	0.0020964360587002098
epi25_gge_damaging_missense_fdr05	legacy_fu_ndd373	1	373	1	373	0.002680965147453083
epi25_gge_damaging_missense_fdr05	legacy_fu_ndd664	1	664	1	664	0.0015060240963855422
epi25_gge_damaging_missense_fdr05	legacy_satterstrom102	1	102	1	102	0.00980392156862745
epi25_gge_damaging_missense_fdr05	legacy_schema_fdr05	1	18	1	18	0.05555555555555555
epi25_gge_damaging_missense_fdr05	legacy_schema_sig	1	10	0	11	0.0
epi25_gge_damaging_missense_fdr05	legacy_sfari_all	1	1267	1	1267	0.0007892659826361484
epi25_gge_damaging_missense_fdr05	legacy_sfari_hc	1	315	0	316	0.0
epi25_gge_damaging_missense_fdr05	legacy_sfari_score1	1	244	1	244	0.004098360655737705
epi25_gge_damaging_missense_fdr05	legacy_sfari_score12	1	952	1	952	0.0010504201680672268
epi25_gge_damaging_missense_fdr05	panelapp_epilepsy_all	1	914	1	914	0.0010940919037199124
epi25_gge_damaging_missense_fdr05	panelapp_epilepsy_green	1	632	1	632	0.0015822784810126582
epi25_gge_damaging_missense_fdr05	panelapp_intellectual_disability_all	1	2853	1	2853	0.0003505082369435682
epi25_gge_damaging_missense_fdr05	panelapp_intellectual_disability_green	1	1513	1	1513	0.0006609385327164573
epi25_gge_damaging_missense_fdr05	schema_2022_exomewide_10	1	10	0	11	0.0
epi25_gge_damaging_missense_fdr05	schema_phase2_2026-04-23_bonferroni	1	19	0	20	0.0
epi25_gge_damaging_missense_fdr05	schema_phase2_2026-04-23_fdr05	1	51	0	52	0.0
epi25_gge_damaging_missense_fdr05	schema_phase2_2026-05-07_bonferroni	1	19	0	20	0.0
epi25_gge_damaging_missense_fdr05	schema_phase2_2026-05-07_fdr05	1	51	0	52	0.0
epi25_gge_damaging_missense_fdr05	schema_phase2_2026-05-26_bonferroni	1	19	0	20	0.0
epi25_gge_damaging_missense_fdr05	schema_phase2_2026-05-26_fdr05	1	50	0	51	0.0
epi25_gge_damaging_missense_fdr05	schema_phase2_2026-07-15_bonferroni	1	19	0	20	0.0
epi25_gge_damaging_missense_fdr05	schema_phase2_2026-07-15_fdr05	1	50	0	51	0.0
epi25_gge_damaging_missense_fdr05	schema_phase2_2026-08-07_bonferroni	1	19	0	20	0.0
epi25_gge_damaging_missense_fdr05	schema_phase2_2026-08-07_fdr05	1	50	0	51	0.0
epi25_gge_damaging_missense_fdr05	schema_phase2_2026-08-21_bonferroni	1	19	0	20	0.0
epi25_gge_damaging_missense_fdr05	schema_phase2_2026-08-21_fdr05	1	50	0	51	0.0
epi25_gge_damaging_missense_fdr05	sfari_all_scored	1	1195	1	1195	0.0008368200836820083
epi25_gge_damaging_missense_fdr05	sfari_score_1	1	245	1	245	0.004081632653061225
epi25_gge_damaging_missense_fdr05	sfari_score_2	1	712	0	713	0.0
epi25_gge_damaging_missense_fdr05	sfari_score_3	1	238	0	239	0.0
epi25_gge_damaging_missense_fdr05	sfari_syndromic	1	312	1	312	0.003205128205128205
epi25_gge_ptv_fdr05	bmi_exomewide_16	3	16	0	19	0.0
epi25_gge_ptv_fdr05	bmi_exomewide_negative	3	6	0	9	0.0
epi25_gge_ptv_fdr05	bmi_exomewide_positive	3	10	0	13	0.0
epi25_gge_ptv_fdr05	epi25_dee_damaging_missense_bonferroni	3	1	0	4	0.0
epi25_gge_ptv_fdr05	epi25_dee_damaging_missense_fdr05	3	3	0	6	0.0
epi25_gge_ptv_fdr05	epi25_dee_ptv_bonferroni	3	6	0	9	0.0
epi25_gge_ptv_fdr05	epi25_dee_ptv_fdr05	3	11	0	14	0.0
epi25_gge_ptv_fdr05	epi25_epi_damaging_missense_bonferroni	3	1	0	4	0.0
epi25_gge_ptv_fdr05	epi25_epi_damaging_missense_fdr05	3	1	0	4	0.0
epi25_gge_ptv_fdr05	epi25_epi_ptv_bonferroni	3	3	0	6	0.0
epi25_gge_ptv_fdr05	epi25_epi_ptv_fdr05	3	4	0	7	0.0
epi25_gge_ptv_fdr05	epi25_gge_damaging_missense_bonferroni	3	1	0	4	0.0
epi25_gge_ptv_fdr05	epi25_gge_damaging_missense_fdr05	3	1	0	4	0.0
epi25_gge_ptv_fdr05	epi25_gge_ptv_fdr05	3	3	3	3	1.0
epi25_gge_ptv_fdr05	epi25_nafe_ptv_bonferroni	3	2	0	5	0.0
epi25_gge_ptv_fdr05	epi25_nafe_ptv_fdr05	3	2	0	5	0.0
epi25_gge_ptv_fdr05	height_207_gene_p	3	207	0	210	0.0
epi25_gge_ptv_fdr05	height_singleton_plof	3	17	0	20	0.0
epi25_gge_ptv_fdr05	height_singleton_plof_negative	3	11	0	14	0.0
epi25_gge_ptv_fdr05	height_singleton_plof_positive	3	6	0	9	0.0
epi25_gge_ptv_fdr05	legacy_ddg2p_all	3	2530	2	2531	0.0007902015013828526
epi25_gge_ptv_fdr05	legacy_ddg2p_confident	3	1706	0	1709	0.0
epi25_gge_ptv_fdr05	legacy_fu_asd185	3	185	0	188	0.0
epi25_gge_ptv_fdr05	legacy_fu_asd72	3	72	0	75	0.0
epi25_gge_ptv_fdr05	legacy_fu_dd309	3	309	2	310	0.0064516129032258064
epi25_gge_ptv_fdr05	legacy_fu_dd477	3	477	2	478	0.0041841004184100415
epi25_gge_ptv_fdr05	legacy_fu_ndd373	3	373	2	374	0.0053475935828877
epi25_gge_ptv_fdr05	legacy_fu_ndd664	3	664	2	665	0.0030075187969924814
epi25_gge_ptv_fdr05	legacy_satterstrom102	3	102	0	105	0.0
epi25_gge_ptv_fdr05	legacy_schema_fdr05	3	18	0	21	0.0
epi25_gge_ptv_fdr05	legacy_schema_sig	3	10	0	13	0.0
epi25_gge_ptv_fdr05	legacy_sfari_all	3	1267	1	1269	0.0007880220646178094
epi25_gge_ptv_fdr05	legacy_sfari_hc	3	315	0	318	0.0
epi25_gge_ptv_fdr05	legacy_sfari_score1	3	244	0	247	0.0
epi25_gge_ptv_fdr05	legacy_sfari_score12	3	952	1	954	0.0010482180293501049
epi25_gge_ptv_fdr05	panelapp_epilepsy_all	3	914	2	915	0.002185792349726776
epi25_gge_ptv_fdr05	panelapp_epilepsy_green	3	632	1	634	0.0015772870662460567
epi25_gge_ptv_fdr05	panelapp_intellectual_disability_all	3	2853	2	2854	0.000700770847932726
epi25_gge_ptv_fdr05	panelapp_intellectual_disability_green	3	1513	1	1515	0.0006600660066006601
epi25_gge_ptv_fdr05	schema_2022_exomewide_10	3	10	0	13	0.0
epi25_gge_ptv_fdr05	schema_phase2_2026-04-23_bonferroni	3	19	0	22	0.0
epi25_gge_ptv_fdr05	schema_phase2_2026-04-23_fdr05	3	51	0	54	0.0
epi25_gge_ptv_fdr05	schema_phase2_2026-05-07_bonferroni	3	19	0	22	0.0
epi25_gge_ptv_fdr05	schema_phase2_2026-05-07_fdr05	3	51	0	54	0.0
epi25_gge_ptv_fdr05	schema_phase2_2026-05-26_bonferroni	3	19	0	22	0.0
epi25_gge_ptv_fdr05	schema_phase2_2026-05-26_fdr05	3	50	0	53	0.0
epi25_gge_ptv_fdr05	schema_phase2_2026-07-15_bonferroni	3	19	0	22	0.0
epi25_gge_ptv_fdr05	schema_phase2_2026-07-15_fdr05	3	50	0	53	0.0
epi25_gge_ptv_fdr05	schema_phase2_2026-08-07_bonferroni	3	19	0	22	0.0
epi25_gge_ptv_fdr05	schema_phase2_2026-08-07_fdr05	3	50	0	53	0.0
epi25_gge_ptv_fdr05	schema_phase2_2026-08-21_bonferroni	3	19	0	22	0.0
epi25_gge_ptv_fdr05	schema_phase2_2026-08-21_fdr05	3	50	0	53	0.0
epi25_gge_ptv_fdr05	sfari_all_scored	3	1195	1	1197	0.000835421888053467
epi25_gge_ptv_fdr05	sfari_score_1	3	245	0	248	0.0
epi25_gge_ptv_fdr05	sfari_score_2	3	712	1	714	0.0014005602240896359
epi25_gge_ptv_fdr05	sfari_score_3	3	238	0	241	0.0
epi25_gge_ptv_fdr05	sfari_syndromic	3	312	1	314	0.0031847133757961785
epi25_nafe_ptv_bonferroni	bmi_exomewide_16	2	16	0	18	0.0
epi25_nafe_ptv_bonferroni	bmi_exomewide_negative	2	6	0	8	0.0
epi25_nafe_ptv_bonferroni	bmi_exomewide_positive	2	10	0	12	0.0
epi25_nafe_ptv_bonferroni	epi25_dee_damaging_missense_bonferroni	2	1	0	3	0.0
epi25_nafe_ptv_bonferroni	epi25_dee_damaging_missense_fdr05	2	3	0	5	0.0
epi25_nafe_ptv_bonferroni	epi25_dee_ptv_bonferroni	2	6	0	8	0.0
epi25_nafe_ptv_bonferroni	epi25_dee_ptv_fdr05	2	11	0	13	0.0
epi25_nafe_ptv_bonferroni	epi25_epi_damaging_missense_bonferroni	2	1	0	3	0.0
epi25_nafe_ptv_bonferroni	epi25_epi_damaging_missense_fdr05	2	1	0	3	0.0
epi25_nafe_ptv_bonferroni	epi25_epi_ptv_bonferroni	2	3	1	4	0.25
epi25_nafe_ptv_bonferroni	epi25_epi_ptv_fdr05	2	4	2	4	0.5
epi25_nafe_ptv_bonferroni	epi25_gge_damaging_missense_bonferroni	2	1	0	3	0.0
epi25_nafe_ptv_bonferroni	epi25_gge_damaging_missense_fdr05	2	1	0	3	0.0
epi25_nafe_ptv_bonferroni	epi25_gge_ptv_fdr05	2	3	0	5	0.0
epi25_nafe_ptv_bonferroni	epi25_nafe_ptv_bonferroni	2	2	2	2	1.0
epi25_nafe_ptv_bonferroni	epi25_nafe_ptv_fdr05	2	2	2	2	1.0
epi25_nafe_ptv_bonferroni	height_207_gene_p	2	207	0	209	0.0
epi25_nafe_ptv_bonferroni	height_singleton_plof	2	17	0	19	0.0
epi25_nafe_ptv_bonferroni	height_singleton_plof_negative	2	11	0	13	0.0
epi25_nafe_ptv_bonferroni	height_singleton_plof_positive	2	6	0	8	0.0
epi25_nafe_ptv_bonferroni	legacy_ddg2p_all	2	2530	2	2530	0.0007905138339920949
epi25_nafe_ptv_bonferroni	legacy_ddg2p_confident	2	1706	2	1706	0.0011723329425556857
epi25_nafe_ptv_bonferroni	legacy_fu_asd185	2	185	0	187	0.0
epi25_nafe_ptv_bonferroni	legacy_fu_asd72	2	72	0	74	0.0
epi25_nafe_ptv_bonferroni	legacy_fu_dd309	2	309	0	311	0.0
epi25_nafe_ptv_bonferroni	legacy_fu_dd477	2	477	0	479	0.0
epi25_nafe_ptv_bonferroni	legacy_fu_ndd373	2	373	0	375	0.0
epi25_nafe_ptv_bonferroni	legacy_fu_ndd664	2	664	0	666	0.0
epi25_nafe_ptv_bonferroni	legacy_satterstrom102	2	102	0	104	0.0
epi25_nafe_ptv_bonferroni	legacy_schema_fdr05	2	18	0	20	0.0
epi25_nafe_ptv_bonferroni	legacy_schema_sig	2	10	0	12	0.0
epi25_nafe_ptv_bonferroni	legacy_sfari_all	2	1267	1	1268	0.0007886435331230284
epi25_nafe_ptv_bonferroni	legacy_sfari_hc	2	315	0	317	0.0
epi25_nafe_ptv_bonferroni	legacy_sfari_score1	2	244	0	246	0.0
epi25_nafe_ptv_bonferroni	legacy_sfari_score12	2	952	0	954	0.0
epi25_nafe_ptv_bonferroni	panelapp_epilepsy_all	2	914	2	914	0.002188183807439825
epi25_nafe_ptv_bonferroni	panelapp_epilepsy_green	2	632	2	632	0.0031645569620253164
epi25_nafe_ptv_bonferroni	panelapp_intellectual_disability_all	2	2853	1	2854	0.000350385423966363
epi25_nafe_ptv_bonferroni	panelapp_intellectual_disability_green	2	1513	1	1514	0.0006605019815059445
epi25_nafe_ptv_bonferroni	schema_2022_exomewide_10	2	10	0	12	0.0
epi25_nafe_ptv_bonferroni	schema_phase2_2026-04-23_bonferroni	2	19	0	21	0.0
epi25_nafe_ptv_bonferroni	schema_phase2_2026-04-23_fdr05	2	51	0	53	0.0
epi25_nafe_ptv_bonferroni	schema_phase2_2026-05-07_bonferroni	2	19	0	21	0.0
epi25_nafe_ptv_bonferroni	schema_phase2_2026-05-07_fdr05	2	51	0	53	0.0
epi25_nafe_ptv_bonferroni	schema_phase2_2026-05-26_bonferroni	2	19	0	21	0.0
epi25_nafe_ptv_bonferroni	schema_phase2_2026-05-26_fdr05	2	50	0	52	0.0
epi25_nafe_ptv_bonferroni	schema_phase2_2026-07-15_bonferroni	2	19	0	21	0.0
epi25_nafe_ptv_bonferroni	schema_phase2_2026-07-15_fdr05	2	50	0	52	0.0
epi25_nafe_ptv_bonferroni	schema_phase2_2026-08-07_bonferroni	2	19	0	21	0.0
epi25_nafe_ptv_bonferroni	schema_phase2_2026-08-07_fdr05	2	50	0	52	0.0
epi25_nafe_ptv_bonferroni	schema_phase2_2026-08-21_bonferroni	2	19	0	21	0.0
epi25_nafe_ptv_bonferroni	schema_phase2_2026-08-21_fdr05	2	50	0	52	0.0
epi25_nafe_ptv_bonferroni	sfari_all_scored	2	1195	0	1197	0.0
epi25_nafe_ptv_bonferroni	sfari_score_1	2	245	0	247	0.0
epi25_nafe_ptv_bonferroni	sfari_score_2	2	712	0	714	0.0
epi25_nafe_ptv_bonferroni	sfari_score_3	2	238	0	240	0.0
epi25_nafe_ptv_bonferroni	sfari_syndromic	2	312	1	313	0.003194888178913738
epi25_nafe_ptv_fdr05	bmi_exomewide_16	2	16	0	18	0.0
epi25_nafe_ptv_fdr05	bmi_exomewide_negative	2	6	0	8	0.0
epi25_nafe_ptv_fdr05	bmi_exomewide_positive	2	10	0	12	0.0
epi25_nafe_ptv_fdr05	epi25_dee_damaging_missense_bonferroni	2	1	0	3	0.0
epi25_nafe_ptv_fdr05	epi25_dee_damaging_missense_fdr05	2	3	0	5	0.0
epi25_nafe_ptv_fdr05	epi25_dee_ptv_bonferroni	2	6	0	8	0.0
epi25_nafe_ptv_fdr05	epi25_dee_ptv_fdr05	2	11	0	13	0.0
epi25_nafe_ptv_fdr05	epi25_epi_damaging_missense_bonferroni	2	1	0	3	0.0
epi25_nafe_ptv_fdr05	epi25_epi_damaging_missense_fdr05	2	1	0	3	0.0
epi25_nafe_ptv_fdr05	epi25_epi_ptv_bonferroni	2	3	1	4	0.25
epi25_nafe_ptv_fdr05	epi25_epi_ptv_fdr05	2	4	2	4	0.5
epi25_nafe_ptv_fdr05	epi25_gge_damaging_missense_bonferroni	2	1	0	3	0.0
epi25_nafe_ptv_fdr05	epi25_gge_damaging_missense_fdr05	2	1	0	3	0.0
epi25_nafe_ptv_fdr05	epi25_gge_ptv_fdr05	2	3	0	5	0.0
epi25_nafe_ptv_fdr05	epi25_nafe_ptv_bonferroni	2	2	2	2	1.0
epi25_nafe_ptv_fdr05	epi25_nafe_ptv_fdr05	2	2	2	2	1.0
epi25_nafe_ptv_fdr05	height_207_gene_p	2	207	0	209	0.0
epi25_nafe_ptv_fdr05	height_singleton_plof	2	17	0	19	0.0
epi25_nafe_ptv_fdr05	height_singleton_plof_negative	2	11	0	13	0.0
epi25_nafe_ptv_fdr05	height_singleton_plof_positive	2	6	0	8	0.0
epi25_nafe_ptv_fdr05	legacy_ddg2p_all	2	2530	2	2530	0.0007905138339920949
epi25_nafe_ptv_fdr05	legacy_ddg2p_confident	2	1706	2	1706	0.0011723329425556857
epi25_nafe_ptv_fdr05	legacy_fu_asd185	2	185	0	187	0.0
epi25_nafe_ptv_fdr05	legacy_fu_asd72	2	72	0	74	0.0
epi25_nafe_ptv_fdr05	legacy_fu_dd309	2	309	0	311	0.0
epi25_nafe_ptv_fdr05	legacy_fu_dd477	2	477	0	479	0.0
epi25_nafe_ptv_fdr05	legacy_fu_ndd373	2	373	0	375	0.0
epi25_nafe_ptv_fdr05	legacy_fu_ndd664	2	664	0	666	0.0
epi25_nafe_ptv_fdr05	legacy_satterstrom102	2	102	0	104	0.0
epi25_nafe_ptv_fdr05	legacy_schema_fdr05	2	18	0	20	0.0
epi25_nafe_ptv_fdr05	legacy_schema_sig	2	10	0	12	0.0
epi25_nafe_ptv_fdr05	legacy_sfari_all	2	1267	1	1268	0.0007886435331230284
epi25_nafe_ptv_fdr05	legacy_sfari_hc	2	315	0	317	0.0
epi25_nafe_ptv_fdr05	legacy_sfari_score1	2	244	0	246	0.0
epi25_nafe_ptv_fdr05	legacy_sfari_score12	2	952	0	954	0.0
epi25_nafe_ptv_fdr05	panelapp_epilepsy_all	2	914	2	914	0.002188183807439825
epi25_nafe_ptv_fdr05	panelapp_epilepsy_green	2	632	2	632	0.0031645569620253164
epi25_nafe_ptv_fdr05	panelapp_intellectual_disability_all	2	2853	1	2854	0.000350385423966363
epi25_nafe_ptv_fdr05	panelapp_intellectual_disability_green	2	1513	1	1514	0.0006605019815059445
epi25_nafe_ptv_fdr05	schema_2022_exomewide_10	2	10	0	12	0.0
epi25_nafe_ptv_fdr05	schema_phase2_2026-04-23_bonferroni	2	19	0	21	0.0
epi25_nafe_ptv_fdr05	schema_phase2_2026-04-23_fdr05	2	51	0	53	0.0
epi25_nafe_ptv_fdr05	schema_phase2_2026-05-07_bonferroni	2	19	0	21	0.0
epi25_nafe_ptv_fdr05	schema_phase2_2026-05-07_fdr05	2	51	0	53	0.0
epi25_nafe_ptv_fdr05	schema_phase2_2026-05-26_bonferroni	2	19	0	21	0.0
epi25_nafe_ptv_fdr05	schema_phase2_2026-05-26_fdr05	2	50	0	52	0.0
epi25_nafe_ptv_fdr05	schema_phase2_2026-07-15_bonferroni	2	19	0	21	0.0
epi25_nafe_ptv_fdr05	schema_phase2_2026-07-15_fdr05	2	50	0	52	0.0
epi25_nafe_ptv_fdr05	schema_phase2_2026-08-07_bonferroni	2	19	0	21	0.0
epi25_nafe_ptv_fdr05	schema_phase2_2026-08-07_fdr05	2	50	0	52	0.0
epi25_nafe_ptv_fdr05	schema_phase2_2026-08-21_bonferroni	2	19	0	21	0.0
epi25_nafe_ptv_fdr05	schema_phase2_2026-08-21_fdr05	2	50	0	52	0.0
epi25_nafe_ptv_fdr05	sfari_all_scored	2	1195	0	1197	0.0
epi25_nafe_ptv_fdr05	sfari_score_1	2	245	0	247	0.0
epi25_nafe_ptv_fdr05	sfari_score_2	2	712	0	714	0.0
epi25_nafe_ptv_fdr05	sfari_score_3	2	238	0	240	0.0
epi25_nafe_ptv_fdr05	sfari_syndromic	2	312	1	313	0.003194888178913738
height_207_gene_p	bmi_exomewide_16	207	16	2	221	0.00904977375565611
height_207_gene_p	bmi_exomewide_negative	207	6	1	212	0.0047169811320754715
height_207_gene_p	bmi_exomewide_positive	207	10	1	216	0.004629629629629629
height_207_gene_p	epi25_dee_damaging_missense_bonferroni	207	1	0	208	0.0
height_207_gene_p	epi25_dee_damaging_missense_fdr05	207	3	0	210	0.0
height_207_gene_p	epi25_dee_ptv_bonferroni	207	6	1	212	0.0047169811320754715
height_207_gene_p	epi25_dee_ptv_fdr05	207	11	1	217	0.004608294930875576
height_207_gene_p	epi25_epi_damaging_missense_bonferroni	207	1	0	208	0.0
height_207_gene_p	epi25_epi_damaging_missense_fdr05	207	1	0	208	0.0
height_207_gene_p	epi25_epi_ptv_bonferroni	207	3	0	210	0.0
height_207_gene_p	epi25_epi_ptv_fdr05	207	4	0	211	0.0
height_207_gene_p	epi25_gge_damaging_missense_bonferroni	207	1	0	208	0.0
height_207_gene_p	epi25_gge_damaging_missense_fdr05	207	1	0	208	0.0
height_207_gene_p	epi25_gge_ptv_fdr05	207	3	0	210	0.0
height_207_gene_p	epi25_nafe_ptv_bonferroni	207	2	0	209	0.0
height_207_gene_p	epi25_nafe_ptv_fdr05	207	2	0	209	0.0
height_207_gene_p	height_207_gene_p	207	207	207	207	1.0
height_207_gene_p	height_singleton_plof	207	17	17	207	0.0821256038647343
height_207_gene_p	height_singleton_plof_negative	207	11	11	207	0.05314009661835749
height_207_gene_p	height_singleton_plof_positive	207	6	6	207	0.028985507246376812
height_207_gene_p	legacy_ddg2p_all	207	2530	63	2674	0.02356020942408377
height_207_gene_p	legacy_ddg2p_confident	207	1706	52	1861	0.027941966684578184
height_207_gene_p	legacy_fu_asd185	207	185	4	388	0.010309278350515464
height_207_gene_p	legacy_fu_asd72	207	72	4	275	0.014545454545454545
height_207_gene_p	legacy_fu_dd309	207	309	13	503	0.02584493041749503
height_207_gene_p	legacy_fu_dd477	207	477	17	667	0.025487256371814093
height_207_gene_p	legacy_fu_ndd373	207	373	14	566	0.024734982332155476
height_207_gene_p	legacy_fu_ndd664	207	664	19	852	0.022300469483568074
height_207_gene_p	legacy_satterstrom102	207	102	3	306	0.00980392156862745
height_207_gene_p	legacy_schema_fdr05	207	18	1	224	0.004464285714285714
height_207_gene_p	legacy_schema_sig	207	10	1	216	0.004629629629629629
height_207_gene_p	legacy_sfari_all	207	1267	25	1449	0.01725327812284334
height_207_gene_p	legacy_sfari_hc	207	315	4	518	0.007722007722007722
height_207_gene_p	legacy_sfari_score1	207	244	6	445	0.01348314606741573
height_207_gene_p	legacy_sfari_score12	207	952	16	1143	0.01399825021872266
height_207_gene_p	panelapp_epilepsy_all	207	914	11	1110	0.00990990990990991
height_207_gene_p	panelapp_epilepsy_green	207	632	8	831	0.009626955475330927
height_207_gene_p	panelapp_intellectual_disability_all	207	2853	60	3000	0.02
height_207_gene_p	panelapp_intellectual_disability_green	207	1513	21	1699	0.012360211889346674
height_207_gene_p	schema_2022_exomewide_10	207	10	1	216	0.004629629629629629
height_207_gene_p	schema_phase2_2026-04-23_bonferroni	207	19	1	225	0.0044444444444444444
height_207_gene_p	schema_phase2_2026-04-23_fdr05	207	51	3	255	0.011764705882352941
height_207_gene_p	schema_phase2_2026-05-07_bonferroni	207	19	1	225	0.0044444444444444444
height_207_gene_p	schema_phase2_2026-05-07_fdr05	207	51	3	255	0.011764705882352941
height_207_gene_p	schema_phase2_2026-05-26_bonferroni	207	19	1	225	0.0044444444444444444
height_207_gene_p	schema_phase2_2026-05-26_fdr05	207	50	3	254	0.011811023622047244
height_207_gene_p	schema_phase2_2026-07-15_bonferroni	207	19	1	225	0.0044444444444444444
height_207_gene_p	schema_phase2_2026-07-15_fdr05	207	50	3	254	0.011811023622047244
height_207_gene_p	schema_phase2_2026-08-07_bonferroni	207	19	1	225	0.0044444444444444444
height_207_gene_p	schema_phase2_2026-08-07_fdr05	207	50	3	254	0.011811023622047244
height_207_gene_p	schema_phase2_2026-08-21_bonferroni	207	19	1	225	0.0044444444444444444
height_207_gene_p	schema_phase2_2026-08-21_fdr05	207	50	3	254	0.011811023622047244
height_207_gene_p	sfari_all_scored	207	1195	26	1376	0.0188953488372093
height_207_gene_p	sfari_score_1	207	245	6	446	0.013452914798206279
height_207_gene_p	sfari_score_2	207	712	10	909	0.011001100110011002
height_207_gene_p	sfari_score_3	207	238	10	435	0.022988505747126436
height_207_gene_p	sfari_syndromic	207	312	8	511	0.015655577299412915
height_singleton_plof	bmi_exomewide_16	17	16	0	33	0.0
height_singleton_plof	bmi_exomewide_negative	17	6	0	23	0.0
height_singleton_plof	bmi_exomewide_positive	17	10	0	27	0.0
height_singleton_plof	epi25_dee_damaging_missense_bonferroni	17	1	0	18	0.0
height_singleton_plof	epi25_dee_damaging_missense_fdr05	17	3	0	20	0.0
height_singleton_plof	epi25_dee_ptv_bonferroni	17	6	1	22	0.045454545454545456
height_singleton_plof	epi25_dee_ptv_fdr05	17	11	1	27	0.037037037037037035
height_singleton_plof	epi25_epi_damaging_missense_bonferroni	17	1	0	18	0.0
height_singleton_plof	epi25_epi_damaging_missense_fdr05	17	1	0	18	0.0
height_singleton_plof	epi25_epi_ptv_bonferroni	17	3	0	20	0.0
height_singleton_plof	epi25_epi_ptv_fdr05	17	4	0	21	0.0
height_singleton_plof	epi25_gge_damaging_missense_bonferroni	17	1	0	18	0.0
height_singleton_plof	epi25_gge_damaging_missense_fdr05	17	1	0	18	0.0
height_singleton_plof	epi25_gge_ptv_fdr05	17	3	0	20	0.0
height_singleton_plof	epi25_nafe_ptv_bonferroni	17	2	0	19	0.0
height_singleton_plof	epi25_nafe_ptv_fdr05	17	2	0	19	0.0
height_singleton_plof	height_207_gene_p	17	207	17	207	0.0821256038647343
height_singleton_plof	height_singleton_plof	17	17	17	17	1.0
height_singleton_plof	height_singleton_plof_negative	17	11	11	17	0.6470588235294118
height_singleton_plof	height_singleton_plof_positive	17	6	6	17	0.35294117647058826
height_singleton_plof	legacy_ddg2p_all	17	2530	9	2538	0.0035460992907801418
height_singleton_plof	legacy_ddg2p_confident	17	1706	8	1715	0.004664723032069971
height_singleton_plof	legacy_fu_asd185	17	185	3	199	0.01507537688442211
height_singleton_plof	legacy_fu_asd72	17	72	3	86	0.03488372093023256
height_singleton_plof	legacy_fu_dd309	17	309	4	322	0.012422360248447204
height_singleton_plof	legacy_fu_dd477	17	477	6	488	0.012295081967213115
height_singleton_plof	legacy_fu_ndd373	17	373	5	385	0.012987012987012988
height_singleton_plof	legacy_fu_ndd664	17	664	6	675	0.008888888888888889
height_singleton_plof	legacy_satterstrom102	17	102	2	117	0.017094017094017096
height_singleton_plof	legacy_schema_fdr05	17	18	0	35	0.0
height_singleton_plof	legacy_schema_sig	17	10	0	27	0.0
height_singleton_plof	legacy_sfari_all	17	1267	5	1279	0.003909304143862392
height_singleton_plof	legacy_sfari_hc	17	315	1	331	0.0030211480362537764
height_singleton_plof	legacy_sfari_score1	17	244	3	258	0.011627906976744186
height_singleton_plof	legacy_sfari_score12	17	952	5	964	0.005186721991701245
height_singleton_plof	panelapp_epilepsy_all	17	914	1	930	0.001075268817204301
height_singleton_plof	panelapp_epilepsy_green	17	632	1	648	0.0015432098765432098
height_singleton_plof	panelapp_intellectual_disability_all	17	2853	10	2860	0.0034965034965034965
height_singleton_plof	panelapp_intellectual_disability_green	17	1513	4	1526	0.002621231979030144
height_singleton_plof	schema_2022_exomewide_10	17	10	0	27	0.0
height_singleton_plof	schema_phase2_2026-04-23_bonferroni	17	19	0	36	0.0
height_singleton_plof	schema_phase2_2026-04-23_fdr05	17	51	1	67	0.014925373134328358
height_singleton_plof	schema_phase2_2026-05-07_bonferroni	17	19	0	36	0.0
height_singleton_plof	schema_phase2_2026-05-07_fdr05	17	51	1	67	0.014925373134328358
height_singleton_plof	schema_phase2_2026-05-26_bonferroni	17	19	0	36	0.0
height_singleton_plof	schema_phase2_2026-05-26_fdr05	17	50	1	66	0.015151515151515152
height_singleton_plof	schema_phase2_2026-07-15_bonferroni	17	19	0	36	0.0
height_singleton_plof	schema_phase2_2026-07-15_fdr05	17	50	1	66	0.015151515151515152
height_singleton_plof	schema_phase2_2026-08-07_bonferroni	17	19	0	36	0.0
height_singleton_plof	schema_phase2_2026-08-07_fdr05	17	50	1	66	0.015151515151515152
height_singleton_plof	schema_phase2_2026-08-21_bonferroni	17	19	0	36	0.0
height_singleton_plof	schema_phase2_2026-08-21_fdr05	17	50	1	66	0.015151515151515152
height_singleton_plof	sfari_all_scored	17	1195	5	1207	0.004142502071251036
height_singleton_plof	sfari_score_1	17	245	3	259	0.011583011583011582
height_singleton_plof	sfari_score_2	17	712	2	727	0.002751031636863824
height_singleton_plof	sfari_score_3	17	238	0	255	0.0
height_singleton_plof	sfari_syndromic	17	312	3	326	0.009202453987730062
height_singleton_plof_negative	bmi_exomewide_16	11	16	0	27	0.0
height_singleton_plof_negative	bmi_exomewide_negative	11	6	0	17	0.0
height_singleton_plof_negative	bmi_exomewide_positive	11	10	0	21	0.0
height_singleton_plof_negative	epi25_dee_damaging_missense_bonferroni	11	1	0	12	0.0
height_singleton_plof_negative	epi25_dee_damaging_missense_fdr05	11	3	0	14	0.0
height_singleton_plof_negative	epi25_dee_ptv_bonferroni	11	6	1	16	0.0625
height_singleton_plof_negative	epi25_dee_ptv_fdr05	11	11	1	21	0.047619047619047616
height_singleton_plof_negative	epi25_epi_damaging_missense_bonferroni	11	1	0	12	0.0
height_singleton_plof_negative	epi25_epi_damaging_missense_fdr05	11	1	0	12	0.0
height_singleton_plof_negative	epi25_epi_ptv_bonferroni	11	3	0	14	0.0
height_singleton_plof_negative	epi25_epi_ptv_fdr05	11	4	0	15	0.0
height_singleton_plof_negative	epi25_gge_damaging_missense_bonferroni	11	1	0	12	0.0
height_singleton_plof_negative	epi25_gge_damaging_missense_fdr05	11	1	0	12	0.0
height_singleton_plof_negative	epi25_gge_ptv_fdr05	11	3	0	14	0.0
height_singleton_plof_negative	epi25_nafe_ptv_bonferroni	11	2	0	13	0.0
height_singleton_plof_negative	epi25_nafe_ptv_fdr05	11	2	0	13	0.0
height_singleton_plof_negative	height_207_gene_p	11	207	11	207	0.05314009661835749
height_singleton_plof_negative	height_singleton_plof	11	17	11	17	0.6470588235294118
height_singleton_plof_negative	height_singleton_plof_negative	11	11	11	11	1.0
height_singleton_plof_negative	height_singleton_plof_positive	11	6	0	17	0.0
height_singleton_plof_negative	legacy_ddg2p_all	11	2530	7	2534	0.0027624309392265192
height_singleton_plof_negative	legacy_ddg2p_confident	11	1706	6	1711	0.0035067212156633548
height_singleton_plof_negative	legacy_fu_asd185	11	185	2	194	0.010309278350515464
height_singleton_plof_negative	legacy_fu_asd72	11	72	2	81	0.024691358024691357
height_singleton_plof_negative	legacy_fu_dd309	11	309	2	318	0.006289308176100629
height_singleton_plof_negative	legacy_fu_dd477	11	477	4	484	0.008264462809917356
height_singleton_plof_negative	legacy_fu_ndd373	11	373	3	381	0.007874015748031496
height_singleton_plof_negative	legacy_fu_ndd664	11	664	4	671	0.005961251862891207
height_singleton_plof_negative	legacy_satterstrom102	11	102	1	112	0.008928571428571428
height_singleton_plof_negative	legacy_schema_fdr05	11	18	0	29	0.0
height_singleton_plof_negative	legacy_schema_sig	11	10	0	21	0.0
height_singleton_plof_negative	legacy_sfari_all	11	1267	3	1275	0.002352941176470588
height_singleton_plof_negative	legacy_sfari_hc	11	315	1	325	0.003076923076923077
height_singleton_plof_negative	legacy_sfari_score1	11	244	2	253	0.007905138339920948
height_singleton_plof_negative	legacy_sfari_score12	11	952	3	960	0.003125
height_singleton_plof_negative	panelapp_epilepsy_all	11	914	1	924	0.0010822510822510823
height_singleton_plof_negative	panelapp_epilepsy_green	11	632	1	642	0.001557632398753894
height_singleton_plof_negative	panelapp_intellectual_disability_all	11	2853	7	2857	0.002450122506125306
height_singleton_plof_negative	panelapp_intellectual_disability_green	11	1513	3	1521	0.0019723865877712033
height_singleton_plof_negative	schema_2022_exomewide_10	11	10	0	21	0.0
height_singleton_plof_negative	schema_phase2_2026-04-23_bonferroni	11	19	0	30	0.0
height_singleton_plof_negative	schema_phase2_2026-04-23_fdr05	11	51	1	61	0.01639344262295082
height_singleton_plof_negative	schema_phase2_2026-05-07_bonferroni	11	19	0	30	0.0
height_singleton_plof_negative	schema_phase2_2026-05-07_fdr05	11	51	1	61	0.01639344262295082
height_singleton_plof_negative	schema_phase2_2026-05-26_bonferroni	11	19	0	30	0.0
height_singleton_plof_negative	schema_phase2_2026-05-26_fdr05	11	50	1	60	0.016666666666666666
height_singleton_plof_negative	schema_phase2_2026-07-15_bonferroni	11	19	0	30	0.0
height_singleton_plof_negative	schema_phase2_2026-07-15_fdr05	11	50	1	60	0.016666666666666666
height_singleton_plof_negative	schema_phase2_2026-08-07_bonferroni	11	19	0	30	0.0
height_singleton_plof_negative	schema_phase2_2026-08-07_fdr05	11	50	1	60	0.016666666666666666
height_singleton_plof_negative	schema_phase2_2026-08-21_bonferroni	11	19	0	30	0.0
height_singleton_plof_negative	schema_phase2_2026-08-21_fdr05	11	50	1	60	0.016666666666666666
height_singleton_plof_negative	sfari_all_scored	11	1195	3	1203	0.0024937655860349127
height_singleton_plof_negative	sfari_score_1	11	245	2	254	0.007874015748031496
height_singleton_plof_negative	sfari_score_2	11	712	1	722	0.0013850415512465374
height_singleton_plof_negative	sfari_score_3	11	238	0	249	0.0
height_singleton_plof_negative	sfari_syndromic	11	312	2	321	0.006230529595015576
height_singleton_plof_positive	bmi_exomewide_16	6	16	0	22	0.0
height_singleton_plof_positive	bmi_exomewide_negative	6	6	0	12	0.0
height_singleton_plof_positive	bmi_exomewide_positive	6	10	0	16	0.0
height_singleton_plof_positive	epi25_dee_damaging_missense_bonferroni	6	1	0	7	0.0
height_singleton_plof_positive	epi25_dee_damaging_missense_fdr05	6	3	0	9	0.0
height_singleton_plof_positive	epi25_dee_ptv_bonferroni	6	6	0	12	0.0
height_singleton_plof_positive	epi25_dee_ptv_fdr05	6	11	0	17	0.0
height_singleton_plof_positive	epi25_epi_damaging_missense_bonferroni	6	1	0	7	0.0
height_singleton_plof_positive	epi25_epi_damaging_missense_fdr05	6	1	0	7	0.0
height_singleton_plof_positive	epi25_epi_ptv_bonferroni	6	3	0	9	0.0
height_singleton_plof_positive	epi25_epi_ptv_fdr05	6	4	0	10	0.0
height_singleton_plof_positive	epi25_gge_damaging_missense_bonferroni	6	1	0	7	0.0
height_singleton_plof_positive	epi25_gge_damaging_missense_fdr05	6	1	0	7	0.0
height_singleton_plof_positive	epi25_gge_ptv_fdr05	6	3	0	9	0.0
height_singleton_plof_positive	epi25_nafe_ptv_bonferroni	6	2	0	8	0.0
height_singleton_plof_positive	epi25_nafe_ptv_fdr05	6	2	0	8	0.0
height_singleton_plof_positive	height_207_gene_p	6	207	6	207	0.028985507246376812
height_singleton_plof_positive	height_singleton_plof	6	17	6	17	0.35294117647058826
height_singleton_plof_positive	height_singleton_plof_negative	6	11	0	17	0.0
height_singleton_plof_positive	height_singleton_plof_positive	6	6	6	6	1.0
height_singleton_plof_positive	legacy_ddg2p_all	6	2530	2	2534	0.0007892659826361484
height_singleton_plof_positive	legacy_ddg2p_confident	6	1706	2	1710	0.0011695906432748538
height_singleton_plof_positive	legacy_fu_asd185	6	185	1	190	0.005263157894736842
height_singleton_plof_positive	legacy_fu_asd72	6	72	1	77	0.012987012987012988
height_singleton_plof_positive	legacy_fu_dd309	6	309	2	313	0.006389776357827476
height_singleton_plof_positive	legacy_fu_dd477	6	477	2	481	0.004158004158004158
height_singleton_plof_positive	legacy_fu_ndd373	6	373	2	377	0.005305039787798408
height_singleton_plof_positive	legacy_fu_ndd664	6	664	2	668	0.0029940119760479044
height_singleton_plof_positive	legacy_satterstrom102	6	102	1	107	0.009345794392523364
height_singleton_plof_positive	legacy_schema_fdr05	6	18	0	24	0.0
height_singleton_plof_positive	legacy_schema_sig	6	10	0	16	0.0
height_singleton_plof_positive	legacy_sfari_all	6	1267	2	1271	0.0015735641227380016
height_singleton_plof_positive	legacy_sfari_hc	6	315	0	321	0.0
height_singleton_plof_positive	legacy_sfari_score1	6	244	1	249	0.004016064257028112
height_singleton_plof_positive	legacy_sfari_score12	6	952	2	956	0.0020920502092050207
height_singleton_plof_positive	panelapp_epilepsy_all	6	914	0	920	0.0
height_singleton_plof_positive	panelapp_epilepsy_green	6	632	0	638	0.0
height_singleton_plof_positive	panelapp_intellectual_disability_all	6	2853	3	2856	0.0010504201680672268
height_singleton_plof_positive	panelapp_intellectual_disability_green	6	1513	1	1518	0.0006587615283267457
height_singleton_plof_positive	schema_2022_exomewide_10	6	10	0	16	0.0
height_singleton_plof_positive	schema_phase2_2026-04-23_bonferroni	6	19	0	25	0.0
height_singleton_plof_positive	schema_phase2_2026-04-23_fdr05	6	51	0	57	0.0
height_singleton_plof_positive	schema_phase2_2026-05-07_bonferroni	6	19	0	25	0.0
height_singleton_plof_positive	schema_phase2_2026-05-07_fdr05	6	51	0	57	0.0
height_singleton_plof_positive	schema_phase2_2026-05-26_bonferroni	6	19	0	25	0.0
height_singleton_plof_positive	schema_phase2_2026-05-26_fdr05	6	50	0	56	0.0
height_singleton_plof_positive	schema_phase2_2026-07-15_bonferroni	6	19	0	25	0.0
height_singleton_plof_positive	schema_phase2_2026-07-15_fdr05	6	50	0	56	0.0
height_singleton_plof_positive	schema_phase2_2026-08-07_bonferroni	6	19	0	25	0.0
height_singleton_plof_positive	schema_phase2_2026-08-07_fdr05	6	50	0	56	0.0
height_singleton_plof_positive	schema_phase2_2026-08-21_bonferroni	6	19	0	25	0.0
height_singleton_plof_positive	schema_phase2_2026-08-21_fdr05	6	50	0	56	0.0
height_singleton_plof_positive	sfari_all_scored	6	1195	2	1199	0.0016680567139282735
height_singleton_plof_positive	sfari_score_1	6	245	1	250	0.004
height_singleton_plof_positive	sfari_score_2	6	712	1	717	0.001394700139470014
height_singleton_plof_positive	sfari_score_3	6	238	0	244	0.0
height_singleton_plof_positive	sfari_syndromic	6	312	1	317	0.0031545741324921135
legacy_ddg2p_all	bmi_exomewide_16	2530	16	3	2543	0.0011797090051120724
legacy_ddg2p_all	bmi_exomewide_negative	2530	6	1	2535	0.0003944773175542406
legacy_ddg2p_all	bmi_exomewide_positive	2530	10	2	2538	0.0007880220646178094
legacy_ddg2p_all	epi25_dee_damaging_missense_bonferroni	2530	1	1	2530	0.0003952569169960474
legacy_ddg2p_all	epi25_dee_damaging_missense_fdr05	2530	3	3	2530	0.0011857707509881424
legacy_ddg2p_all	epi25_dee_ptv_bonferroni	2530	6	6	2530	0.0023715415019762848
legacy_ddg2p_all	epi25_dee_ptv_fdr05	2530	11	11	2530	0.004347826086956522
legacy_ddg2p_all	epi25_epi_damaging_missense_bonferroni	2530	1	1	2530	0.0003952569169960474
legacy_ddg2p_all	epi25_epi_damaging_missense_fdr05	2530	1	1	2530	0.0003952569169960474
legacy_ddg2p_all	epi25_epi_ptv_bonferroni	2530	3	3	2530	0.0011857707509881424
legacy_ddg2p_all	epi25_epi_ptv_fdr05	2530	4	4	2530	0.0015810276679841897
legacy_ddg2p_all	epi25_gge_damaging_missense_bonferroni	2530	1	1	2530	0.0003952569169960474
legacy_ddg2p_all	epi25_gge_damaging_missense_fdr05	2530	1	1	2530	0.0003952569169960474
legacy_ddg2p_all	epi25_gge_ptv_fdr05	2530	3	2	2531	0.0007902015013828526
legacy_ddg2p_all	epi25_nafe_ptv_bonferroni	2530	2	2	2530	0.0007905138339920949
legacy_ddg2p_all	epi25_nafe_ptv_fdr05	2530	2	2	2530	0.0007905138339920949
legacy_ddg2p_all	height_207_gene_p	2530	207	63	2674	0.02356020942408377
legacy_ddg2p_all	height_singleton_plof	2530	17	9	2538	0.0035460992907801418
legacy_ddg2p_all	height_singleton_plof_negative	2530	11	7	2534	0.0027624309392265192
legacy_ddg2p_all	height_singleton_plof_positive	2530	6	2	2534	0.0007892659826361484
legacy_ddg2p_all	legacy_ddg2p_all	2530	2530	2530	2530	1.0
legacy_ddg2p_all	legacy_ddg2p_confident	2530	1706	1706	2530	0.6743083003952569
legacy_ddg2p_all	legacy_fu_asd185	2530	185	127	2588	0.049072642967542504
legacy_ddg2p_all	legacy_fu_asd72	2530	72	67	2535	0.02642998027613412
legacy_ddg2p_all	legacy_fu_dd309	2530	309	289	2550	0.11333333333333333
legacy_ddg2p_all	legacy_fu_dd477	2530	477	382	2625	0.14552380952380953
legacy_ddg2p_all	legacy_fu_ndd373	2530	373	331	2572	0.1286936236391913
legacy_ddg2p_all	legacy_fu_ndd664	2530	664	433	2761	0.1568272365085114
legacy_ddg2p_all	legacy_satterstrom102	2530	102	76	2556	0.0297339593114241
legacy_ddg2p_all	legacy_schema_fdr05	2530	18	9	2539	0.0035447026388341868
legacy_ddg2p_all	legacy_schema_sig	2530	10	6	2534	0.0023677979479084454
legacy_ddg2p_all	legacy_sfari_all	2530	1267	590	3207	0.18397256002494544
legacy_ddg2p_all	legacy_sfari_hc	2530	315	56	2789	0.020078881319469343
legacy_ddg2p_all	legacy_sfari_score1	2530	244	196	2578	0.07602792862684252
legacy_ddg2p_all	legacy_sfari_score12	2530	952	400	3082	0.12978585334198572
legacy_ddg2p_all	panelapp_epilepsy_all	2530	914	696	2748	0.25327510917030566
legacy_ddg2p_all	panelapp_epilepsy_green	2530	632	527	2635	0.2
legacy_ddg2p_all	panelapp_intellectual_disability_all	2530	2853	2056	3327	0.6179741508866847
legacy_ddg2p_all	panelapp_intellectual_disability_green	2530	1513	1297	2746	0.47232337946103425
legacy_ddg2p_all	schema_2022_exomewide_10	2530	10	6	2534	0.0023677979479084454
legacy_ddg2p_all	schema_phase2_2026-04-23_bonferroni	2530	19	10	2539	0.003938558487593541
legacy_ddg2p_all	schema_phase2_2026-04-23_fdr05	2530	51	21	2560	0.008203125
legacy_ddg2p_all	schema_phase2_2026-05-07_bonferroni	2530	19	10	2539	0.003938558487593541
legacy_ddg2p_all	schema_phase2_2026-05-07_fdr05	2530	51	21	2560	0.008203125
legacy_ddg2p_all	schema_phase2_2026-05-26_bonferroni	2530	19	10	2539	0.003938558487593541
legacy_ddg2p_all	schema_phase2_2026-05-26_fdr05	2530	50	20	2560	0.0078125
legacy_ddg2p_all	schema_phase2_2026-07-15_bonferroni	2530	19	10	2539	0.003938558487593541
legacy_ddg2p_all	schema_phase2_2026-07-15_fdr05	2530	50	20	2560	0.0078125
legacy_ddg2p_all	schema_phase2_2026-08-07_bonferroni	2530	19	10	2539	0.003938558487593541
legacy_ddg2p_all	schema_phase2_2026-08-07_fdr05	2530	50	20	2560	0.0078125
legacy_ddg2p_all	schema_phase2_2026-08-21_bonferroni	2530	19	10	2539	0.003938558487593541
legacy_ddg2p_all	schema_phase2_2026-08-21_fdr05	2530	50	20	2560	0.0078125
legacy_ddg2p_all	sfari_all_scored	2530	1195	514	3211	0.1600747430706945
legacy_ddg2p_all	sfari_score_1	2530	245	196	2579	0.07599844901124467
legacy_ddg2p_all	sfari_score_2	2530	712	205	3037	0.0675008231807705
legacy_ddg2p_all	sfari_score_3	2530	238	113	2655	0.04256120527306968
legacy_ddg2p_all	sfari_syndromic	2530	312	291	2551	0.11407291258330067
legacy_ddg2p_confident	bmi_exomewide_16	1706	16	2	1720	0.0011627906976744186
legacy_ddg2p_confident	bmi_exomewide_negative	1706	6	1	1711	0.0005844535359438924
legacy_ddg2p_confident	bmi_exomewide_positive	1706	10	1	1715	0.0005830903790087463
legacy_ddg2p_confident	epi25_dee_damaging_missense_bonferroni	1706	1	1	1706	0.0005861664712778429
legacy_ddg2p_confident	epi25_dee_damaging_missense_fdr05	1706	3	3	1706	0.0017584994138335288
legacy_ddg2p_confident	epi25_dee_ptv_bonferroni	1706	6	6	1706	0.0035169988276670576
legacy_ddg2p_confident	epi25_dee_ptv_fdr05	1706	11	11	1706	0.006447831184056272
legacy_ddg2p_confident	epi25_epi_damaging_missense_bonferroni	1706	1	1	1706	0.0005861664712778429
legacy_ddg2p_confident	epi25_epi_damaging_missense_fdr05	1706	1	1	1706	0.0005861664712778429
legacy_ddg2p_confident	epi25_epi_ptv_bonferroni	1706	3	3	1706	0.0017584994138335288
legacy_ddg2p_confident	epi25_epi_ptv_fdr05	1706	4	4	1706	0.0023446658851113715
legacy_ddg2p_confident	epi25_gge_damaging_missense_bonferroni	1706	1	1	1706	0.0005861664712778429
legacy_ddg2p_confident	epi25_gge_damaging_missense_fdr05	1706	1	1	1706	0.0005861664712778429
legacy_ddg2p_confident	epi25_gge_ptv_fdr05	1706	3	0	1709	0.0
legacy_ddg2p_confident	epi25_nafe_ptv_bonferroni	1706	2	2	1706	0.0011723329425556857
legacy_ddg2p_confident	epi25_nafe_ptv_fdr05	1706	2	2	1706	0.0011723329425556857
legacy_ddg2p_confident	height_207_gene_p	1706	207	52	1861	0.027941966684578184
legacy_ddg2p_confident	height_singleton_plof	1706	17	8	1715	0.004664723032069971
legacy_ddg2p_confident	height_singleton_plof_negative	1706	11	6	1711	0.0035067212156633548
legacy_ddg2p_confident	height_singleton_plof_positive	1706	6	2	1710	0.0011695906432748538
legacy_ddg2p_confident	legacy_ddg2p_all	1706	2530	1706	2530	0.6743083003952569
legacy_ddg2p_confident	legacy_ddg2p_confident	1706	1706	1706	1706	1.0
legacy_ddg2p_confident	legacy_fu_asd185	1706	185	98	1793	0.05465699944227551
legacy_ddg2p_confident	legacy_fu_asd72	1706	72	57	1721	0.03312027890761186
legacy_ddg2p_confident	legacy_fu_dd309	1706	309	231	1784	0.12948430493273544
legacy_ddg2p_confident	legacy_fu_dd477	1706	477	295	1888	0.15625
legacy_ddg2p_confident	legacy_fu_ndd373	1706	373	261	1818	0.14356435643564355
legacy_ddg2p_confident	legacy_fu_ndd664	1706	664	321	2049	0.15666178623718888
legacy_ddg2p_confident	legacy_satterstrom102	1706	102	65	1743	0.037292025243832475
legacy_ddg2p_confident	legacy_schema_fdr05	1706	18	6	1718	0.0034924330616996507
legacy_ddg2p_confident	legacy_schema_sig	1706	10	3	1713	0.0017513134851138354
legacy_ddg2p_confident	legacy_sfari_all	1706	1267	408	2565	0.15906432748538013
legacy_ddg2p_confident	legacy_sfari_hc	1706	315	31	1990	0.015577889447236181
legacy_ddg2p_confident	legacy_sfari_score1	1706	244	156	1794	0.08695652173913043
legacy_ddg2p_confident	legacy_sfari_score12	1706	952	284	2374	0.11962931760741365
legacy_ddg2p_confident	panelapp_epilepsy_all	1706	914	497	2123	0.23410268487988695
legacy_ddg2p_confident	panelapp_epilepsy_green	1706	632	391	1947	0.20082177709296353
legacy_ddg2p_confident	panelapp_intellectual_disability_all	1706	2853	1466	3093	0.4739734885224701
legacy_ddg2p_confident	panelapp_intellectual_disability_green	1706	1513	959	2260	0.4243362831858407
legacy_ddg2p_confident	schema_2022_exomewide_10	1706	10	3	1713	0.0017513134851138354
legacy_ddg2p_confident	schema_phase2_2026-04-23_bonferroni	1706	19	8	1717	0.004659289458357601
legacy_ddg2p_confident	schema_phase2_2026-04-23_fdr05	1706	51	16	1741	0.009190120620333142
legacy_ddg2p_confident	schema_phase2_2026-05-07_bonferroni	1706	19	8	1717	0.004659289458357601
legacy_ddg2p_confident	schema_phase2_2026-05-07_fdr05	1706	51	16	1741	0.009190120620333142
legacy_ddg2p_confident	schema_phase2_2026-05-26_bonferroni	1706	19	8	1717	0.004659289458357601
legacy_ddg2p_confident	schema_phase2_2026-05-26_fdr05	1706	50	16	1740	0.009195402298850575
legacy_ddg2p_confident	schema_phase2_2026-07-15_bonferroni	1706	19	8	1717	0.004659289458357601
legacy_ddg2p_confident	schema_phase2_2026-07-15_fdr05	1706	50	16	1740	0.009195402298850575
legacy_ddg2p_confident	schema_phase2_2026-08-07_bonferroni	1706	19	8	1717	0.004659289458357601
legacy_ddg2p_confident	schema_phase2_2026-08-07_fdr05	1706	50	16	1740	0.009195402298850575
legacy_ddg2p_confident	schema_phase2_2026-08-21_bonferroni	1706	19	8	1717	0.004659289458357601
legacy_ddg2p_confident	schema_phase2_2026-08-21_fdr05	1706	50	16	1740	0.009195402298850575
legacy_ddg2p_confident	sfari_all_scored	1706	1195	352	2549	0.1380933699489996
legacy_ddg2p_confident	sfari_score_1	1706	245	156	1795	0.08690807799442897
legacy_ddg2p_confident	sfari_score_2	1706	712	129	2289	0.0563564875491481
legacy_ddg2p_confident	sfari_score_3	1706	238	67	1877	0.03569525839104955
legacy_ddg2p_confident	sfari_syndromic	1706	312	215	1803	0.1192457016084304
legacy_fu_asd185	bmi_exomewide_16	185	16	0	201	0.0
legacy_fu_asd185	bmi_exomewide_negative	185	6	0	191	0.0
legacy_fu_asd185	bmi_exomewide_positive	185	10	0	195	0.0
legacy_fu_asd185	epi25_dee_damaging_missense_bonferroni	185	1	0	186	0.0
legacy_fu_asd185	epi25_dee_damaging_missense_fdr05	185	3	1	187	0.0053475935828877
legacy_fu_asd185	epi25_dee_ptv_bonferroni	185	6	3	188	0.015957446808510637
legacy_fu_asd185	epi25_dee_ptv_fdr05	185	11	4	192	0.020833333333333332
legacy_fu_asd185	epi25_epi_damaging_missense_bonferroni	185	1	1	185	0.005405405405405406
legacy_fu_asd185	epi25_epi_damaging_missense_fdr05	185	1	1	185	0.005405405405405406
legacy_fu_asd185	epi25_epi_ptv_bonferroni	185	3	1	187	0.0053475935828877
legacy_fu_asd185	epi25_epi_ptv_fdr05	185	4	1	188	0.005319148936170213
legacy_fu_asd185	epi25_gge_damaging_missense_bonferroni	185	1	1	185	0.005405405405405406
legacy_fu_asd185	epi25_gge_damaging_missense_fdr05	185	1	1	185	0.005405405405405406
legacy_fu_asd185	epi25_gge_ptv_fdr05	185	3	0	188	0.0
legacy_fu_asd185	epi25_nafe_ptv_bonferroni	185	2	0	187	0.0
legacy_fu_asd185	epi25_nafe_ptv_fdr05	185	2	0	187	0.0
legacy_fu_asd185	height_207_gene_p	185	207	4	388	0.010309278350515464
legacy_fu_asd185	height_singleton_plof	185	17	3	199	0.01507537688442211
legacy_fu_asd185	height_singleton_plof_negative	185	11	2	194	0.010309278350515464
legacy_fu_asd185	height_singleton_plof_positive	185	6	1	190	0.005263157894736842
legacy_fu_asd185	legacy_ddg2p_all	185	2530	127	2588	0.049072642967542504
legacy_fu_asd185	legacy_ddg2p_confident	185	1706	98	1793	0.05465699944227551
legacy_fu_asd185	legacy_fu_asd185	185	185	185	185	1.0
legacy_fu_asd185	legacy_fu_asd72	185	72	72	185	0.3891891891891892
legacy_fu_asd185	legacy_fu_dd309	185	309	99	395	0.25063291139240507
legacy_fu_asd185	legacy_fu_dd477	185	477	113	549	0.2058287795992714
legacy_fu_asd185	legacy_fu_ndd373	185	373	130	428	0.3037383177570093
legacy_fu_asd185	legacy_fu_ndd664	185	664	185	664	0.2786144578313253
legacy_fu_asd185	legacy_satterstrom102	185	102	74	213	0.3474178403755869
legacy_fu_asd185	legacy_schema_fdr05	185	18	3	200	0.015
legacy_fu_asd185	legacy_schema_sig	185	10	0	195	0.0
legacy_fu_asd185	legacy_sfari_all	185	1267	145	1307	0.11094108645753634
legacy_fu_asd185	legacy_sfari_hc	185	315	20	480	0.041666666666666664
legacy_fu_asd185	legacy_sfari_score1	185	244	106	323	0.3281733746130031
legacy_fu_asd185	legacy_sfari_score12	185	952	136	1001	0.13586413586413587
legacy_fu_asd185	panelapp_epilepsy_all	185	914	64	1035	0.06183574879227053
legacy_fu_asd185	panelapp_epilepsy_green	185	632	57	760	0.075
legacy_fu_asd185	panelapp_intellectual_disability_all	185	2853	131	2907	0.04506363949088407
legacy_fu_asd185	panelapp_intellectual_disability_green	185	1513	119	1579	0.07536415452818239
legacy_fu_asd185	schema_2022_exomewide_10	185	10	0	195	0.0
legacy_fu_asd185	schema_phase2_2026-04-23_bonferroni	185	19	2	202	0.009900990099009901
legacy_fu_asd185	schema_phase2_2026-04-23_fdr05	185	51	9	227	0.039647577092511016
legacy_fu_asd185	schema_phase2_2026-05-07_bonferroni	185	19	2	202	0.009900990099009901
legacy_fu_asd185	schema_phase2_2026-05-07_fdr05	185	51	9	227	0.039647577092511016
legacy_fu_asd185	schema_phase2_2026-05-26_bonferroni	185	19	2	202	0.009900990099009901
legacy_fu_asd185	schema_phase2_2026-05-26_fdr05	185	50	9	226	0.03982300884955752
legacy_fu_asd185	schema_phase2_2026-07-15_bonferroni	185	19	2	202	0.009900990099009901
legacy_fu_asd185	schema_phase2_2026-07-15_fdr05	185	50	9	226	0.03982300884955752
legacy_fu_asd185	schema_phase2_2026-08-07_bonferroni	185	19	2	202	0.009900990099009901
legacy_fu_asd185	schema_phase2_2026-08-07_fdr05	185	50	9	226	0.03982300884955752
legacy_fu_asd185	schema_phase2_2026-08-21_bonferroni	185	19	2	202	0.009900990099009901
legacy_fu_asd185	schema_phase2_2026-08-21_fdr05	185	50	9	226	0.03982300884955752
legacy_fu_asd185	sfari_all_scored	185	1195	142	1238	0.1147011308562197
legacy_fu_asd185	sfari_score_1	185	245	106	324	0.3271604938271605
legacy_fu_asd185	sfari_score_2	185	712	30	867	0.03460207612456748
legacy_fu_asd185	sfari_score_3	185	238	6	417	0.014388489208633094
legacy_fu_asd185	sfari_syndromic	185	312	77	420	0.18333333333333332
legacy_fu_asd72	bmi_exomewide_16	72	16	0	88	0.0
legacy_fu_asd72	bmi_exomewide_negative	72	6	0	78	0.0
legacy_fu_asd72	bmi_exomewide_positive	72	10	0	82	0.0
legacy_fu_asd72	epi25_dee_damaging_missense_bonferroni	72	1	0	73	0.0
legacy_fu_asd72	epi25_dee_damaging_missense_fdr05	72	3	1	74	0.013513513513513514
legacy_fu_asd72	epi25_dee_ptv_bonferroni	72	6	3	75	0.04
legacy_fu_asd72	epi25_dee_ptv_fdr05	72	11	4	79	0.05063291139240506
legacy_fu_asd72	epi25_epi_damaging_missense_bonferroni	72	1	0	73	0.0
legacy_fu_asd72	epi25_epi_damaging_missense_fdr05	72	1	0	73	0.0
legacy_fu_asd72	epi25_epi_ptv_bonferroni	72	3	1	74	0.013513513513513514
legacy_fu_asd72	epi25_epi_ptv_fdr05	72	4	1	75	0.013333333333333334
legacy_fu_asd72	epi25_gge_damaging_missense_bonferroni	72	1	1	72	0.013888888888888888
legacy_fu_asd72	epi25_gge_damaging_missense_fdr05	72	1	1	72	0.013888888888888888
legacy_fu_asd72	epi25_gge_ptv_fdr05	72	3	0	75	0.0
legacy_fu_asd72	epi25_nafe_ptv_bonferroni	72	2	0	74	0.0
legacy_fu_asd72	epi25_nafe_ptv_fdr05	72	2	0	74	0.0
legacy_fu_asd72	height_207_gene_p	72	207	4	275	0.014545454545454545
legacy_fu_asd72	height_singleton_plof	72	17	3	86	0.03488372093023256
legacy_fu_asd72	height_singleton_plof_negative	72	11	2	81	0.024691358024691357
legacy_fu_asd72	height_singleton_plof_positive	72	6	1	77	0.012987012987012988
legacy_fu_asd72	legacy_ddg2p_all	72	2530	67	2535	0.02642998027613412
legacy_fu_asd72	legacy_ddg2p_confident	72	1706	57	1721	0.03312027890761186
legacy_fu_asd72	legacy_fu_asd185	72	185	72	185	0.3891891891891892
legacy_fu_asd72	legacy_fu_asd72	72	72	72	72	1.0
legacy_fu_asd72	legacy_fu_dd309	72	309	61	320	0.190625
legacy_fu_asd72	legacy_fu_dd477	72	477	64	485	0.13195876288659794
legacy_fu_asd72	legacy_fu_ndd373	72	373	72	373	0.19302949061662197
legacy_fu_asd72	legacy_fu_ndd664	72	664	72	664	0.10843373493975904
legacy_fu_asd72	legacy_satterstrom102	72	102	49	125	0.392
legacy_fu_asd72	legacy_schema_fdr05	72	18	1	89	0.011235955056179775
legacy_fu_asd72	legacy_schema_sig	72	10	0	82	0.0
legacy_fu_asd72	legacy_sfari_all	72	1267	69	1270	0.05433070866141732
legacy_fu_asd72	legacy_sfari_hc	72	315	6	381	0.015748031496062992
legacy_fu_asd72	legacy_sfari_score1	72	244	63	253	0.2490118577075099
legacy_fu_asd72	legacy_sfari_score12	72	952	68	956	0.07112970711297072
legacy_fu_asd72	panelapp_epilepsy_all	72	914	35	951	0.03680336487907466
legacy_fu_asd72	panelapp_epilepsy_green	72	632	32	672	0.047619047619047616
legacy_fu_asd72	panelapp_intellectual_disability_all	72	2853	69	2856	0.02415966386554622
legacy_fu_asd72	panelapp_intellectual_disability_green	72	1513	64	1521	0.042077580539119
legacy_fu_asd72	schema_2022_exomewide_10	72	10	0	82	0.0
legacy_fu_asd72	schema_phase2_2026-04-23_bonferroni	72	19	1	90	0.011111111111111112
legacy_fu_asd72	schema_phase2_2026-04-23_fdr05	72	51	5	118	0.0423728813559322
legacy_fu_asd72	schema_phase2_2026-05-07_bonferroni	72	19	1	90	0.011111111111111112
legacy_fu_asd72	schema_phase2_2026-05-07_fdr05	72	51	5	118	0.0423728813559322
legacy_fu_asd72	schema_phase2_2026-05-26_bonferroni	72	19	1	90	0.011111111111111112
legacy_fu_asd72	schema_phase2_2026-05-26_fdr05	72	50	5	117	0.042735042735042736
legacy_fu_asd72	schema_phase2_2026-07-15_bonferroni	72	19	1	90	0.011111111111111112
legacy_fu_asd72	schema_phase2_2026-07-15_fdr05	72	50	5	117	0.042735042735042736
legacy_fu_asd72	schema_phase2_2026-08-07_bonferroni	72	19	1	90	0.011111111111111112
legacy_fu_asd72	schema_phase2_2026-08-07_fdr05	72	50	5	117	0.042735042735042736
legacy_fu_asd72	schema_phase2_2026-08-21_bonferroni	72	19	1	90	0.011111111111111112
legacy_fu_asd72	schema_phase2_2026-08-21_fdr05	72	50	5	117	0.042735042735042736
legacy_fu_asd72	sfari_all_scored	72	1195	69	1198	0.05759599332220367
legacy_fu_asd72	sfari_score_1	72	245	63	254	0.24803149606299213
legacy_fu_asd72	sfari_score_2	72	712	5	779	0.006418485237483954
legacy_fu_asd72	sfari_score_3	72	238	1	309	0.003236245954692557
legacy_fu_asd72	sfari_syndromic	72	312	43	341	0.12609970674486803
legacy_fu_dd309	bmi_exomewide_16	309	16	0	325	0.0
legacy_fu_dd309	bmi_exomewide_negative	309	6	0	315	0.0
legacy_fu_dd309	bmi_exomewide_positive	309	10	0	319	0.0
legacy_fu_dd309	epi25_dee_damaging_missense_bonferroni	309	1	0	310	0.0
legacy_fu_dd309	epi25_dee_damaging_missense_fdr05	309	3	1	311	0.003215434083601286
legacy_fu_dd309	epi25_dee_ptv_bonferroni	309	6	3	312	0.009615384615384616
legacy_fu_dd309	epi25_dee_ptv_fdr05	309	11	4	316	0.012658227848101266
legacy_fu_dd309	epi25_epi_damaging_missense_bonferroni	309	1	1	309	0.003236245954692557
legacy_fu_dd309	epi25_epi_damaging_missense_fdr05	309	1	1	309	0.003236245954692557
legacy_fu_dd309	epi25_epi_ptv_bonferroni	309	3	1	311	0.003215434083601286
legacy_fu_dd309	epi25_epi_ptv_fdr05	309	4	1	312	0.003205128205128205
legacy_fu_dd309	epi25_gge_damaging_missense_bonferroni	309	1	1	309	0.003236245954692557
legacy_fu_dd309	epi25_gge_damaging_missense_fdr05	309	1	1	309	0.003236245954692557
legacy_fu_dd309	epi25_gge_ptv_fdr05	309	3	2	310	0.0064516129032258064
legacy_fu_dd309	epi25_nafe_ptv_bonferroni	309	2	0	311	0.0
legacy_fu_dd309	epi25_nafe_ptv_fdr05	309	2	0	311	0.0
legacy_fu_dd309	height_207_gene_p	309	207	13	503	0.02584493041749503
legacy_fu_dd309	height_singleton_plof	309	17	4	322	0.012422360248447204
legacy_fu_dd309	height_singleton_plof_negative	309	11	2	318	0.006289308176100629
legacy_fu_dd309	height_singleton_plof_positive	309	6	2	313	0.006389776357827476
legacy_fu_dd309	legacy_ddg2p_all	309	2530	289	2550	0.11333333333333333
legacy_fu_dd309	legacy_ddg2p_confident	309	1706	231	1784	0.12948430493273544
legacy_fu_dd309	legacy_fu_asd185	309	185	99	395	0.25063291139240507
legacy_fu_dd309	legacy_fu_asd72	309	72	61	320	0.190625
legacy_fu_dd309	legacy_fu_dd309	309	309	309	309	1.0
legacy_fu_dd309	legacy_fu_dd477	309	477	309	477	0.6477987421383647
legacy_fu_dd309	legacy_fu_ndd373	309	373	308	374	0.8235294117647058
legacy_fu_dd309	legacy_fu_ndd664	309	664	309	664	0.46536144578313254
legacy_fu_dd309	legacy_satterstrom102	309	102	68	343	0.19825072886297376
legacy_fu_dd309	legacy_schema_fdr05	309	18	7	320	0.021875
legacy_fu_dd309	legacy_schema_sig	309	10	4	315	0.012698412698412698
legacy_fu_dd309	legacy_sfari_all	309	1267	217	1359	0.15967623252391464
legacy_fu_dd309	legacy_sfari_hc	309	315	16	608	0.02631578947368421
legacy_fu_dd309	legacy_sfari_score1	309	244	120	433	0.27713625866050806
legacy_fu_dd309	legacy_sfari_score12	309	952	164	1097	0.14949863263445762
legacy_fu_dd309	panelapp_epilepsy_all	309	914	137	1086	0.1261510128913444
legacy_fu_dd309	panelapp_epilepsy_green	309	632	118	823	0.1433778857837181
legacy_fu_dd309	panelapp_intellectual_disability_all	309	2853	286	2876	0.09944367176634214
legacy_fu_dd309	panelapp_intellectual_disability_green	309	1513	259	1563	0.1657069737683941
legacy_fu_dd309	schema_2022_exomewide_10	309	10	4	315	0.012698412698412698
legacy_fu_dd309	schema_phase2_2026-04-23_bonferroni	309	19	6	322	0.018633540372670808
legacy_fu_dd309	schema_phase2_2026-04-23_fdr05	309	51	13	347	0.037463976945244955
legacy_fu_dd309	schema_phase2_2026-05-07_bonferroni	309	19	6	322	0.018633540372670808
legacy_fu_dd309	schema_phase2_2026-05-07_fdr05	309	51	13	347	0.037463976945244955
legacy_fu_dd309	schema_phase2_2026-05-26_bonferroni	309	19	6	322	0.018633540372670808
legacy_fu_dd309	schema_phase2_2026-05-26_fdr05	309	50	13	346	0.03757225433526012
legacy_fu_dd309	schema_phase2_2026-07-15_bonferroni	309	19	6	322	0.018633540372670808
legacy_fu_dd309	schema_phase2_2026-07-15_fdr05	309	50	13	346	0.03757225433526012
legacy_fu_dd309	schema_phase2_2026-08-07_bonferroni	309	19	6	322	0.018633540372670808
legacy_fu_dd309	schema_phase2_2026-08-07_fdr05	309	50	13	346	0.03757225433526012
legacy_fu_dd309	schema_phase2_2026-08-21_bonferroni	309	19	6	322	0.018633540372670808
legacy_fu_dd309	schema_phase2_2026-08-21_fdr05	309	50	13	346	0.03757225433526012
legacy_fu_dd309	sfari_all_scored	309	1195	195	1309	0.1489686783804431
legacy_fu_dd309	sfari_score_1	309	245	120	434	0.2764976958525346
legacy_fu_dd309	sfari_score_2	309	712	44	977	0.04503582395087001
legacy_fu_dd309	sfari_score_3	309	238	31	516	0.060077519379844964
legacy_fu_dd309	sfari_syndromic	309	312	131	490	0.2673469387755102
legacy_fu_dd477	bmi_exomewide_16	477	16	0	493	0.0
legacy_fu_dd477	bmi_exomewide_negative	477	6	0	483	0.0
legacy_fu_dd477	bmi_exomewide_positive	477	10	0	487	0.0
legacy_fu_dd477	epi25_dee_damaging_missense_bonferroni	477	1	0	478	0.0
legacy_fu_dd477	epi25_dee_damaging_missense_fdr05	477	3	1	479	0.0020876826722338203
legacy_fu_dd477	epi25_dee_ptv_bonferroni	477	6	4	479	0.008350730688935281
legacy_fu_dd477	epi25_dee_ptv_fdr05	477	11	5	483	0.010351966873706004
legacy_fu_dd477	epi25_epi_damaging_missense_bonferroni	477	1	1	477	0.0020964360587002098
legacy_fu_dd477	epi25_epi_damaging_missense_fdr05	477	1	1	477	0.0020964360587002098
legacy_fu_dd477	epi25_epi_ptv_bonferroni	477	3	1	479	0.0020876826722338203
legacy_fu_dd477	epi25_epi_ptv_fdr05	477	4	1	480	0.0020833333333333333
legacy_fu_dd477	epi25_gge_damaging_missense_bonferroni	477	1	1	477	0.0020964360587002098
legacy_fu_dd477	epi25_gge_damaging_missense_fdr05	477	1	1	477	0.0020964360587002098
legacy_fu_dd477	epi25_gge_ptv_fdr05	477	3	2	478	0.0041841004184100415
legacy_fu_dd477	epi25_nafe_ptv_bonferroni	477	2	0	479	0.0
legacy_fu_dd477	epi25_nafe_ptv_fdr05	477	2	0	479	0.0
legacy_fu_dd477	height_207_gene_p	477	207	17	667	0.025487256371814093
legacy_fu_dd477	height_singleton_plof	477	17	6	488	0.012295081967213115
legacy_fu_dd477	height_singleton_plof_negative	477	11	4	484	0.008264462809917356
legacy_fu_dd477	height_singleton_plof_positive	477	6	2	481	0.004158004158004158
legacy_fu_dd477	legacy_ddg2p_all	477	2530	382	2625	0.14552380952380953
legacy_fu_dd477	legacy_ddg2p_confident	477	1706	295	1888	0.15625
legacy_fu_dd477	legacy_fu_asd185	477	185	113	549	0.2058287795992714
legacy_fu_dd477	legacy_fu_asd72	477	72	64	485	0.13195876288659794
legacy_fu_dd477	legacy_fu_dd309	477	309	309	477	0.6477987421383647
legacy_fu_dd477	legacy_fu_dd477	477	477	477	477	1.0
legacy_fu_dd477	legacy_fu_ndd373	477	373	355	495	0.7171717171717171
legacy_fu_dd477	legacy_fu_ndd664	477	664	466	675	0.6903703703703704
legacy_fu_dd477	legacy_satterstrom102	477	102	72	507	0.14201183431952663
legacy_fu_dd477	legacy_schema_fdr05	477	18	7	488	0.014344262295081968
legacy_fu_dd477	legacy_schema_sig	477	10	4	483	0.008281573498964804
legacy_fu_dd477	legacy_sfari_all	477	1267	268	1476	0.18157181571815717
legacy_fu_dd477	legacy_sfari_hc	477	315	20	772	0.025906735751295335
legacy_fu_dd477	legacy_sfari_score1	477	244	136	585	0.23247863247863249
legacy_fu_dd477	legacy_sfari_score12	477	952	200	1229	0.16273393002441008
legacy_fu_dd477	panelapp_epilepsy_all	477	914	173	1218	0.14203612479474548
legacy_fu_dd477	panelapp_epilepsy_green	477	632	147	962	0.15280665280665282
legacy_fu_dd477	panelapp_intellectual_disability_all	477	2853	384	2946	0.13034623217922606
legacy_fu_dd477	panelapp_intellectual_disability_green	477	1513	333	1657	0.20096560048280024
legacy_fu_dd477	schema_2022_exomewide_10	477	10	4	483	0.008281573498964804
legacy_fu_dd477	schema_phase2_2026-04-23_bonferroni	477	19	6	490	0.012244897959183673
legacy_fu_dd477	schema_phase2_2026-04-23_fdr05	477	51	14	514	0.027237354085603113
legacy_fu_dd477	schema_phase2_2026-05-07_bonferroni	477	19	6	490	0.012244897959183673
legacy_fu_dd477	schema_phase2_2026-05-07_fdr05	477	51	14	514	0.027237354085603113
legacy_fu_dd477	schema_phase2_2026-05-26_bonferroni	477	19	6	490	0.012244897959183673
legacy_fu_dd477	schema_phase2_2026-05-26_fdr05	477	50	14	513	0.02729044834307992
legacy_fu_dd477	schema_phase2_2026-07-15_bonferroni	477	19	6	490	0.012244897959183673
legacy_fu_dd477	schema_phase2_2026-07-15_fdr05	477	50	14	513	0.02729044834307992
legacy_fu_dd477	schema_phase2_2026-08-07_bonferroni	477	19	6	490	0.012244897959183673
legacy_fu_dd477	schema_phase2_2026-08-07_fdr05	477	50	14	513	0.02729044834307992
legacy_fu_dd477	schema_phase2_2026-08-21_bonferroni	477	19	6	490	0.012244897959183673
legacy_fu_dd477	schema_phase2_2026-08-21_fdr05	477	50	14	513	0.02729044834307992
legacy_fu_dd477	sfari_all_scored	477	1195	244	1428	0.17086834733893558
legacy_fu_dd477	sfari_score_1	477	245	136	586	0.23208191126279865
legacy_fu_dd477	sfari_score_2	477	712	65	1124	0.05782918149466192
legacy_fu_dd477	sfari_score_3	477	238	43	672	0.06398809523809523
legacy_fu_dd477	sfari_syndromic	477	312	156	633	0.24644549763033174
legacy_fu_ndd373	bmi_exomewide_16	373	16	0	389	0.0
legacy_fu_ndd373	bmi_exomewide_negative	373	6	0	379	0.0
legacy_fu_ndd373	bmi_exomewide_positive	373	10	0	383	0.0
legacy_fu_ndd373	epi25_dee_damaging_missense_bonferroni	373	1	0	374	0.0
legacy_fu_ndd373	epi25_dee_damaging_missense_fdr05	373	3	1	375	0.0026666666666666666
legacy_fu_ndd373	epi25_dee_ptv_bonferroni	373	6	3	376	0.007978723404255319
legacy_fu_ndd373	epi25_dee_ptv_fdr05	373	11	4	380	0.010526315789473684
legacy_fu_ndd373	epi25_epi_damaging_missense_bonferroni	373	1	1	373	0.002680965147453083
legacy_fu_ndd373	epi25_epi_damaging_missense_fdr05	373	1	1	373	0.002680965147453083
legacy_fu_ndd373	epi25_epi_ptv_bonferroni	373	3	1	375	0.0026666666666666666
legacy_fu_ndd373	epi25_epi_ptv_fdr05	373	4	1	376	0.0026595744680851063
legacy_fu_ndd373	epi25_gge_damaging_missense_bonferroni	373	1	1	373	0.002680965147453083
legacy_fu_ndd373	epi25_gge_damaging_missense_fdr05	373	1	1	373	0.002680965147453083
legacy_fu_ndd373	epi25_gge_ptv_fdr05	373	3	2	374	0.0053475935828877
legacy_fu_ndd373	epi25_nafe_ptv_bonferroni	373	2	0	375	0.0
legacy_fu_ndd373	epi25_nafe_ptv_fdr05	373	2	0	375	0.0
legacy_fu_ndd373	height_207_gene_p	373	207	14	566	0.024734982332155476
legacy_fu_ndd373	height_singleton_plof	373	17	5	385	0.012987012987012988
legacy_fu_ndd373	height_singleton_plof_negative	373	11	3	381	0.007874015748031496
legacy_fu_ndd373	height_singleton_plof_positive	373	6	2	377	0.005305039787798408
legacy_fu_ndd373	legacy_ddg2p_all	373	2530	331	2572	0.1286936236391913
legacy_fu_ndd373	legacy_ddg2p_confident	373	1706	261	1818	0.14356435643564355
legacy_fu_ndd373	legacy_fu_asd185	373	185	130	428	0.3037383177570093
legacy_fu_ndd373	legacy_fu_asd72	373	72	72	373	0.19302949061662197
legacy_fu_ndd373	legacy_fu_dd309	373	309	308	374	0.8235294117647058
legacy_fu_ndd373	legacy_fu_dd477	373	477	355	495	0.7171717171717171
legacy_fu_ndd373	legacy_fu_ndd373	373	373	373	373	1.0
legacy_fu_ndd373	legacy_fu_ndd664	373	664	373	664	0.5617469879518072
legacy_fu_ndd373	legacy_satterstrom102	373	102	78	397	0.1964735516372796
legacy_fu_ndd373	legacy_schema_fdr05	373	18	7	384	0.018229166666666668
legacy_fu_ndd373	legacy_schema_sig	373	10	4	379	0.010554089709762533
legacy_fu_ndd373	legacy_sfari_all	373	1267	262	1378	0.19013062409288825
legacy_fu_ndd373	legacy_sfari_hc	373	315	19	669	0.028400597907324365
legacy_fu_ndd373	legacy_sfari_score1	373	244	144	473	0.3044397463002114
legacy_fu_ndd373	legacy_sfari_score12	373	952	202	1123	0.1798753339269813
legacy_fu_ndd373	panelapp_epilepsy_all	373	914	158	1129	0.13994685562444642
legacy_fu_ndd373	panelapp_epilepsy_green	373	632	138	867	0.15916955017301038
legacy_fu_ndd373	panelapp_intellectual_disability_all	373	2853	333	2893	0.11510542689249914
legacy_fu_ndd373	panelapp_intellectual_disability_green	373	1513	298	1588	0.18765743073047858
legacy_fu_ndd373	schema_2022_exomewide_10	373	10	4	379	0.010554089709762533
legacy_fu_ndd373	schema_phase2_2026-04-23_bonferroni	373	19	6	386	0.015544041450777202
legacy_fu_ndd373	schema_phase2_2026-04-23_fdr05	373	51	15	409	0.03667481662591687
legacy_fu_ndd373	schema_phase2_2026-05-07_bonferroni	373	19	6	386	0.015544041450777202
legacy_fu_ndd373	schema_phase2_2026-05-07_fdr05	373	51	15	409	0.03667481662591687
legacy_fu_ndd373	schema_phase2_2026-05-26_bonferroni	373	19	6	386	0.015544041450777202
legacy_fu_ndd373	schema_phase2_2026-05-26_fdr05	373	50	15	408	0.03676470588235294
legacy_fu_ndd373	schema_phase2_2026-07-15_bonferroni	373	19	6	386	0.015544041450777202
legacy_fu_ndd373	schema_phase2_2026-07-15_fdr05	373	50	15	408	0.03676470588235294
legacy_fu_ndd373	schema_phase2_2026-08-07_bonferroni	373	19	6	386	0.015544041450777202
legacy_fu_ndd373	schema_phase2_2026-08-07_fdr05	373	50	15	408	0.03676470588235294
legacy_fu_ndd373	schema_phase2_2026-08-21_bonferroni	373	19	6	386	0.015544041450777202
legacy_fu_ndd373	schema_phase2_2026-08-21_fdr05	373	50	15	408	0.03676470588235294
legacy_fu_ndd373	sfari_all_scored	373	1195	237	1331	0.17806160781367392
legacy_fu_ndd373	sfari_score_1	373	245	144	474	0.3037974683544304
legacy_fu_ndd373	sfari_score_2	373	712	58	1027	0.05647517039922103
legacy_fu_ndd373	sfari_score_3	373	238	35	576	0.06076388888888889
legacy_fu_ndd373	sfari_syndromic	373	312	152	533	0.2851782363977486
legacy_fu_ndd664	bmi_exomewide_16	664	16	1	679	0.0014727540500736377
legacy_fu_ndd664	bmi_exomewide_negative	664	6	0	670	0.0
legacy_fu_ndd664	bmi_exomewide_positive	664	10	1	673	0.0014858841010401188
legacy_fu_ndd664	epi25_dee_damaging_missense_bonferroni	664	1	0	665	0.0
legacy_fu_ndd664	epi25_dee_damaging_missense_fdr05	664	3	1	666	0.0015015015015015015
legacy_fu_ndd664	epi25_dee_ptv_bonferroni	664	6	4	666	0.006006006006006006
legacy_fu_ndd664	epi25_dee_ptv_fdr05	664	11	5	670	0.007462686567164179
legacy_fu_ndd664	epi25_epi_damaging_missense_bonferroni	664	1	1	664	0.0015060240963855422
legacy_fu_ndd664	epi25_epi_damaging_missense_fdr05	664	1	1	664	0.0015060240963855422
legacy_fu_ndd664	epi25_epi_ptv_bonferroni	664	3	1	666	0.0015015015015015015
legacy_fu_ndd664	epi25_epi_ptv_fdr05	664	4	1	667	0.0014992503748125937
legacy_fu_ndd664	epi25_gge_damaging_missense_bonferroni	664	1	1	664	0.0015060240963855422
legacy_fu_ndd664	epi25_gge_damaging_missense_fdr05	664	1	1	664	0.0015060240963855422
legacy_fu_ndd664	epi25_gge_ptv_fdr05	664	3	2	665	0.0030075187969924814
legacy_fu_ndd664	epi25_nafe_ptv_bonferroni	664	2	0	666	0.0
legacy_fu_ndd664	epi25_nafe_ptv_fdr05	664	2	0	666	0.0
legacy_fu_ndd664	height_207_gene_p	664	207	19	852	0.022300469483568074
legacy_fu_ndd664	height_singleton_plof	664	17	6	675	0.008888888888888889
legacy_fu_ndd664	height_singleton_plof_negative	664	11	4	671	0.005961251862891207
legacy_fu_ndd664	height_singleton_plof_positive	664	6	2	668	0.0029940119760479044
legacy_fu_ndd664	legacy_ddg2p_all	664	2530	433	2761	0.1568272365085114
legacy_fu_ndd664	legacy_ddg2p_confident	664	1706	321	2049	0.15666178623718888
legacy_fu_ndd664	legacy_fu_asd185	664	185	185	664	0.2786144578313253
legacy_fu_ndd664	legacy_fu_asd72	664	72	72	664	0.10843373493975904
legacy_fu_ndd664	legacy_fu_dd309	664	309	309	664	0.46536144578313254
legacy_fu_ndd664	legacy_fu_dd477	664	477	466	675	0.6903703703703704
legacy_fu_ndd664	legacy_fu_ndd373	664	373	373	664	0.5617469879518072
legacy_fu_ndd664	legacy_fu_ndd664	664	664	664	664	1.0
legacy_fu_ndd664	legacy_satterstrom102	664	102	92	674	0.13649851632047477
legacy_fu_ndd664	legacy_schema_fdr05	664	18	8	674	0.011869436201780416
legacy_fu_ndd664	legacy_schema_sig	664	10	4	670	0.005970149253731343
legacy_fu_ndd664	legacy_sfari_all	664	1267	347	1584	0.21906565656565657
legacy_fu_ndd664	legacy_sfari_hc	664	315	43	936	0.045940170940170943
legacy_fu_ndd664	legacy_sfari_score1	664	244	174	734	0.23705722070844687
legacy_fu_ndd664	legacy_sfari_score12	664	952	268	1348	0.19881305637982197
legacy_fu_ndd664	panelapp_epilepsy_all	664	914	199	1379	0.14430746918056564
legacy_fu_ndd664	panelapp_epilepsy_green	664	632	169	1127	0.14995563442768411
legacy_fu_ndd664	panelapp_intellectual_disability_all	664	2853	443	3074	0.14411190631099544
legacy_fu_ndd664	panelapp_intellectual_disability_green	664	1513	370	1807	0.20475926950747095
legacy_fu_ndd664	schema_2022_exomewide_10	664	10	4	670	0.005970149253731343
legacy_fu_ndd664	schema_phase2_2026-04-23_bonferroni	664	19	7	676	0.010355029585798817
legacy_fu_ndd664	schema_phase2_2026-04-23_fdr05	664	51	18	697	0.02582496413199426
legacy_fu_ndd664	schema_phase2_2026-05-07_bonferroni	664	19	7	676	0.010355029585798817
legacy_fu_ndd664	schema_phase2_2026-05-07_fdr05	664	51	18	697	0.02582496413199426
legacy_fu_ndd664	schema_phase2_2026-05-26_bonferroni	664	19	7	676	0.010355029585798817
legacy_fu_ndd664	schema_phase2_2026-05-26_fdr05	664	50	17	697	0.024390243902439025
legacy_fu_ndd664	schema_phase2_2026-07-15_bonferroni	664	19	7	676	0.010355029585798817
legacy_fu_ndd664	schema_phase2_2026-07-15_fdr05	664	50	17	697	0.024390243902439025
legacy_fu_ndd664	schema_phase2_2026-08-07_bonferroni	664	19	7	676	0.010355029585798817
legacy_fu_ndd664	schema_phase2_2026-08-07_fdr05	664	50	17	697	0.024390243902439025
legacy_fu_ndd664	schema_phase2_2026-08-21_bonferroni	664	19	7	676	0.010355029585798817
legacy_fu_ndd664	schema_phase2_2026-08-21_fdr05	664	50	17	697	0.024390243902439025
legacy_fu_ndd664	sfari_all_scored	664	1195	321	1538	0.20871261378413525
legacy_fu_ndd664	sfari_score_1	664	245	174	735	0.23673469387755103
legacy_fu_ndd664	sfari_score_2	664	712	95	1281	0.0741608118657299
legacy_fu_ndd664	sfari_score_3	664	238	52	850	0.0611764705882353
legacy_fu_ndd664	sfari_syndromic	664	312	169	807	0.2094175960346964
legacy_satterstrom102	bmi_exomewide_16	102	16	0	118	0.0
legacy_satterstrom102	bmi_exomewide_negative	102	6	0	108	0.0
legacy_satterstrom102	bmi_exomewide_positive	102	10	0	112	0.0
legacy_satterstrom102	epi25_dee_damaging_missense_bonferroni	102	1	0	103	0.0
legacy_satterstrom102	epi25_dee_damaging_missense_fdr05	102	3	1	104	0.009615384615384616
legacy_satterstrom102	epi25_dee_ptv_bonferroni	102	6	3	105	0.02857142857142857
legacy_satterstrom102	epi25_dee_ptv_fdr05	102	11	4	109	0.03669724770642202
legacy_satterstrom102	epi25_epi_damaging_missense_bonferroni	102	1	1	102	0.00980392156862745
legacy_satterstrom102	epi25_epi_damaging_missense_fdr05	102	1	1	102	0.00980392156862745
legacy_satterstrom102	epi25_epi_ptv_bonferroni	102	3	1	104	0.009615384615384616
legacy_satterstrom102	epi25_epi_ptv_fdr05	102	4	1	105	0.009523809523809525
legacy_satterstrom102	epi25_gge_damaging_missense_bonferroni	102	1	1	102	0.00980392156862745
legacy_satterstrom102	epi25_gge_damaging_missense_fdr05	102	1	1	102	0.00980392156862745
legacy_satterstrom102	epi25_gge_ptv_fdr05	102	3	0	105	0.0
legacy_satterstrom102	epi25_nafe_ptv_bonferroni	102	2	0	104	0.0
legacy_satterstrom102	epi25_nafe_ptv_fdr05	102	2	0	104	0.0
legacy_satterstrom102	height_207_gene_p	102	207	3	306	0.00980392156862745
legacy_satterstrom102	height_singleton_plof	102	17	2	117	0.017094017094017096
legacy_satterstrom102	height_singleton_plof_negative	102	11	1	112	0.008928571428571428
legacy_satterstrom102	height_singleton_plof_positive	102	6	1	107	0.009345794392523364
legacy_satterstrom102	legacy_ddg2p_all	102	2530	76	2556	0.0297339593114241
legacy_satterstrom102	legacy_ddg2p_confident	102	1706	65	1743	0.037292025243832475
legacy_satterstrom102	legacy_fu_asd185	102	185	74	213	0.3474178403755869
legacy_satterstrom102	legacy_fu_asd72	102	72	49	125	0.392
legacy_satterstrom102	legacy_fu_dd309	102	309	68	343	0.19825072886297376
legacy_satterstrom102	legacy_fu_dd477	102	477	72	507	0.14201183431952663
legacy_satterstrom102	legacy_fu_ndd373	102	373	78	397	0.1964735516372796
legacy_satterstrom102	legacy_fu_ndd664	102	664	92	674	0.13649851632047477
legacy_satterstrom102	legacy_satterstrom102	102	102	102	102	1.0
legacy_satterstrom102	legacy_schema_fdr05	102	18	1	119	0.008403361344537815
legacy_satterstrom102	legacy_schema_sig	102	10	0	112	0.0
legacy_satterstrom102	legacy_sfari_all	102	1267	100	1269	0.07880220646178093
legacy_satterstrom102	legacy_sfari_hc	102	315	31	386	0.08031088082901554
legacy_satterstrom102	legacy_sfari_score1	102	244	99	247	0.4008097165991903
legacy_satterstrom102	legacy_sfari_score12	102	952	100	954	0.10482180293501048
legacy_satterstrom102	panelapp_epilepsy_all	102	914	42	974	0.043121149897330596
legacy_satterstrom102	panelapp_epilepsy_green	102	632	38	696	0.05459770114942529
legacy_satterstrom102	panelapp_intellectual_disability_all	102	2853	80	2875	0.02782608695652174
legacy_satterstrom102	panelapp_intellectual_disability_green	102	1513	70	1545	0.045307443365695796
legacy_satterstrom102	schema_2022_exomewide_10	102	10	0	112	0.0
legacy_satterstrom102	schema_phase2_2026-04-23_bonferroni	102	19	1	120	0.008333333333333333
legacy_satterstrom102	schema_phase2_2026-04-23_fdr05	102	51	5	148	0.033783783783783786
legacy_satterstrom102	schema_phase2_2026-05-07_bonferroni	102	19	1	120	0.008333333333333333
legacy_satterstrom102	schema_phase2_2026-05-07_fdr05	102	51	5	148	0.033783783783783786
legacy_satterstrom102	schema_phase2_2026-05-26_bonferroni	102	19	1	120	0.008333333333333333
legacy_satterstrom102	schema_phase2_2026-05-26_fdr05	102	50	5	147	0.034013605442176874
legacy_satterstrom102	schema_phase2_2026-07-15_bonferroni	102	19	1	120	0.008333333333333333
legacy_satterstrom102	schema_phase2_2026-07-15_fdr05	102	50	5	147	0.034013605442176874
legacy_satterstrom102	schema_phase2_2026-08-07_bonferroni	102	19	1	120	0.008333333333333333
legacy_satterstrom102	schema_phase2_2026-08-07_fdr05	102	50	5	147	0.034013605442176874
legacy_satterstrom102	schema_phase2_2026-08-21_bonferroni	102	19	1	120	0.008333333333333333
legacy_satterstrom102	schema_phase2_2026-08-21_fdr05	102	50	5	147	0.034013605442176874
legacy_satterstrom102	sfari_all_scored	102	1195	100	1197	0.0835421888053467
legacy_satterstrom102	sfari_score_1	102	245	99	248	0.39919354838709675
legacy_satterstrom102	sfari_score_2	102	712	1	813	0.0012300123001230013
legacy_satterstrom102	sfari_score_3	102	238	0	340	0.0
legacy_satterstrom102	sfari_syndromic	102	312	45	369	0.12195121951219512
legacy_schema_fdr05	bmi_exomewide_16	18	16	0	34	0.0
legacy_schema_fdr05	bmi_exomewide_negative	18	6	0	24	0.0
legacy_schema_fdr05	bmi_exomewide_positive	18	10	0	28	0.0
legacy_schema_fdr05	epi25_dee_damaging_missense_bonferroni	18	1	0	19	0.0
legacy_schema_fdr05	epi25_dee_damaging_missense_fdr05	18	3	0	21	0.0
legacy_schema_fdr05	epi25_dee_ptv_bonferroni	18	6	0	24	0.0
legacy_schema_fdr05	epi25_dee_ptv_fdr05	18	11	0	29	0.0
legacy_schema_fdr05	epi25_epi_damaging_missense_bonferroni	18	1	0	19	0.0
legacy_schema_fdr05	epi25_epi_damaging_missense_fdr05	18	1	0	19	0.0
legacy_schema_fdr05	epi25_epi_ptv_bonferroni	18	3	0	21	0.0
legacy_schema_fdr05	epi25_epi_ptv_fdr05	18	4	0	22	0.0
legacy_schema_fdr05	epi25_gge_damaging_missense_bonferroni	18	1	1	18	0.05555555555555555
legacy_schema_fdr05	epi25_gge_damaging_missense_fdr05	18	1	1	18	0.05555555555555555
legacy_schema_fdr05	epi25_gge_ptv_fdr05	18	3	0	21	0.0
legacy_schema_fdr05	epi25_nafe_ptv_bonferroni	18	2	0	20	0.0
legacy_schema_fdr05	epi25_nafe_ptv_fdr05	18	2	0	20	0.0
legacy_schema_fdr05	height_207_gene_p	18	207	1	224	0.004464285714285714
legacy_schema_fdr05	height_singleton_plof	18	17	0	35	0.0
legacy_schema_fdr05	height_singleton_plof_negative	18	11	0	29	0.0
legacy_schema_fdr05	height_singleton_plof_positive	18	6	0	24	0.0
legacy_schema_fdr05	legacy_ddg2p_all	18	2530	9	2539	0.0035447026388341868
legacy_schema_fdr05	legacy_ddg2p_confident	18	1706	6	1718	0.0034924330616996507
legacy_schema_fdr05	legacy_fu_asd185	18	185	3	200	0.015
legacy_schema_fdr05	legacy_fu_asd72	18	72	1	89	0.011235955056179775
legacy_schema_fdr05	legacy_fu_dd309	18	309	7	320	0.021875
legacy_schema_fdr05	legacy_fu_dd477	18	477	7	488	0.014344262295081968
legacy_schema_fdr05	legacy_fu_ndd373	18	373	7	384	0.018229166666666668
legacy_schema_fdr05	legacy_fu_ndd664	18	664	8	674	0.011869436201780416
legacy_schema_fdr05	legacy_satterstrom102	18	102	1	119	0.008403361344537815
legacy_schema_fdr05	legacy_schema_fdr05	18	18	18	18	1.0
legacy_schema_fdr05	legacy_schema_sig	18	10	10	18	0.5555555555555556
legacy_schema_fdr05	legacy_sfari_all	18	1267	10	1275	0.00784313725490196
legacy_schema_fdr05	legacy_sfari_hc	18	315	1	332	0.0030120481927710845
legacy_schema_fdr05	legacy_sfari_score1	18	244	4	258	0.015503875968992248
legacy_schema_fdr05	legacy_sfari_score12	18	952	8	962	0.008316008316008316
legacy_schema_fdr05	panelapp_epilepsy_all	18	914	7	925	0.0075675675675675675
legacy_schema_fdr05	panelapp_epilepsy_green	18	632	6	644	0.009316770186335404
legacy_schema_fdr05	panelapp_intellectual_disability_all	18	2853	11	2860	0.0038461538461538464
legacy_schema_fdr05	panelapp_intellectual_disability_green	18	1513	10	1521	0.006574621959237344
legacy_schema_fdr05	schema_2022_exomewide_10	18	10	10	18	0.5555555555555556
legacy_schema_fdr05	schema_phase2_2026-04-23_bonferroni	18	19	8	29	0.27586206896551724
legacy_schema_fdr05	schema_phase2_2026-04-23_fdr05	18	51	9	60	0.15
legacy_schema_fdr05	schema_phase2_2026-05-07_bonferroni	18	19	8	29	0.27586206896551724
legacy_schema_fdr05	schema_phase2_2026-05-07_fdr05	18	51	9	60	0.15
legacy_schema_fdr05	schema_phase2_2026-05-26_bonferroni	18	19	8	29	0.27586206896551724
legacy_schema_fdr05	schema_phase2_2026-05-26_fdr05	18	50	9	59	0.15254237288135594
legacy_schema_fdr05	schema_phase2_2026-07-15_bonferroni	18	19	8	29	0.27586206896551724
legacy_schema_fdr05	schema_phase2_2026-07-15_fdr05	18	50	9	59	0.15254237288135594
legacy_schema_fdr05	schema_phase2_2026-08-07_bonferroni	18	19	8	29	0.27586206896551724
legacy_schema_fdr05	schema_phase2_2026-08-07_fdr05	18	50	9	59	0.15254237288135594
legacy_schema_fdr05	schema_phase2_2026-08-21_bonferroni	18	19	8	29	0.27586206896551724
legacy_schema_fdr05	schema_phase2_2026-08-21_fdr05	18	50	9	59	0.15254237288135594
legacy_schema_fdr05	sfari_all_scored	18	1195	8	1205	0.006639004149377593
legacy_schema_fdr05	sfari_score_1	18	245	4	259	0.015444015444015444
legacy_schema_fdr05	sfari_score_2	18	712	4	726	0.005509641873278237
legacy_schema_fdr05	sfari_score_3	18	238	0	256	0.0
legacy_schema_fdr05	sfari_syndromic	18	312	5	325	0.015384615384615385
legacy_schema_sig	bmi_exomewide_16	10	16	0	26	0.0
legacy_schema_sig	bmi_exomewide_negative	10	6	0	16	0.0
legacy_schema_sig	bmi_exomewide_positive	10	10	0	20	0.0
legacy_schema_sig	epi25_dee_damaging_missense_bonferroni	10	1	0	11	0.0
legacy_schema_sig	epi25_dee_damaging_missense_fdr05	10	3	0	13	0.0
legacy_schema_sig	epi25_dee_ptv_bonferroni	10	6	0	16	0.0
legacy_schema_sig	epi25_dee_ptv_fdr05	10	11	0	21	0.0
legacy_schema_sig	epi25_epi_damaging_missense_bonferroni	10	1	0	11	0.0
legacy_schema_sig	epi25_epi_damaging_missense_fdr05	10	1	0	11	0.0
legacy_schema_sig	epi25_epi_ptv_bonferroni	10	3	0	13	0.0
legacy_schema_sig	epi25_epi_ptv_fdr05	10	4	0	14	0.0
legacy_schema_sig	epi25_gge_damaging_missense_bonferroni	10	1	0	11	0.0
legacy_schema_sig	epi25_gge_damaging_missense_fdr05	10	1	0	11	0.0
legacy_schema_sig	epi25_gge_ptv_fdr05	10	3	0	13	0.0
legacy_schema_sig	epi25_nafe_ptv_bonferroni	10	2	0	12	0.0
legacy_schema_sig	epi25_nafe_ptv_fdr05	10	2	0	12	0.0
legacy_schema_sig	height_207_gene_p	10	207	1	216	0.004629629629629629
legacy_schema_sig	height_singleton_plof	10	17	0	27	0.0
legacy_schema_sig	height_singleton_plof_negative	10	11	0	21	0.0
legacy_schema_sig	height_singleton_plof_positive	10	6	0	16	0.0
legacy_schema_sig	legacy_ddg2p_all	10	2530	6	2534	0.0023677979479084454
legacy_schema_sig	legacy_ddg2p_confident	10	1706	3	1713	0.0017513134851138354
legacy_schema_sig	legacy_fu_asd185	10	185	0	195	0.0
legacy_schema_sig	legacy_fu_asd72	10	72	0	82	0.0
legacy_schema_sig	legacy_fu_dd309	10	309	4	315	0.012698412698412698
legacy_schema_sig	legacy_fu_dd477	10	477	4	483	0.008281573498964804
legacy_schema_sig	legacy_fu_ndd373	10	373	4	379	0.010554089709762533
legacy_schema_sig	legacy_fu_ndd664	10	664	4	670	0.005970149253731343
legacy_schema_sig	legacy_satterstrom102	10	102	0	112	0.0
legacy_schema_sig	legacy_schema_fdr05	10	18	10	18	0.5555555555555556
legacy_schema_sig	legacy_schema_sig	10	10	10	10	1.0
legacy_schema_sig	legacy_sfari_all	10	1267	6	1271	0.004720692368214005
legacy_schema_sig	legacy_sfari_hc	10	315	1	324	0.0030864197530864196
legacy_schema_sig	legacy_sfari_score1	10	244	3	251	0.01195219123505976
legacy_schema_sig	legacy_sfari_score12	10	952	5	957	0.00522466039707419
legacy_schema_sig	panelapp_epilepsy_all	10	914	3	921	0.003257328990228013
legacy_schema_sig	panelapp_epilepsy_green	10	632	3	639	0.004694835680751174
legacy_schema_sig	panelapp_intellectual_disability_all	10	2853	6	2857	0.0021001050052502626
legacy_schema_sig	panelapp_intellectual_disability_green	10	1513	6	1517	0.003955174686882004
legacy_schema_sig	schema_2022_exomewide_10	10	10	10	10	1.0
legacy_schema_sig	schema_phase2_2026-04-23_bonferroni	10	19	7	22	0.3181818181818182
legacy_schema_sig	schema_phase2_2026-04-23_fdr05	10	51	7	54	0.12962962962962962
legacy_schema_sig	schema_phase2_2026-05-07_bonferroni	10	19	7	22	0.3181818181818182
legacy_schema_sig	schema_phase2_2026-05-07_fdr05	10	51	7	54	0.12962962962962962
legacy_schema_sig	schema_phase2_2026-05-26_bonferroni	10	19	7	22	0.3181818181818182
legacy_schema_sig	schema_phase2_2026-05-26_fdr05	10	50	7	53	0.1320754716981132
legacy_schema_sig	schema_phase2_2026-07-15_bonferroni	10	19	7	22	0.3181818181818182
legacy_schema_sig	schema_phase2_2026-07-15_fdr05	10	50	7	53	0.1320754716981132
legacy_schema_sig	schema_phase2_2026-08-07_bonferroni	10	19	7	22	0.3181818181818182
legacy_schema_sig	schema_phase2_2026-08-07_fdr05	10	50	7	53	0.1320754716981132
legacy_schema_sig	schema_phase2_2026-08-21_bonferroni	10	19	7	22	0.3181818181818182
legacy_schema_sig	schema_phase2_2026-08-21_fdr05	10	50	7	53	0.1320754716981132
legacy_schema_sig	sfari_all_scored	10	1195	5	1200	0.004166666666666667
legacy_schema_sig	sfari_score_1	10	245	3	252	0.011904761904761904
legacy_schema_sig	sfari_score_2	10	712	2	720	0.002777777777777778
legacy_schema_sig	sfari_score_3	10	238	0	248	0.0
legacy_schema_sig	sfari_syndromic	10	312	3	319	0.009404388714733543
legacy_sfari_all	bmi_exomewide_16	1267	16	1	1282	0.00078003120124805
legacy_sfari_all	bmi_exomewide_negative	1267	6	0	1273	0.0
legacy_sfari_all	bmi_exomewide_positive	1267	10	1	1276	0.0007836990595611285
legacy_sfari_all	epi25_dee_damaging_missense_bonferroni	1267	1	1	1267	0.0007892659826361484
legacy_sfari_all	epi25_dee_damaging_missense_fdr05	1267	3	3	1267	0.0023677979479084454
legacy_sfari_all	epi25_dee_ptv_bonferroni	1267	6	4	1269	0.0031520882584712374
legacy_sfari_all	epi25_dee_ptv_fdr05	1267	11	8	1270	0.006299212598425197
legacy_sfari_all	epi25_epi_damaging_missense_bonferroni	1267	1	1	1267	0.0007892659826361484
legacy_sfari_all	epi25_epi_damaging_missense_fdr05	1267	1	1	1267	0.0007892659826361484
legacy_sfari_all	epi25_epi_ptv_bonferroni	1267	3	3	1267	0.0023677979479084454
legacy_sfari_all	epi25_epi_ptv_fdr05	1267	4	3	1268	0.002365930599369085
legacy_sfari_all	epi25_gge_damaging_missense_bonferroni	1267	1	1	1267	0.0007892659826361484
legacy_sfari_all	epi25_gge_damaging_missense_fdr05	1267	1	1	1267	0.0007892659826361484
legacy_sfari_all	epi25_gge_ptv_fdr05	1267	3	1	1269	0.0007880220646178094
legacy_sfari_all	epi25_nafe_ptv_bonferroni	1267	2	1	1268	0.0007886435331230284
legacy_sfari_all	epi25_nafe_ptv_fdr05	1267	2	1	1268	0.0007886435331230284
legacy_sfari_all	height_207_gene_p	1267	207	25	1449	0.01725327812284334
legacy_sfari_all	height_singleton_plof	1267	17	5	1279	0.003909304143862392
legacy_sfari_all	height_singleton_plof_negative	1267	11	3	1275	0.002352941176470588
legacy_sfari_all	height_singleton_plof_positive	1267	6	2	1271	0.0015735641227380016
legacy_sfari_all	legacy_ddg2p_all	1267	2530	590	3207	0.18397256002494544
legacy_sfari_all	legacy_ddg2p_confident	1267	1706	408	2565	0.15906432748538013
legacy_sfari_all	legacy_fu_asd185	1267	185	145	1307	0.11094108645753634
legacy_sfari_all	legacy_fu_asd72	1267	72	69	1270	0.05433070866141732
legacy_sfari_all	legacy_fu_dd309	1267	309	217	1359	0.15967623252391464
legacy_sfari_all	legacy_fu_dd477	1267	477	268	1476	0.18157181571815717
legacy_sfari_all	legacy_fu_ndd373	1267	373	262	1378	0.19013062409288825
legacy_sfari_all	legacy_fu_ndd664	1267	664	347	1584	0.21906565656565657
legacy_sfari_all	legacy_satterstrom102	1267	102	100	1269	0.07880220646178093
legacy_sfari_all	legacy_schema_fdr05	1267	18	10	1275	0.00784313725490196
legacy_sfari_all	legacy_schema_sig	1267	10	6	1271	0.004720692368214005
legacy_sfari_all	legacy_sfari_all	1267	1267	1267	1267	1.0
legacy_sfari_all	legacy_sfari_hc	1267	315	315	1267	0.24861878453038674
legacy_sfari_all	legacy_sfari_score1	1267	244	244	1267	0.1925808997632202
legacy_sfari_all	legacy_sfari_score12	1267	952	952	1267	0.7513812154696132
legacy_sfari_all	panelapp_epilepsy_all	1267	914	272	1909	0.14248297537978
legacy_sfari_all	panelapp_epilepsy_green	1267	632	220	1679	0.13103037522334723
legacy_sfari_all	panelapp_intellectual_disability_all	1267	2853	660	3460	0.1907514450867052
legacy_sfari_all	panelapp_intellectual_disability_green	1267	1513	491	2289	0.2145041502839668
legacy_sfari_all	schema_2022_exomewide_10	1267	10	6	1271	0.004720692368214005
legacy_sfari_all	schema_phase2_2026-04-23_bonferroni	1267	19	11	1275	0.008627450980392156
legacy_sfari_all	schema_phase2_2026-04-23_fdr05	1267	51	28	1290	0.021705426356589147
legacy_sfari_all	schema_phase2_2026-05-07_bonferroni	1267	19	11	1275	0.008627450980392156
legacy_sfari_all	schema_phase2_2026-05-07_fdr05	1267	51	28	1290	0.021705426356589147
legacy_sfari_all	schema_phase2_2026-05-26_bonferroni	1267	19	11	1275	0.008627450980392156
legacy_sfari_all	schema_phase2_2026-05-26_fdr05	1267	50	27	1290	0.020930232558139535
legacy_sfari_all	schema_phase2_2026-07-15_bonferroni	1267	19	11	1275	0.008627450980392156
legacy_sfari_all	schema_phase2_2026-07-15_fdr05	1267	50	27	1290	0.020930232558139535
legacy_sfari_all	schema_phase2_2026-08-07_bonferroni	1267	19	11	1275	0.008627450980392156
legacy_sfari_all	schema_phase2_2026-08-07_fdr05	1267	50	27	1290	0.020930232558139535
legacy_sfari_all	schema_phase2_2026-08-21_bonferroni	1267	19	11	1275	0.008627450980392156
legacy_sfari_all	schema_phase2_2026-08-21_fdr05	1267	50	27	1290	0.020930232558139535
legacy_sfari_all	sfari_all_scored	1267	1195	1173	1289	0.9100077579519007
legacy_sfari_all	sfari_score_1	1267	245	244	1268	0.19242902208201892
legacy_sfari_all	sfari_score_2	1267	712	708	1271	0.5570416994492525
legacy_sfari_all	sfari_score_3	1267	238	221	1284	0.1721183800623053
legacy_sfari_all	sfari_syndromic	1267	312	312	1267	0.2462509865824783
legacy_sfari_hc	bmi_exomewide_16	315	16	0	331	0.0
legacy_sfari_hc	bmi_exomewide_negative	315	6	0	321	0.0
legacy_sfari_hc	bmi_exomewide_positive	315	10	0	325	0.0
legacy_sfari_hc	epi25_dee_damaging_missense_bonferroni	315	1	0	316	0.0
legacy_sfari_hc	epi25_dee_damaging_missense_fdr05	315	3	0	318	0.0
legacy_sfari_hc	epi25_dee_ptv_bonferroni	315	6	0	321	0.0
legacy_sfari_hc	epi25_dee_ptv_fdr05	315	11	0	326	0.0
legacy_sfari_hc	epi25_epi_damaging_missense_bonferroni	315	1	0	316	0.0
legacy_sfari_hc	epi25_epi_damaging_missense_fdr05	315	1	0	316	0.0
legacy_sfari_hc	epi25_epi_ptv_bonferroni	315	3	0	318	0.0
legacy_sfari_hc	epi25_epi_ptv_fdr05	315	4	0	319	0.0
legacy_sfari_hc	epi25_gge_damaging_missense_bonferroni	315	1	0	316	0.0
legacy_sfari_hc	epi25_gge_damaging_missense_fdr05	315	1	0	316	0.0
legacy_sfari_hc	epi25_gge_ptv_fdr05	315	3	0	318	0.0
legacy_sfari_hc	epi25_nafe_ptv_bonferroni	315	2	0	317	0.0
legacy_sfari_hc	epi25_nafe_ptv_fdr05	315	2	0	317	0.0
legacy_sfari_hc	height_207_gene_p	315	207	4	518	0.007722007722007722
legacy_sfari_hc	height_singleton_plof	315	17	1	331	0.0030211480362537764
legacy_sfari_hc	height_singleton_plof_negative	315	11	1	325	0.003076923076923077
legacy_sfari_hc	height_singleton_plof_positive	315	6	0	321	0.0
legacy_sfari_hc	legacy_ddg2p_all	315	2530	56	2789	0.020078881319469343
legacy_sfari_hc	legacy_ddg2p_confident	315	1706	31	1990	0.015577889447236181
legacy_sfari_hc	legacy_fu_asd185	315	185	20	480	0.041666666666666664
legacy_sfari_hc	legacy_fu_asd72	315	72	6	381	0.015748031496062992
legacy_sfari_hc	legacy_fu_dd309	315	309	16	608	0.02631578947368421
legacy_sfari_hc	legacy_fu_dd477	315	477	20	772	0.025906735751295335
legacy_sfari_hc	legacy_fu_ndd373	315	373	19	669	0.028400597907324365
legacy_sfari_hc	legacy_fu_ndd664	315	664	43	936	0.045940170940170943
legacy_sfari_hc	legacy_satterstrom102	315	102	31	386	0.08031088082901554
legacy_sfari_hc	legacy_schema_fdr05	315	18	1	332	0.0030120481927710845
legacy_sfari_hc	legacy_schema_sig	315	10	1	324	0.0030864197530864196
legacy_sfari_hc	legacy_sfari_all	315	1267	315	1267	0.24861878453038674
legacy_sfari_hc	legacy_sfari_hc	315	315	315	315	1.0
legacy_sfari_hc	legacy_sfari_score1	315	244	45	514	0.08754863813229571
legacy_sfari_hc	legacy_sfari_score12	315	952	314	953	0.32948583420776495
legacy_sfari_hc	panelapp_epilepsy_all	315	914	24	1205	0.01991701244813278
legacy_sfari_hc	panelapp_epilepsy_green	315	632	19	928	0.020474137931034482
legacy_sfari_hc	panelapp_intellectual_disability_all	315	2853	80	3088	0.025906735751295335
legacy_sfari_hc	panelapp_intellectual_disability_green	315	1513	38	1790	0.021229050279329607
legacy_sfari_hc	schema_2022_exomewide_10	315	10	1	324	0.0030864197530864196
legacy_sfari_hc	schema_phase2_2026-04-23_bonferroni	315	19	1	333	0.003003003003003003
legacy_sfari_hc	schema_phase2_2026-04-23_fdr05	315	51	3	363	0.008264462809917356
legacy_sfari_hc	schema_phase2_2026-05-07_bonferroni	315	19	1	333	0.003003003003003003
legacy_sfari_hc	schema_phase2_2026-05-07_fdr05	315	51	3	363	0.008264462809917356
legacy_sfari_hc	schema_phase2_2026-05-26_bonferroni	315	19	1	333	0.003003003003003003
legacy_sfari_hc	schema_phase2_2026-05-26_fdr05	315	50	3	362	0.008287292817679558
legacy_sfari_hc	schema_phase2_2026-07-15_bonferroni	315	19	1	333	0.003003003003003003
legacy_sfari_hc	schema_phase2_2026-07-15_fdr05	315	50	3	362	0.008287292817679558
legacy_sfari_hc	schema_phase2_2026-08-07_bonferroni	315	19	1	333	0.003003003003003003
legacy_sfari_hc	schema_phase2_2026-08-07_fdr05	315	50	3	362	0.008287292817679558
legacy_sfari_hc	schema_phase2_2026-08-21_bonferroni	315	19	1	333	0.003003003003003003
legacy_sfari_hc	schema_phase2_2026-08-21_fdr05	315	50	3	362	0.008287292817679558
legacy_sfari_hc	sfari_all_scored	315	1195	314	1196	0.2625418060200669
legacy_sfari_hc	sfari_score_1	315	245	45	515	0.08737864077669903
legacy_sfari_hc	sfari_score_2	315	712	269	758	0.3548812664907652
legacy_sfari_hc	sfari_score_3	315	238	0	553	0.0
legacy_sfari_hc	sfari_syndromic	315	312	2	625	0.0032
legacy_sfari_score1	bmi_exomewide_16	244	16	0	260	0.0
legacy_sfari_score1	bmi_exomewide_negative	244	6	0	250	0.0
legacy_sfari_score1	bmi_exomewide_positive	244	10	0	254	0.0
legacy_sfari_score1	epi25_dee_damaging_missense_bonferroni	244	1	0	245	0.0
legacy_sfari_score1	epi25_dee_damaging_missense_fdr05	244	3	1	246	0.0040650406504065045
legacy_sfari_score1	epi25_dee_ptv_bonferroni	244	6	4	246	0.016260162601626018
legacy_sfari_score1	epi25_dee_ptv_fdr05	244	11	8	247	0.032388663967611336
legacy_sfari_score1	epi25_epi_damaging_missense_bonferroni	244	1	1	244	0.004098360655737705
legacy_sfari_score1	epi25_epi_damaging_missense_fdr05	244	1	1	244	0.004098360655737705
legacy_sfari_score1	epi25_epi_ptv_bonferroni	244	3	2	245	0.00816326530612245
legacy_sfari_score1	epi25_epi_ptv_fdr05	244	4	2	246	0.008130081300813009
legacy_sfari_score1	epi25_gge_damaging_missense_bonferroni	244	1	1	244	0.004098360655737705
legacy_sfari_score1	epi25_gge_damaging_missense_fdr05	244	1	1	244	0.004098360655737705
legacy_sfari_score1	epi25_gge_ptv_fdr05	244	3	0	247	0.0
legacy_sfari_score1	epi25_nafe_ptv_bonferroni	244	2	0	246	0.0
legacy_sfari_score1	epi25_nafe_ptv_fdr05	244	2	0	246	0.0
legacy_sfari_score1	height_207_gene_p	244	207	6	445	0.01348314606741573
legacy_sfari_score1	height_singleton_plof	244	17	3	258	0.011627906976744186
legacy_sfari_score1	height_singleton_plof_negative	244	11	2	253	0.007905138339920948
legacy_sfari_score1	height_singleton_plof_positive	244	6	1	249	0.004016064257028112
legacy_sfari_score1	legacy_ddg2p_all	244	2530	196	2578	0.07602792862684252
legacy_sfari_score1	legacy_ddg2p_confident	244	1706	156	1794	0.08695652173913043
legacy_sfari_score1	legacy_fu_asd185	244	185	106	323	0.3281733746130031
legacy_sfari_score1	legacy_fu_asd72	244	72	63	253	0.2490118577075099
legacy_sfari_score1	legacy_fu_dd309	244	309	120	433	0.27713625866050806
legacy_sfari_score1	legacy_fu_dd477	244	477	136	585	0.23247863247863249
legacy_sfari_score1	legacy_fu_ndd373	244	373	144	473	0.3044397463002114
legacy_sfari_score1	legacy_fu_ndd664	244	664	174	734	0.23705722070844687
legacy_sfari_score1	legacy_satterstrom102	244	102	99	247	0.4008097165991903
legacy_sfari_score1	legacy_schema_fdr05	244	18	4	258	0.015503875968992248
legacy_sfari_score1	legacy_schema_sig	244	10	3	251	0.01195219123505976
legacy_sfari_score1	legacy_sfari_all	244	1267	244	1267	0.1925808997632202
legacy_sfari_score1	legacy_sfari_hc	244	315	45	514	0.08754863813229571
legacy_sfari_score1	legacy_sfari_score1	244	244	244	244	1.0
legacy_sfari_score1	legacy_sfari_score12	244	952	244	952	0.25630252100840334
legacy_sfari_score1	panelapp_epilepsy_all	244	914	101	1057	0.09555345316934721
legacy_sfari_score1	panelapp_epilepsy_green	244	632	90	786	0.11450381679389313
legacy_sfari_score1	panelapp_intellectual_disability_all	244	2853	206	2891	0.07125562089242476
legacy_sfari_score1	panelapp_intellectual_disability_green	244	1513	184	1573	0.11697393515575334
legacy_sfari_score1	schema_2022_exomewide_10	244	10	3	251	0.01195219123505976
legacy_sfari_score1	schema_phase2_2026-04-23_bonferroni	244	19	3	260	0.011538461538461539
legacy_sfari_score1	schema_phase2_2026-04-23_fdr05	244	51	11	284	0.03873239436619718
legacy_sfari_score1	schema_phase2_2026-05-07_bonferroni	244	19	3	260	0.011538461538461539
legacy_sfari_score1	schema_phase2_2026-05-07_fdr05	244	51	11	284	0.03873239436619718
legacy_sfari_score1	schema_phase2_2026-05-26_bonferroni	244	19	3	260	0.011538461538461539
legacy_sfari_score1	schema_phase2_2026-05-26_fdr05	244	50	10	284	0.035211267605633804
legacy_sfari_score1	schema_phase2_2026-07-15_bonferroni	244	19	3	260	0.011538461538461539
legacy_sfari_score1	schema_phase2_2026-07-15_fdr05	244	50	10	284	0.035211267605633804
legacy_sfari_score1	schema_phase2_2026-08-07_bonferroni	244	19	3	260	0.011538461538461539
legacy_sfari_score1	schema_phase2_2026-08-07_fdr05	244	50	10	284	0.035211267605633804
legacy_sfari_score1	schema_phase2_2026-08-21_bonferroni	244	19	3	260	0.011538461538461539
legacy_sfari_score1	schema_phase2_2026-08-21_fdr05	244	50	10	284	0.035211267605633804
legacy_sfari_score1	sfari_all_scored	244	1195	244	1195	0.20418410041841004
legacy_sfari_score1	sfari_score_1	244	245	244	245	0.9959183673469387
legacy_sfari_score1	sfari_score_2	244	712	0	956	0.0
legacy_sfari_score1	sfari_score_3	244	238	0	482	0.0
legacy_sfari_score1	sfari_syndromic	244	312	121	435	0.27816091954022987
legacy_sfari_score12	bmi_exomewide_16	952	16	0	968	0.0
legacy_sfari_score12	bmi_exomewide_negative	952	6	0	958	0.0
legacy_sfari_score12	bmi_exomewide_positive	952	10	0	962	0.0
legacy_sfari_score12	epi25_dee_damaging_missense_bonferroni	952	1	1	952	0.0010504201680672268
legacy_sfari_score12	epi25_dee_damaging_missense_fdr05	952	3	3	952	0.0031512605042016808
legacy_sfari_score12	epi25_dee_ptv_bonferroni	952	6	4	954	0.0041928721174004195
legacy_sfari_score12	epi25_dee_ptv_fdr05	952	11	8	955	0.008376963350785341
legacy_sfari_score12	epi25_epi_damaging_missense_bonferroni	952	1	1	952	0.0010504201680672268
legacy_sfari_score12	epi25_epi_damaging_missense_fdr05	952	1	1	952	0.0010504201680672268
legacy_sfari_score12	epi25_epi_ptv_bonferroni	952	3	2	953	0.002098635886673662
legacy_sfari_score12	epi25_epi_ptv_fdr05	952	4	2	954	0.0020964360587002098
legacy_sfari_score12	epi25_gge_damaging_missense_bonferroni	952	1	1	952	0.0010504201680672268
legacy_sfari_score12	epi25_gge_damaging_missense_fdr05	952	1	1	952	0.0010504201680672268
legacy_sfari_score12	epi25_gge_ptv_fdr05	952	3	1	954	0.0010482180293501049
legacy_sfari_score12	epi25_nafe_ptv_bonferroni	952	2	0	954	0.0
legacy_sfari_score12	epi25_nafe_ptv_fdr05	952	2	0	954	0.0
legacy_sfari_score12	height_207_gene_p	952	207	16	1143	0.01399825021872266
legacy_sfari_score12	height_singleton_plof	952	17	5	964	0.005186721991701245
legacy_sfari_score12	height_singleton_plof_negative	952	11	3	960	0.003125
legacy_sfari_score12	height_singleton_plof_positive	952	6	2	956	0.0020920502092050207
legacy_sfari_score12	legacy_ddg2p_all	952	2530	400	3082	0.12978585334198572
legacy_sfari_score12	legacy_ddg2p_confident	952	1706	284	2374	0.11962931760741365
legacy_sfari_score12	legacy_fu_asd185	952	185	136	1001	0.13586413586413587
legacy_sfari_score12	legacy_fu_asd72	952	72	68	956	0.07112970711297072
legacy_sfari_score12	legacy_fu_dd309	952	309	164	1097	0.14949863263445762
legacy_sfari_score12	legacy_fu_dd477	952	477	200	1229	0.16273393002441008
legacy_sfari_score12	legacy_fu_ndd373	952	373	202	1123	0.1798753339269813
legacy_sfari_score12	legacy_fu_ndd664	952	664	268	1348	0.19881305637982197
legacy_sfari_score12	legacy_satterstrom102	952	102	100	954	0.10482180293501048
legacy_sfari_score12	legacy_schema_fdr05	952	18	8	962	0.008316008316008316
legacy_sfari_score12	legacy_schema_sig	952	10	5	957	0.00522466039707419
legacy_sfari_score12	legacy_sfari_all	952	1267	952	1267	0.7513812154696132
legacy_sfari_score12	legacy_sfari_hc	952	315	314	953	0.32948583420776495
legacy_sfari_score12	legacy_sfari_score1	952	244	244	952	0.25630252100840334
legacy_sfari_score12	legacy_sfari_score12	952	952	952	952	1.0
legacy_sfari_score12	panelapp_epilepsy_all	952	914	178	1688	0.10545023696682465
legacy_sfari_score12	panelapp_epilepsy_green	952	632	147	1437	0.1022964509394572
legacy_sfari_score12	panelapp_intellectual_disability_all	952	2853	460	3345	0.1375186846038864
legacy_sfari_score12	panelapp_intellectual_disability_green	952	1513	338	2127	0.15890926187118007
legacy_sfari_score12	schema_2022_exomewide_10	952	10	5	957	0.00522466039707419
legacy_sfari_score12	schema_phase2_2026-04-23_bonferroni	952	19	8	963	0.008307372793354102
legacy_sfari_score12	schema_phase2_2026-04-23_fdr05	952	51	23	980	0.02346938775510204
legacy_sfari_score12	schema_phase2_2026-05-07_bonferroni	952	19	8	963	0.008307372793354102
legacy_sfari_score12	schema_phase2_2026-05-07_fdr05	952	51	23	980	0.02346938775510204
legacy_sfari_score12	schema_phase2_2026-05-26_bonferroni	952	19	8	963	0.008307372793354102
legacy_sfari_score12	schema_phase2_2026-05-26_fdr05	952	50	22	980	0.022448979591836733
legacy_sfari_score12	schema_phase2_2026-07-15_bonferroni	952	19	8	963	0.008307372793354102
legacy_sfari_score12	schema_phase2_2026-07-15_fdr05	952	50	22	980	0.022448979591836733
legacy_sfari_score12	schema_phase2_2026-08-07_bonferroni	952	19	8	963	0.008307372793354102
legacy_sfari_score12	schema_phase2_2026-08-07_fdr05	952	50	22	980	0.022448979591836733
legacy_sfari_score12	schema_phase2_2026-08-21_bonferroni	952	19	8	963	0.008307372793354102
legacy_sfari_score12	schema_phase2_2026-08-21_fdr05	952	50	22	980	0.022448979591836733
legacy_sfari_score12	sfari_all_scored	952	1195	952	1195	0.796652719665272
legacy_sfari_score12	sfari_score_1	952	245	244	953	0.25603357817418676
legacy_sfari_score12	sfari_score_2	952	712	708	956	0.7405857740585774
legacy_sfari_score12	sfari_score_3	952	238	0	1190	0.0
legacy_sfari_score12	sfari_syndromic	952	312	173	1091	0.15857011915673694
panelapp_epilepsy_all	bmi_exomewide_16	914	16	2	928	0.0021551724137931034
panelapp_epilepsy_all	bmi_exomewide_negative	914	6	0	920	0.0
panelapp_epilepsy_all	bmi_exomewide_positive	914	10	2	922	0.0021691973969631237
panelapp_epilepsy_all	epi25_dee_damaging_missense_bonferroni	914	1	0	915	0.0
panelapp_epilepsy_all	epi25_dee_damaging_missense_fdr05	914	3	2	915	0.002185792349726776
panelapp_epilepsy_all	epi25_dee_ptv_bonferroni	914	6	6	914	0.006564551422319475
panelapp_epilepsy_all	epi25_dee_ptv_fdr05	914	11	11	914	0.012035010940919038
panelapp_epilepsy_all	epi25_epi_damaging_missense_bonferroni	914	1	1	914	0.0010940919037199124
panelapp_epilepsy_all	epi25_epi_damaging_missense_fdr05	914	1	1	914	0.0010940919037199124
panelapp_epilepsy_all	epi25_epi_ptv_bonferroni	914	3	3	914	0.0032822757111597373
panelapp_epilepsy_all	epi25_epi_ptv_fdr05	914	4	4	914	0.00437636761487965
panelapp_epilepsy_all	epi25_gge_damaging_missense_bonferroni	914	1	1	914	0.0010940919037199124
panelapp_epilepsy_all	epi25_gge_damaging_missense_fdr05	914	1	1	914	0.0010940919037199124
panelapp_epilepsy_all	epi25_gge_ptv_fdr05	914	3	2	915	0.002185792349726776
panelapp_epilepsy_all	epi25_nafe_ptv_bonferroni	914	2	2	914	0.002188183807439825
panelapp_epilepsy_all	epi25_nafe_ptv_fdr05	914	2	2	914	0.002188183807439825
panelapp_epilepsy_all	height_207_gene_p	914	207	11	1110	0.00990990990990991
panelapp_epilepsy_all	height_singleton_plof	914	17	1	930	0.001075268817204301
panelapp_epilepsy_all	height_singleton_plof_negative	914	11	1	924	0.0010822510822510823
panelapp_epilepsy_all	height_singleton_plof_positive	914	6	0	920	0.0
panelapp_epilepsy_all	legacy_ddg2p_all	914	2530	696	2748	0.25327510917030566
panelapp_epilepsy_all	legacy_ddg2p_confident	914	1706	497	2123	0.23410268487988695
panelapp_epilepsy_all	legacy_fu_asd185	914	185	64	1035	0.06183574879227053
panelapp_epilepsy_all	legacy_fu_asd72	914	72	35	951	0.03680336487907466
panelapp_epilepsy_all	legacy_fu_dd309	914	309	137	1086	0.1261510128913444
panelapp_epilepsy_all	legacy_fu_dd477	914	477	173	1218	0.14203612479474548
panelapp_epilepsy_all	legacy_fu_ndd373	914	373	158	1129	0.13994685562444642
panelapp_epilepsy_all	legacy_fu_ndd664	914	664	199	1379	0.14430746918056564
panelapp_epilepsy_all	legacy_satterstrom102	914	102	42	974	0.043121149897330596
panelapp_epilepsy_all	legacy_schema_fdr05	914	18	7	925	0.0075675675675675675
panelapp_epilepsy_all	legacy_schema_sig	914	10	3	921	0.003257328990228013
panelapp_epilepsy_all	legacy_sfari_all	914	1267	272	1909	0.14248297537978
panelapp_epilepsy_all	legacy_sfari_hc	914	315	24	1205	0.01991701244813278
panelapp_epilepsy_all	legacy_sfari_score1	914	244	101	1057	0.09555345316934721
panelapp_epilepsy_all	legacy_sfari_score12	914	952	178	1688	0.10545023696682465
panelapp_epilepsy_all	panelapp_epilepsy_all	914	914	914	914	1.0
panelapp_epilepsy_all	panelapp_epilepsy_green	914	632	632	914	0.6914660831509847
panelapp_epilepsy_all	panelapp_intellectual_disability_all	914	2853	848	2919	0.2905104487838301
panelapp_epilepsy_all	panelapp_intellectual_disability_green	914	1513	692	1735	0.3988472622478386
panelapp_epilepsy_all	schema_2022_exomewide_10	914	10	3	921	0.003257328990228013
panelapp_epilepsy_all	schema_phase2_2026-04-23_bonferroni	914	19	6	927	0.006472491909385114
panelapp_epilepsy_all	schema_phase2_2026-04-23_fdr05	914	51	10	955	0.010471204188481676
panelapp_epilepsy_all	schema_phase2_2026-05-07_bonferroni	914	19	6	927	0.006472491909385114
panelapp_epilepsy_all	schema_phase2_2026-05-07_fdr05	914	51	10	955	0.010471204188481676
panelapp_epilepsy_all	schema_phase2_2026-05-26_bonferroni	914	19	6	927	0.006472491909385114
panelapp_epilepsy_all	schema_phase2_2026-05-26_fdr05	914	50	10	954	0.010482180293501049
panelapp_epilepsy_all	schema_phase2_2026-07-15_bonferroni	914	19	6	927	0.006472491909385114
panelapp_epilepsy_all	schema_phase2_2026-07-15_fdr05	914	50	10	954	0.010482180293501049
panelapp_epilepsy_all	schema_phase2_2026-08-07_bonferroni	914	19	6	927	0.006472491909385114
panelapp_epilepsy_all	schema_phase2_2026-08-07_fdr05	914	50	10	954	0.010482180293501049
panelapp_epilepsy_all	schema_phase2_2026-08-21_bonferroni	914	19	6	927	0.006472491909385114
panelapp_epilepsy_all	schema_phase2_2026-08-21_fdr05	914	50	10	954	0.010482180293501049
panelapp_epilepsy_all	sfari_all_scored	914	1195	235	1874	0.12540021344717184
panelapp_epilepsy_all	sfari_score_1	914	245	102	1057	0.09649952696310313
panelapp_epilepsy_all	sfari_score_2	914	712	77	1549	0.04970948999354422
panelapp_epilepsy_all	sfari_score_3	914	238	56	1096	0.051094890510948905
panelapp_epilepsy_all	sfari_syndromic	914	312	143	1083	0.13204062788550322
panelapp_epilepsy_green	bmi_exomewide_16	632	16	2	646	0.0030959752321981426
panelapp_epilepsy_green	bmi_exomewide_negative	632	6	0	638	0.0
panelapp_epilepsy_green	bmi_exomewide_positive	632	10	2	640	0.003125
panelapp_epilepsy_green	epi25_dee_damaging_missense_bonferroni	632	1	0	633	0.0
panelapp_epilepsy_green	epi25_dee_damaging_missense_fdr05	632	3	2	633	0.00315955766192733
panelapp_epilepsy_green	epi25_dee_ptv_bonferroni	632	6	6	632	0.00949367088607595
panelapp_epilepsy_green	epi25_dee_ptv_fdr05	632	11	11	632	0.01740506329113924
panelapp_epilepsy_green	epi25_epi_damaging_missense_bonferroni	632	1	1	632	0.0015822784810126582
panelapp_epilepsy_green	epi25_epi_damaging_missense_fdr05	632	1	1	632	0.0015822784810126582
panelapp_epilepsy_green	epi25_epi_ptv_bonferroni	632	3	3	632	0.004746835443037975
panelapp_epilepsy_green	epi25_epi_ptv_fdr05	632	4	4	632	0.006329113924050633
panelapp_epilepsy_green	epi25_gge_damaging_missense_bonferroni	632	1	1	632	0.0015822784810126582
panelapp_epilepsy_green	epi25_gge_damaging_missense_fdr05	632	1	1	632	0.0015822784810126582
panelapp_epilepsy_green	epi25_gge_ptv_fdr05	632	3	1	634	0.0015772870662460567
panelapp_epilepsy_green	epi25_nafe_ptv_bonferroni	632	2	2	632	0.0031645569620253164
panelapp_epilepsy_green	epi25_nafe_ptv_fdr05	632	2	2	632	0.0031645569620253164
panelapp_epilepsy_green	height_207_gene_p	632	207	8	831	0.009626955475330927
panelapp_epilepsy_green	height_singleton_plof	632	17	1	648	0.0015432098765432098
panelapp_epilepsy_green	height_singleton_plof_negative	632	11	1	642	0.001557632398753894
panelapp_epilepsy_green	height_singleton_plof_positive	632	6	0	638	0.0
panelapp_epilepsy_green	legacy_ddg2p_all	632	2530	527	2635	0.2
panelapp_epilepsy_green	legacy_ddg2p_confident	632	1706	391	1947	0.20082177709296353
panelapp_epilepsy_green	legacy_fu_asd185	632	185	57	760	0.075
panelapp_epilepsy_green	legacy_fu_asd72	632	72	32	672	0.047619047619047616
panelapp_epilepsy_green	legacy_fu_dd309	632	309	118	823	0.1433778857837181
panelapp_epilepsy_green	legacy_fu_dd477	632	477	147	962	0.15280665280665282
panelapp_epilepsy_green	legacy_fu_ndd373	632	373	138	867	0.15916955017301038
panelapp_epilepsy_green	legacy_fu_ndd664	632	664	169	1127	0.14995563442768411
panelapp_epilepsy_green	legacy_satterstrom102	632	102	38	696	0.05459770114942529
panelapp_epilepsy_green	legacy_schema_fdr05	632	18	6	644	0.009316770186335404
panelapp_epilepsy_green	legacy_schema_sig	632	10	3	639	0.004694835680751174
panelapp_epilepsy_green	legacy_sfari_all	632	1267	220	1679	0.13103037522334723
panelapp_epilepsy_green	legacy_sfari_hc	632	315	19	928	0.020474137931034482
panelapp_epilepsy_green	legacy_sfari_score1	632	244	90	786	0.11450381679389313
panelapp_epilepsy_green	legacy_sfari_score12	632	952	147	1437	0.1022964509394572
panelapp_epilepsy_green	panelapp_epilepsy_all	632	914	632	914	0.6914660831509847
panelapp_epilepsy_green	panelapp_epilepsy_green	632	632	632	632	1.0
panelapp_epilepsy_green	panelapp_intellectual_disability_all	632	2853	607	2878	0.21091035441278666
panelapp_epilepsy_green	panelapp_intellectual_disability_green	632	1513	557	1588	0.3507556675062972
panelapp_epilepsy_green	schema_2022_exomewide_10	632	10	3	639	0.004694835680751174
panelapp_epilepsy_green	schema_phase2_2026-04-23_bonferroni	632	19	5	646	0.007739938080495356
panelapp_epilepsy_green	schema_phase2_2026-04-23_fdr05	632	51	8	675	0.011851851851851851
panelapp_epilepsy_green	schema_phase2_2026-05-07_bonferroni	632	19	5	646	0.007739938080495356
panelapp_epilepsy_green	schema_phase2_2026-05-07_fdr05	632	51	8	675	0.011851851851851851
panelapp_epilepsy_green	schema_phase2_2026-05-26_bonferroni	632	19	5	646	0.007739938080495356
panelapp_epilepsy_green	schema_phase2_2026-05-26_fdr05	632	50	8	674	0.011869436201780416
panelapp_epilepsy_green	schema_phase2_2026-07-15_bonferroni	632	19	5	646	0.007739938080495356
panelapp_epilepsy_green	schema_phase2_2026-07-15_fdr05	632	50	8	674	0.011869436201780416
panelapp_epilepsy_green	schema_phase2_2026-08-07_bonferroni	632	19	5	646	0.007739938080495356
panelapp_epilepsy_green	schema_phase2_2026-08-07_fdr05	632	50	8	674	0.011869436201780416
panelapp_epilepsy_green	schema_phase2_2026-08-21_bonferroni	632	19	5	646	0.007739938080495356
panelapp_epilepsy_green	schema_phase2_2026-08-21_fdr05	632	50	8	674	0.011869436201780416
panelapp_epilepsy_green	sfari_all_scored	632	1195	190	1637	0.11606597434331094
panelapp_epilepsy_green	sfari_score_1	632	245	90	787	0.11435832274459974
panelapp_epilepsy_green	sfari_score_2	632	712	57	1287	0.04428904428904429
panelapp_epilepsy_green	sfari_score_3	632	238	43	827	0.05199516324062878
panelapp_epilepsy_green	sfari_syndromic	632	312	119	825	0.14424242424242426
panelapp_intellectual_disability_all	bmi_exomewide_16	2853	16	4	2865	0.0013961605584642235
panelapp_intellectual_disability_all	bmi_exomewide_negative	2853	6	1	2858	0.0003498950314905528
panelapp_intellectual_disability_all	bmi_exomewide_positive	2853	10	3	2860	0.001048951048951049
panelapp_intellectual_disability_all	epi25_dee_damaging_missense_bonferroni	2853	1	1	2853	0.0003505082369435682
panelapp_intellectual_disability_all	epi25_dee_damaging_missense_fdr05	2853	3	3	2853	0.0010515247108307045
panelapp_intellectual_disability_all	epi25_dee_ptv_bonferroni	2853	6	6	2853	0.002103049421661409
panelapp_intellectual_disability_all	epi25_dee_ptv_fdr05	2853	11	11	2853	0.00385559060637925
panelapp_intellectual_disability_all	epi25_epi_damaging_missense_bonferroni	2853	1	1	2853	0.0003505082369435682
panelapp_intellectual_disability_all	epi25_epi_damaging_missense_fdr05	2853	1	1	2853	0.0003505082369435682
panelapp_intellectual_disability_all	epi25_epi_ptv_bonferroni	2853	3	3	2853	0.0010515247108307045
panelapp_intellectual_disability_all	epi25_epi_ptv_fdr05	2853	4	3	2854	0.001051156271899089
panelapp_intellectual_disability_all	epi25_gge_damaging_missense_bonferroni	2853	1	1	2853	0.0003505082369435682
panelapp_intellectual_disability_all	epi25_gge_damaging_missense_fdr05	2853	1	1	2853	0.0003505082369435682
panelapp_intellectual_disability_all	epi25_gge_ptv_fdr05	2853	3	2	2854	0.000700770847932726
panelapp_intellectual_disability_all	epi25_nafe_ptv_bonferroni	2853	2	1	2854	0.000350385423966363
panelapp_intellectual_disability_all	epi25_nafe_ptv_fdr05	2853	2	1	2854	0.000350385423966363
panelapp_intellectual_disability_all	height_207_gene_p	2853	207	60	3000	0.02
panelapp_intellectual_disability_all	height_singleton_plof	2853	17	10	2860	0.0034965034965034965
panelapp_intellectual_disability_all	height_singleton_plof_negative	2853	11	7	2857	0.002450122506125306
panelapp_intellectual_disability_all	height_singleton_plof_positive	2853	6	3	2856	0.0010504201680672268
panelapp_intellectual_disability_all	legacy_ddg2p_all	2853	2530	2056	3327	0.6179741508866847
panelapp_intellectual_disability_all	legacy_ddg2p_confident	2853	1706	1466	3093	0.4739734885224701
panelapp_intellectual_disability_all	legacy_fu_asd185	2853	185	131	2907	0.04506363949088407
panelapp_intellectual_disability_all	legacy_fu_asd72	2853	72	69	2856	0.02415966386554622
panelapp_intellectual_disability_all	legacy_fu_dd309	2853	309	286	2876	0.09944367176634214
panelapp_intellectual_disability_all	legacy_fu_dd477	2853	477	384	2946	0.13034623217922606
panelapp_intellectual_disability_all	legacy_fu_ndd373	2853	373	333	2893	0.11510542689249914
panelapp_intellectual_disability_all	legacy_fu_ndd664	2853	664	443	3074	0.14411190631099544
panelapp_intellectual_disability_all	legacy_satterstrom102	2853	102	80	2875	0.02782608695652174
panelapp_intellectual_disability_all	legacy_schema_fdr05	2853	18	11	2860	0.0038461538461538464
panelapp_intellectual_disability_all	legacy_schema_sig	2853	10	6	2857	0.0021001050052502626
panelapp_intellectual_disability_all	legacy_sfari_all	2853	1267	660	3460	0.1907514450867052
panelapp_intellectual_disability_all	legacy_sfari_hc	2853	315	80	3088	0.025906735751295335
panelapp_intellectual_disability_all	legacy_sfari_score1	2853	244	206	2891	0.07125562089242476
panelapp_intellectual_disability_all	legacy_sfari_score12	2853	952	460	3345	0.1375186846038864
panelapp_intellectual_disability_all	panelapp_epilepsy_all	2853	914	848	2919	0.2905104487838301
panelapp_intellectual_disability_all	panelapp_epilepsy_green	2853	632	607	2878	0.21091035441278666
panelapp_intellectual_disability_all	panelapp_intellectual_disability_all	2853	2853	2853	2853	1.0
panelapp_intellectual_disability_all	panelapp_intellectual_disability_green	2853	1513	1513	2853	0.5303189624956186
panelapp_intellectual_disability_all	schema_2022_exomewide_10	2853	10	6	2857	0.0021001050052502626
panelapp_intellectual_disability_all	schema_phase2_2026-04-23_bonferroni	2853	19	10	2862	0.0034940600978336828
panelapp_intellectual_disability_all	schema_phase2_2026-04-23_fdr05	2853	51	24	2880	0.008333333333333333
panelapp_intellectual_disability_all	schema_phase2_2026-05-07_bonferroni	2853	19	10	2862	0.0034940600978336828
panelapp_intellectual_disability_all	schema_phase2_2026-05-07_fdr05	2853	51	24	2880	0.008333333333333333
panelapp_intellectual_disability_all	schema_phase2_2026-05-26_bonferroni	2853	19	10	2862	0.0034940600978336828
panelapp_intellectual_disability_all	schema_phase2_2026-05-26_fdr05	2853	50	23	2880	0.00798611111111111
panelapp_intellectual_disability_all	schema_phase2_2026-07-15_bonferroni	2853	19	10	2862	0.0034940600978336828
panelapp_intellectual_disability_all	schema_phase2_2026-07-15_fdr05	2853	50	23	2880	0.00798611111111111
panelapp_intellectual_disability_all	schema_phase2_2026-08-07_bonferroni	2853	19	10	2862	0.0034940600978336828
panelapp_intellectual_disability_all	schema_phase2_2026-08-07_fdr05	2853	50	23	2880	0.00798611111111111
panelapp_intellectual_disability_all	schema_phase2_2026-08-21_bonferroni	2853	19	10	2862	0.0034940600978336828
panelapp_intellectual_disability_all	schema_phase2_2026-08-21_fdr05	2853	50	23	2880	0.00798611111111111
panelapp_intellectual_disability_all	sfari_all_scored	2853	1195	582	3466	0.16791690709751875
panelapp_intellectual_disability_all	sfari_score_1	2853	245	207	2891	0.07160152196471808
panelapp_intellectual_disability_all	sfari_score_2	2853	712	255	3310	0.0770392749244713
panelapp_intellectual_disability_all	sfari_score_3	2853	238	120	2971	0.04039044092898014
panelapp_intellectual_disability_all	sfari_syndromic	2853	312	297	2868	0.10355648535564854
panelapp_intellectual_disability_green	bmi_exomewide_16	1513	16	4	1525	0.002622950819672131
panelapp_intellectual_disability_green	bmi_exomewide_negative	1513	6	1	1518	0.0006587615283267457
panelapp_intellectual_disability_green	bmi_exomewide_positive	1513	10	3	1520	0.001973684210526316
panelapp_intellectual_disability_green	epi25_dee_damaging_missense_bonferroni	1513	1	1	1513	0.0006609385327164573
panelapp_intellectual_disability_green	epi25_dee_damaging_missense_fdr05	1513	3	3	1513	0.0019828155981493722
panelapp_intellectual_disability_green	epi25_dee_ptv_bonferroni	1513	6	6	1513	0.0039656311962987445
panelapp_intellectual_disability_green	epi25_dee_ptv_fdr05	1513	11	10	1514	0.0066050198150594455
panelapp_intellectual_disability_green	epi25_epi_damaging_missense_bonferroni	1513	1	1	1513	0.0006609385327164573
panelapp_intellectual_disability_green	epi25_epi_damaging_missense_fdr05	1513	1	1	1513	0.0006609385327164573
panelapp_intellectual_disability_green	epi25_epi_ptv_bonferroni	1513	3	3	1513	0.0019828155981493722
panelapp_intellectual_disability_green	epi25_epi_ptv_fdr05	1513	4	3	1514	0.0019815059445178335
panelapp_intellectual_disability_green	epi25_gge_damaging_missense_bonferroni	1513	1	1	1513	0.0006609385327164573
panelapp_intellectual_disability_green	epi25_gge_damaging_missense_fdr05	1513	1	1	1513	0.0006609385327164573
panelapp_intellectual_disability_green	epi25_gge_ptv_fdr05	1513	3	1	1515	0.0006600660066006601
panelapp_intellectual_disability_green	epi25_nafe_ptv_bonferroni	1513	2	1	1514	0.0006605019815059445
panelapp_intellectual_disability_green	epi25_nafe_ptv_fdr05	1513	2	1	1514	0.0006605019815059445
panelapp_intellectual_disability_green	height_207_gene_p	1513	207	21	1699	0.012360211889346674
panelapp_intellectual_disability_green	height_singleton_plof	1513	17	4	1526	0.002621231979030144
panelapp_intellectual_disability_green	height_singleton_plof_negative	1513	11	3	1521	0.0019723865877712033
panelapp_intellectual_disability_green	height_singleton_plof_positive	1513	6	1	1518	0.0006587615283267457
panelapp_intellectual_disability_green	legacy_ddg2p_all	1513	2530	1297	2746	0.47232337946103425
panelapp_intellectual_disability_green	legacy_ddg2p_confident	1513	1706	959	2260	0.4243362831858407
panelapp_intellectual_disability_green	legacy_fu_asd185	1513	185	119	1579	0.07536415452818239
panelapp_intellectual_disability_green	legacy_fu_asd72	1513	72	64	1521	0.042077580539119
panelapp_intellectual_disability_green	legacy_fu_dd309	1513	309	259	1563	0.1657069737683941
panelapp_intellectual_disability_green	legacy_fu_dd477	1513	477	333	1657	0.20096560048280024
panelapp_intellectual_disability_green	legacy_fu_ndd373	1513	373	298	1588	0.18765743073047858
panelapp_intellectual_disability_green	legacy_fu_ndd664	1513	664	370	1807	0.20475926950747095
panelapp_intellectual_disability_green	legacy_satterstrom102	1513	102	70	1545	0.045307443365695796
panelapp_intellectual_disability_green	legacy_schema_fdr05	1513	18	10	1521	0.006574621959237344
panelapp_intellectual_disability_green	legacy_schema_sig	1513	10	6	1517	0.003955174686882004
panelapp_intellectual_disability_green	legacy_sfari_all	1513	1267	491	2289	0.2145041502839668
panelapp_intellectual_disability_green	legacy_sfari_hc	1513	315	38	1790	0.021229050279329607
panelapp_intellectual_disability_green	legacy_sfari_score1	1513	244	184	1573	0.11697393515575334
panelapp_intellectual_disability_green	legacy_sfari_score12	1513	952	338	2127	0.15890926187118007
panelapp_intellectual_disability_green	panelapp_epilepsy_all	1513	914	692	1735	0.3988472622478386
panelapp_intellectual_disability_green	panelapp_epilepsy_green	1513	632	557	1588	0.3507556675062972
panelapp_intellectual_disability_green	panelapp_intellectual_disability_all	1513	2853	1513	2853	0.5303189624956186
panelapp_intellectual_disability_green	panelapp_intellectual_disability_green	1513	1513	1513	1513	1.0
panelapp_intellectual_disability_green	schema_2022_exomewide_10	1513	10	6	1517	0.003955174686882004
panelapp_intellectual_disability_green	schema_phase2_2026-04-23_bonferroni	1513	19	10	1522	0.006570302233902759
panelapp_intellectual_disability_green	schema_phase2_2026-04-23_fdr05	1513	51	22	1542	0.014267185473411154
panelapp_intellectual_disability_green	schema_phase2_2026-05-07_bonferroni	1513	19	10	1522	0.006570302233902759
panelapp_intellectual_disability_green	schema_phase2_2026-05-07_fdr05	1513	51	22	1542	0.014267185473411154
panelapp_intellectual_disability_green	schema_phase2_2026-05-26_bonferroni	1513	19	10	1522	0.006570302233902759
panelapp_intellectual_disability_green	schema_phase2_2026-05-26_fdr05	1513	50	21	1542	0.013618677042801557
panelapp_intellectual_disability_green	schema_phase2_2026-07-15_bonferroni	1513	19	10	1522	0.006570302233902759
panelapp_intellectual_disability_green	schema_phase2_2026-07-15_fdr05	1513	50	21	1542	0.013618677042801557
panelapp_intellectual_disability_green	schema_phase2_2026-08-07_bonferroni	1513	19	10	1522	0.006570302233902759
panelapp_intellectual_disability_green	schema_phase2_2026-08-07_fdr05	1513	50	21	1542	0.013618677042801557
panelapp_intellectual_disability_green	schema_phase2_2026-08-21_bonferroni	1513	19	10	1522	0.006570302233902759
panelapp_intellectual_disability_green	schema_phase2_2026-08-21_fdr05	1513	50	21	1542	0.013618677042801557
panelapp_intellectual_disability_green	sfari_all_scored	1513	1195	422	2286	0.18460192475940507
panelapp_intellectual_disability_green	sfari_score_1	1513	245	184	1574	0.11689961880559085
panelapp_intellectual_disability_green	sfari_score_2	1513	712	155	2070	0.0748792270531401
panelapp_intellectual_disability_green	sfari_score_3	1513	238	83	1668	0.049760191846522785
panelapp_intellectual_disability_green	sfari_syndromic	1513	312	268	1557	0.17212588310854207
schema_2022_exomewide_10	bmi_exomewide_16	10	16	0	26	0.0
schema_2022_exomewide_10	bmi_exomewide_negative	10	6	0	16	0.0
schema_2022_exomewide_10	bmi_exomewide_positive	10	10	0	20	0.0
schema_2022_exomewide_10	epi25_dee_damaging_missense_bonferroni	10	1	0	11	0.0
schema_2022_exomewide_10	epi25_dee_damaging_missense_fdr05	10	3	0	13	0.0
schema_2022_exomewide_10	epi25_dee_ptv_bonferroni	10	6	0	16	0.0
schema_2022_exomewide_10	epi25_dee_ptv_fdr05	10	11	0	21	0.0
schema_2022_exomewide_10	epi25_epi_damaging_missense_bonferroni	10	1	0	11	0.0
schema_2022_exomewide_10	epi25_epi_damaging_missense_fdr05	10	1	0	11	0.0
schema_2022_exomewide_10	epi25_epi_ptv_bonferroni	10	3	0	13	0.0
schema_2022_exomewide_10	epi25_epi_ptv_fdr05	10	4	0	14	0.0
schema_2022_exomewide_10	epi25_gge_damaging_missense_bonferroni	10	1	0	11	0.0
schema_2022_exomewide_10	epi25_gge_damaging_missense_fdr05	10	1	0	11	0.0
schema_2022_exomewide_10	epi25_gge_ptv_fdr05	10	3	0	13	0.0
schema_2022_exomewide_10	epi25_nafe_ptv_bonferroni	10	2	0	12	0.0
schema_2022_exomewide_10	epi25_nafe_ptv_fdr05	10	2	0	12	0.0
schema_2022_exomewide_10	height_207_gene_p	10	207	1	216	0.004629629629629629
schema_2022_exomewide_10	height_singleton_plof	10	17	0	27	0.0
schema_2022_exomewide_10	height_singleton_plof_negative	10	11	0	21	0.0
schema_2022_exomewide_10	height_singleton_plof_positive	10	6	0	16	0.0
schema_2022_exomewide_10	legacy_ddg2p_all	10	2530	6	2534	0.0023677979479084454
schema_2022_exomewide_10	legacy_ddg2p_confident	10	1706	3	1713	0.0017513134851138354
schema_2022_exomewide_10	legacy_fu_asd185	10	185	0	195	0.0
schema_2022_exomewide_10	legacy_fu_asd72	10	72	0	82	0.0
schema_2022_exomewide_10	legacy_fu_dd309	10	309	4	315	0.012698412698412698
schema_2022_exomewide_10	legacy_fu_dd477	10	477	4	483	0.008281573498964804
schema_2022_exomewide_10	legacy_fu_ndd373	10	373	4	379	0.010554089709762533
schema_2022_exomewide_10	legacy_fu_ndd664	10	664	4	670	0.005970149253731343
schema_2022_exomewide_10	legacy_satterstrom102	10	102	0	112	0.0
schema_2022_exomewide_10	legacy_schema_fdr05	10	18	10	18	0.5555555555555556
schema_2022_exomewide_10	legacy_schema_sig	10	10	10	10	1.0
schema_2022_exomewide_10	legacy_sfari_all	10	1267	6	1271	0.004720692368214005
schema_2022_exomewide_10	legacy_sfari_hc	10	315	1	324	0.0030864197530864196
schema_2022_exomewide_10	legacy_sfari_score1	10	244	3	251	0.01195219123505976
schema_2022_exomewide_10	legacy_sfari_score12	10	952	5	957	0.00522466039707419
schema_2022_exomewide_10	panelapp_epilepsy_all	10	914	3	921	0.003257328990228013
schema_2022_exomewide_10	panelapp_epilepsy_green	10	632	3	639	0.004694835680751174
schema_2022_exomewide_10	panelapp_intellectual_disability_all	10	2853	6	2857	0.0021001050052502626
schema_2022_exomewide_10	panelapp_intellectual_disability_green	10	1513	6	1517	0.003955174686882004
schema_2022_exomewide_10	schema_2022_exomewide_10	10	10	10	10	1.0
schema_2022_exomewide_10	schema_phase2_2026-04-23_bonferroni	10	19	7	22	0.3181818181818182
schema_2022_exomewide_10	schema_phase2_2026-04-23_fdr05	10	51	7	54	0.12962962962962962
schema_2022_exomewide_10	schema_phase2_2026-05-07_bonferroni	10	19	7	22	0.3181818181818182
schema_2022_exomewide_10	schema_phase2_2026-05-07_fdr05	10	51	7	54	0.12962962962962962
schema_2022_exomewide_10	schema_phase2_2026-05-26_bonferroni	10	19	7	22	0.3181818181818182
schema_2022_exomewide_10	schema_phase2_2026-05-26_fdr05	10	50	7	53	0.1320754716981132
schema_2022_exomewide_10	schema_phase2_2026-07-15_bonferroni	10	19	7	22	0.3181818181818182
schema_2022_exomewide_10	schema_phase2_2026-07-15_fdr05	10	50	7	53	0.1320754716981132
schema_2022_exomewide_10	schema_phase2_2026-08-07_bonferroni	10	19	7	22	0.3181818181818182
schema_2022_exomewide_10	schema_phase2_2026-08-07_fdr05	10	50	7	53	0.1320754716981132
schema_2022_exomewide_10	schema_phase2_2026-08-21_bonferroni	10	19	7	22	0.3181818181818182
schema_2022_exomewide_10	schema_phase2_2026-08-21_fdr05	10	50	7	53	0.1320754716981132
schema_2022_exomewide_10	sfari_all_scored	10	1195	5	1200	0.004166666666666667
schema_2022_exomewide_10	sfari_score_1	10	245	3	252	0.011904761904761904
schema_2022_exomewide_10	sfari_score_2	10	712	2	720	0.002777777777777778
schema_2022_exomewide_10	sfari_score_3	10	238	0	248	0.0
schema_2022_exomewide_10	sfari_syndromic	10	312	3	319	0.009404388714733543
schema_phase2_2026-04-23_bonferroni	bmi_exomewide_16	19	16	0	35	0.0
schema_phase2_2026-04-23_bonferroni	bmi_exomewide_negative	19	6	0	25	0.0
schema_phase2_2026-04-23_bonferroni	bmi_exomewide_positive	19	10	0	29	0.0
schema_phase2_2026-04-23_bonferroni	epi25_dee_damaging_missense_bonferroni	19	1	0	20	0.0
schema_phase2_2026-04-23_bonferroni	epi25_dee_damaging_missense_fdr05	19	3	0	22	0.0
schema_phase2_2026-04-23_bonferroni	epi25_dee_ptv_bonferroni	19	6	0	25	0.0
schema_phase2_2026-04-23_bonferroni	epi25_dee_ptv_fdr05	19	11	0	30	0.0
schema_phase2_2026-04-23_bonferroni	epi25_epi_damaging_missense_bonferroni	19	1	0	20	0.0
schema_phase2_2026-04-23_bonferroni	epi25_epi_damaging_missense_fdr05	19	1	0	20	0.0
schema_phase2_2026-04-23_bonferroni	epi25_epi_ptv_bonferroni	19	3	0	22	0.0
schema_phase2_2026-04-23_bonferroni	epi25_epi_ptv_fdr05	19	4	0	23	0.0
schema_phase2_2026-04-23_bonferroni	epi25_gge_damaging_missense_bonferroni	19	1	0	20	0.0
schema_phase2_2026-04-23_bonferroni	epi25_gge_damaging_missense_fdr05	19	1	0	20	0.0
schema_phase2_2026-04-23_bonferroni	epi25_gge_ptv_fdr05	19	3	0	22	0.0
schema_phase2_2026-04-23_bonferroni	epi25_nafe_ptv_bonferroni	19	2	0	21	0.0
schema_phase2_2026-04-23_bonferroni	epi25_nafe_ptv_fdr05	19	2	0	21	0.0
schema_phase2_2026-04-23_bonferroni	height_207_gene_p	19	207	1	225	0.0044444444444444444
schema_phase2_2026-04-23_bonferroni	height_singleton_plof	19	17	0	36	0.0
schema_phase2_2026-04-23_bonferroni	height_singleton_plof_negative	19	11	0	30	0.0
schema_phase2_2026-04-23_bonferroni	height_singleton_plof_positive	19	6	0	25	0.0
schema_phase2_2026-04-23_bonferroni	legacy_ddg2p_all	19	2530	10	2539	0.003938558487593541
schema_phase2_2026-04-23_bonferroni	legacy_ddg2p_confident	19	1706	8	1717	0.004659289458357601
schema_phase2_2026-04-23_bonferroni	legacy_fu_asd185	19	185	2	202	0.009900990099009901
schema_phase2_2026-04-23_bonferroni	legacy_fu_asd72	19	72	1	90	0.011111111111111112
schema_phase2_2026-04-23_bonferroni	legacy_fu_dd309	19	309	6	322	0.018633540372670808
schema_phase2_2026-04-23_bonferroni	legacy_fu_dd477	19	477	6	490	0.012244897959183673
schema_phase2_2026-04-23_bonferroni	legacy_fu_ndd373	19	373	6	386	0.015544041450777202
schema_phase2_2026-04-23_bonferroni	legacy_fu_ndd664	19	664	7	676	0.010355029585798817
schema_phase2_2026-04-23_bonferroni	legacy_satterstrom102	19	102	1	120	0.008333333333333333
schema_phase2_2026-04-23_bonferroni	legacy_schema_fdr05	19	18	8	29	0.27586206896551724
schema_phase2_2026-04-23_bonferroni	legacy_schema_sig	19	10	7	22	0.3181818181818182
schema_phase2_2026-04-23_bonferroni	legacy_sfari_all	19	1267	11	1275	0.008627450980392156
schema_phase2_2026-04-23_bonferroni	legacy_sfari_hc	19	315	1	333	0.003003003003003003
schema_phase2_2026-04-23_bonferroni	legacy_sfari_score1	19	244	3	260	0.011538461538461539
schema_phase2_2026-04-23_bonferroni	legacy_sfari_score12	19	952	8	963	0.008307372793354102
schema_phase2_2026-04-23_bonferroni	panelapp_epilepsy_all	19	914	6	927	0.006472491909385114
schema_phase2_2026-04-23_bonferroni	panelapp_epilepsy_green	19	632	5	646	0.007739938080495356
schema_phase2_2026-04-23_bonferroni	panelapp_intellectual_disability_all	19	2853	10	2862	0.0034940600978336828
schema_phase2_2026-04-23_bonferroni	panelapp_intellectual_disability_green	19	1513	10	1522	0.006570302233902759
schema_phase2_2026-04-23_bonferroni	schema_2022_exomewide_10	19	10	7	22	0.3181818181818182
schema_phase2_2026-04-23_bonferroni	schema_phase2_2026-04-23_bonferroni	19	19	19	19	1.0
schema_phase2_2026-04-23_bonferroni	schema_phase2_2026-04-23_fdr05	19	51	19	51	0.37254901960784315
schema_phase2_2026-04-23_bonferroni	schema_phase2_2026-05-07_bonferroni	19	19	19	19	1.0
schema_phase2_2026-04-23_bonferroni	schema_phase2_2026-05-07_fdr05	19	51	19	51	0.37254901960784315
schema_phase2_2026-04-23_bonferroni	schema_phase2_2026-05-26_bonferroni	19	19	19	19	1.0
schema_phase2_2026-04-23_bonferroni	schema_phase2_2026-05-26_fdr05	19	50	19	50	0.38
schema_phase2_2026-04-23_bonferroni	schema_phase2_2026-07-15_bonferroni	19	19	19	19	1.0
schema_phase2_2026-04-23_bonferroni	schema_phase2_2026-07-15_fdr05	19	50	19	50	0.38
schema_phase2_2026-04-23_bonferroni	schema_phase2_2026-08-07_bonferroni	19	19	19	19	1.0
schema_phase2_2026-04-23_bonferroni	schema_phase2_2026-08-07_fdr05	19	50	19	50	0.38
schema_phase2_2026-04-23_bonferroni	schema_phase2_2026-08-21_bonferroni	19	19	19	19	1.0
schema_phase2_2026-04-23_bonferroni	schema_phase2_2026-08-21_fdr05	19	50	19	50	0.38
schema_phase2_2026-04-23_bonferroni	sfari_all_scored	19	1195	10	1204	0.008305647840531562
schema_phase2_2026-04-23_bonferroni	sfari_score_1	19	245	3	261	0.011494252873563218
schema_phase2_2026-04-23_bonferroni	sfari_score_2	19	712	5	726	0.006887052341597796
schema_phase2_2026-04-23_bonferroni	sfari_score_3	19	238	2	255	0.00784313725490196
schema_phase2_2026-04-23_bonferroni	sfari_syndromic	19	312	7	324	0.021604938271604937
schema_phase2_2026-04-23_fdr05	bmi_exomewide_16	51	16	0	67	0.0
schema_phase2_2026-04-23_fdr05	bmi_exomewide_negative	51	6	0	57	0.0
schema_phase2_2026-04-23_fdr05	bmi_exomewide_positive	51	10	0	61	0.0
schema_phase2_2026-04-23_fdr05	epi25_dee_damaging_missense_bonferroni	51	1	0	52	0.0
schema_phase2_2026-04-23_fdr05	epi25_dee_damaging_missense_fdr05	51	3	0	54	0.0
schema_phase2_2026-04-23_fdr05	epi25_dee_ptv_bonferroni	51	6	1	56	0.017857142857142856
schema_phase2_2026-04-23_fdr05	epi25_dee_ptv_fdr05	51	11	1	61	0.01639344262295082
schema_phase2_2026-04-23_fdr05	epi25_epi_damaging_missense_bonferroni	51	1	0	52	0.0
schema_phase2_2026-04-23_fdr05	epi25_epi_damaging_missense_fdr05	51	1	0	52	0.0
schema_phase2_2026-04-23_fdr05	epi25_epi_ptv_bonferroni	51	3	0	54	0.0
schema_phase2_2026-04-23_fdr05	epi25_epi_ptv_fdr05	51	4	0	55	0.0
schema_phase2_2026-04-23_fdr05	epi25_gge_damaging_missense_bonferroni	51	1	0	52	0.0
schema_phase2_2026-04-23_fdr05	epi25_gge_damaging_missense_fdr05	51	1	0	52	0.0
schema_phase2_2026-04-23_fdr05	epi25_gge_ptv_fdr05	51	3	0	54	0.0
schema_phase2_2026-04-23_fdr05	epi25_nafe_ptv_bonferroni	51	2	0	53	0.0
schema_phase2_2026-04-23_fdr05	epi25_nafe_ptv_fdr05	51	2	0	53	0.0
schema_phase2_2026-04-23_fdr05	height_207_gene_p	51	207	3	255	0.011764705882352941
schema_phase2_2026-04-23_fdr05	height_singleton_plof	51	17	1	67	0.014925373134328358
schema_phase2_2026-04-23_fdr05	height_singleton_plof_negative	51	11	1	61	0.01639344262295082
schema_phase2_2026-04-23_fdr05	height_singleton_plof_positive	51	6	0	57	0.0
schema_phase2_2026-04-23_fdr05	legacy_ddg2p_all	51	2530	21	2560	0.008203125
schema_phase2_2026-04-23_fdr05	legacy_ddg2p_confident	51	1706	16	1741	0.009190120620333142
schema_phase2_2026-04-23_fdr05	legacy_fu_asd185	51	185	9	227	0.039647577092511016
schema_phase2_2026-04-23_fdr05	legacy_fu_asd72	51	72	5	118	0.0423728813559322
schema_phase2_2026-04-23_fdr05	legacy_fu_dd309	51	309	13	347	0.037463976945244955
schema_phase2_2026-04-23_fdr05	legacy_fu_dd477	51	477	14	514	0.027237354085603113
schema_phase2_2026-04-23_fdr05	legacy_fu_ndd373	51	373	15	409	0.03667481662591687
schema_phase2_2026-04-23_fdr05	legacy_fu_ndd664	51	664	18	697	0.02582496413199426
schema_phase2_2026-04-23_fdr05	legacy_satterstrom102	51	102	5	148	0.033783783783783786
schema_phase2_2026-04-23_fdr05	legacy_schema_fdr05	51	18	9	60	0.15
schema_phase2_2026-04-23_fdr05	legacy_schema_sig	51	10	7	54	0.12962962962962962
schema_phase2_2026-04-23_fdr05	legacy_sfari_all	51	1267	28	1290	0.021705426356589147
schema_phase2_2026-04-23_fdr05	legacy_sfari_hc	51	315	3	363	0.008264462809917356
schema_phase2_2026-04-23_fdr05	legacy_sfari_score1	51	244	11	284	0.03873239436619718
schema_phase2_2026-04-23_fdr05	legacy_sfari_score12	51	952	23	980	0.02346938775510204
schema_phase2_2026-04-23_fdr05	panelapp_epilepsy_all	51	914	10	955	0.010471204188481676
schema_phase2_2026-04-23_fdr05	panelapp_epilepsy_green	51	632	8	675	0.011851851851851851
schema_phase2_2026-04-23_fdr05	panelapp_intellectual_disability_all	51	2853	24	2880	0.008333333333333333
schema_phase2_2026-04-23_fdr05	panelapp_intellectual_disability_green	51	1513	22	1542	0.014267185473411154
schema_phase2_2026-04-23_fdr05	schema_2022_exomewide_10	51	10	7	54	0.12962962962962962
schema_phase2_2026-04-23_fdr05	schema_phase2_2026-04-23_bonferroni	51	19	19	51	0.37254901960784315
schema_phase2_2026-04-23_fdr05	schema_phase2_2026-04-23_fdr05	51	51	51	51	1.0
schema_phase2_2026-04-23_fdr05	schema_phase2_2026-05-07_bonferroni	51	19	19	51	0.37254901960784315
schema_phase2_2026-04-23_fdr05	schema_phase2_2026-05-07_fdr05	51	51	51	51	1.0
schema_phase2_2026-04-23_fdr05	schema_phase2_2026-05-26_bonferroni	51	19	19	51	0.37254901960784315
schema_phase2_2026-04-23_fdr05	schema_phase2_2026-05-26_fdr05	51	50	49	52	0.9423076923076923
schema_phase2_2026-04-23_fdr05	schema_phase2_2026-07-15_bonferroni	51	19	19	51	0.37254901960784315
schema_phase2_2026-04-23_fdr05	schema_phase2_2026-07-15_fdr05	51	50	49	52	0.9423076923076923
schema_phase2_2026-04-23_fdr05	schema_phase2_2026-08-07_bonferroni	51	19	19	51	0.37254901960784315
schema_phase2_2026-04-23_fdr05	schema_phase2_2026-08-07_fdr05	51	50	49	52	0.9423076923076923
schema_phase2_2026-04-23_fdr05	schema_phase2_2026-08-21_bonferroni	51	19	19	51	0.37254901960784315
schema_phase2_2026-04-23_fdr05	schema_phase2_2026-08-21_fdr05	51	50	49	52	0.9423076923076923
schema_phase2_2026-04-23_fdr05	sfari_all_scored	51	1195	27	1219	0.022149302707136997
schema_phase2_2026-04-23_fdr05	sfari_score_1	51	245	11	285	0.03859649122807018
schema_phase2_2026-04-23_fdr05	sfari_score_2	51	712	12	751	0.015978695073235686
schema_phase2_2026-04-23_fdr05	sfari_score_3	51	238	4	285	0.014035087719298246
schema_phase2_2026-04-23_fdr05	sfari_syndromic	51	312	12	351	0.03418803418803419
schema_phase2_2026-05-07_bonferroni	bmi_exomewide_16	19	16	0	35	0.0
schema_phase2_2026-05-07_bonferroni	bmi_exomewide_negative	19	6	0	25	0.0
schema_phase2_2026-05-07_bonferroni	bmi_exomewide_positive	19	10	0	29	0.0
schema_phase2_2026-05-07_bonferroni	epi25_dee_damaging_missense_bonferroni	19	1	0	20	0.0
schema_phase2_2026-05-07_bonferroni	epi25_dee_damaging_missense_fdr05	19	3	0	22	0.0
schema_phase2_2026-05-07_bonferroni	epi25_dee_ptv_bonferroni	19	6	0	25	0.0
schema_phase2_2026-05-07_bonferroni	epi25_dee_ptv_fdr05	19	11	0	30	0.0
schema_phase2_2026-05-07_bonferroni	epi25_epi_damaging_missense_bonferroni	19	1	0	20	0.0
schema_phase2_2026-05-07_bonferroni	epi25_epi_damaging_missense_fdr05	19	1	0	20	0.0
schema_phase2_2026-05-07_bonferroni	epi25_epi_ptv_bonferroni	19	3	0	22	0.0
schema_phase2_2026-05-07_bonferroni	epi25_epi_ptv_fdr05	19	4	0	23	0.0
schema_phase2_2026-05-07_bonferroni	epi25_gge_damaging_missense_bonferroni	19	1	0	20	0.0
schema_phase2_2026-05-07_bonferroni	epi25_gge_damaging_missense_fdr05	19	1	0	20	0.0
schema_phase2_2026-05-07_bonferroni	epi25_gge_ptv_fdr05	19	3	0	22	0.0
schema_phase2_2026-05-07_bonferroni	epi25_nafe_ptv_bonferroni	19	2	0	21	0.0
schema_phase2_2026-05-07_bonferroni	epi25_nafe_ptv_fdr05	19	2	0	21	0.0
schema_phase2_2026-05-07_bonferroni	height_207_gene_p	19	207	1	225	0.0044444444444444444
schema_phase2_2026-05-07_bonferroni	height_singleton_plof	19	17	0	36	0.0
schema_phase2_2026-05-07_bonferroni	height_singleton_plof_negative	19	11	0	30	0.0
schema_phase2_2026-05-07_bonferroni	height_singleton_plof_positive	19	6	0	25	0.0
schema_phase2_2026-05-07_bonferroni	legacy_ddg2p_all	19	2530	10	2539	0.003938558487593541
schema_phase2_2026-05-07_bonferroni	legacy_ddg2p_confident	19	1706	8	1717	0.004659289458357601
schema_phase2_2026-05-07_bonferroni	legacy_fu_asd185	19	185	2	202	0.009900990099009901
schema_phase2_2026-05-07_bonferroni	legacy_fu_asd72	19	72	1	90	0.011111111111111112
schema_phase2_2026-05-07_bonferroni	legacy_fu_dd309	19	309	6	322	0.018633540372670808
schema_phase2_2026-05-07_bonferroni	legacy_fu_dd477	19	477	6	490	0.012244897959183673
schema_phase2_2026-05-07_bonferroni	legacy_fu_ndd373	19	373	6	386	0.015544041450777202
schema_phase2_2026-05-07_bonferroni	legacy_fu_ndd664	19	664	7	676	0.010355029585798817
schema_phase2_2026-05-07_bonferroni	legacy_satterstrom102	19	102	1	120	0.008333333333333333
schema_phase2_2026-05-07_bonferroni	legacy_schema_fdr05	19	18	8	29	0.27586206896551724
schema_phase2_2026-05-07_bonferroni	legacy_schema_sig	19	10	7	22	0.3181818181818182
schema_phase2_2026-05-07_bonferroni	legacy_sfari_all	19	1267	11	1275	0.008627450980392156
schema_phase2_2026-05-07_bonferroni	legacy_sfari_hc	19	315	1	333	0.003003003003003003
schema_phase2_2026-05-07_bonferroni	legacy_sfari_score1	19	244	3	260	0.011538461538461539
schema_phase2_2026-05-07_bonferroni	legacy_sfari_score12	19	952	8	963	0.008307372793354102
schema_phase2_2026-05-07_bonferroni	panelapp_epilepsy_all	19	914	6	927	0.006472491909385114
schema_phase2_2026-05-07_bonferroni	panelapp_epilepsy_green	19	632	5	646	0.007739938080495356
schema_phase2_2026-05-07_bonferroni	panelapp_intellectual_disability_all	19	2853	10	2862	0.0034940600978336828
schema_phase2_2026-05-07_bonferroni	panelapp_intellectual_disability_green	19	1513	10	1522	0.006570302233902759
schema_phase2_2026-05-07_bonferroni	schema_2022_exomewide_10	19	10	7	22	0.3181818181818182
schema_phase2_2026-05-07_bonferroni	schema_phase2_2026-04-23_bonferroni	19	19	19	19	1.0
schema_phase2_2026-05-07_bonferroni	schema_phase2_2026-04-23_fdr05	19	51	19	51	0.37254901960784315
schema_phase2_2026-05-07_bonferroni	schema_phase2_2026-05-07_bonferroni	19	19	19	19	1.0
schema_phase2_2026-05-07_bonferroni	schema_phase2_2026-05-07_fdr05	19	51	19	51	0.37254901960784315
schema_phase2_2026-05-07_bonferroni	schema_phase2_2026-05-26_bonferroni	19	19	19	19	1.0
schema_phase2_2026-05-07_bonferroni	schema_phase2_2026-05-26_fdr05	19	50	19	50	0.38
schema_phase2_2026-05-07_bonferroni	schema_phase2_2026-07-15_bonferroni	19	19	19	19	1.0
schema_phase2_2026-05-07_bonferroni	schema_phase2_2026-07-15_fdr05	19	50	19	50	0.38
schema_phase2_2026-05-07_bonferroni	schema_phase2_2026-08-07_bonferroni	19	19	19	19	1.0
schema_phase2_2026-05-07_bonferroni	schema_phase2_2026-08-07_fdr05	19	50	19	50	0.38
schema_phase2_2026-05-07_bonferroni	schema_phase2_2026-08-21_bonferroni	19	19	19	19	1.0
schema_phase2_2026-05-07_bonferroni	schema_phase2_2026-08-21_fdr05	19	50	19	50	0.38
schema_phase2_2026-05-07_bonferroni	sfari_all_scored	19	1195	10	1204	0.008305647840531562
schema_phase2_2026-05-07_bonferroni	sfari_score_1	19	245	3	261	0.011494252873563218
schema_phase2_2026-05-07_bonferroni	sfari_score_2	19	712	5	726	0.006887052341597796
schema_phase2_2026-05-07_bonferroni	sfari_score_3	19	238	2	255	0.00784313725490196
schema_phase2_2026-05-07_bonferroni	sfari_syndromic	19	312	7	324	0.021604938271604937
schema_phase2_2026-05-07_fdr05	bmi_exomewide_16	51	16	0	67	0.0
schema_phase2_2026-05-07_fdr05	bmi_exomewide_negative	51	6	0	57	0.0
schema_phase2_2026-05-07_fdr05	bmi_exomewide_positive	51	10	0	61	0.0
schema_phase2_2026-05-07_fdr05	epi25_dee_damaging_missense_bonferroni	51	1	0	52	0.0
schema_phase2_2026-05-07_fdr05	epi25_dee_damaging_missense_fdr05	51	3	0	54	0.0
schema_phase2_2026-05-07_fdr05	epi25_dee_ptv_bonferroni	51	6	1	56	0.017857142857142856
schema_phase2_2026-05-07_fdr05	epi25_dee_ptv_fdr05	51	11	1	61	0.01639344262295082
schema_phase2_2026-05-07_fdr05	epi25_epi_damaging_missense_bonferroni	51	1	0	52	0.0
schema_phase2_2026-05-07_fdr05	epi25_epi_damaging_missense_fdr05	51	1	0	52	0.0
schema_phase2_2026-05-07_fdr05	epi25_epi_ptv_bonferroni	51	3	0	54	0.0
schema_phase2_2026-05-07_fdr05	epi25_epi_ptv_fdr05	51	4	0	55	0.0
schema_phase2_2026-05-07_fdr05	epi25_gge_damaging_missense_bonferroni	51	1	0	52	0.0
schema_phase2_2026-05-07_fdr05	epi25_gge_damaging_missense_fdr05	51	1	0	52	0.0
schema_phase2_2026-05-07_fdr05	epi25_gge_ptv_fdr05	51	3	0	54	0.0
schema_phase2_2026-05-07_fdr05	epi25_nafe_ptv_bonferroni	51	2	0	53	0.0
schema_phase2_2026-05-07_fdr05	epi25_nafe_ptv_fdr05	51	2	0	53	0.0
schema_phase2_2026-05-07_fdr05	height_207_gene_p	51	207	3	255	0.011764705882352941
schema_phase2_2026-05-07_fdr05	height_singleton_plof	51	17	1	67	0.014925373134328358
schema_phase2_2026-05-07_fdr05	height_singleton_plof_negative	51	11	1	61	0.01639344262295082
schema_phase2_2026-05-07_fdr05	height_singleton_plof_positive	51	6	0	57	0.0
schema_phase2_2026-05-07_fdr05	legacy_ddg2p_all	51	2530	21	2560	0.008203125
schema_phase2_2026-05-07_fdr05	legacy_ddg2p_confident	51	1706	16	1741	0.009190120620333142
schema_phase2_2026-05-07_fdr05	legacy_fu_asd185	51	185	9	227	0.039647577092511016
schema_phase2_2026-05-07_fdr05	legacy_fu_asd72	51	72	5	118	0.0423728813559322
schema_phase2_2026-05-07_fdr05	legacy_fu_dd309	51	309	13	347	0.037463976945244955
schema_phase2_2026-05-07_fdr05	legacy_fu_dd477	51	477	14	514	0.027237354085603113
schema_phase2_2026-05-07_fdr05	legacy_fu_ndd373	51	373	15	409	0.03667481662591687
schema_phase2_2026-05-07_fdr05	legacy_fu_ndd664	51	664	18	697	0.02582496413199426
schema_phase2_2026-05-07_fdr05	legacy_satterstrom102	51	102	5	148	0.033783783783783786
schema_phase2_2026-05-07_fdr05	legacy_schema_fdr05	51	18	9	60	0.15
schema_phase2_2026-05-07_fdr05	legacy_schema_sig	51	10	7	54	0.12962962962962962
schema_phase2_2026-05-07_fdr05	legacy_sfari_all	51	1267	28	1290	0.021705426356589147
schema_phase2_2026-05-07_fdr05	legacy_sfari_hc	51	315	3	363	0.008264462809917356
schema_phase2_2026-05-07_fdr05	legacy_sfari_score1	51	244	11	284	0.03873239436619718
schema_phase2_2026-05-07_fdr05	legacy_sfari_score12	51	952	23	980	0.02346938775510204
schema_phase2_2026-05-07_fdr05	panelapp_epilepsy_all	51	914	10	955	0.010471204188481676
schema_phase2_2026-05-07_fdr05	panelapp_epilepsy_green	51	632	8	675	0.011851851851851851
schema_phase2_2026-05-07_fdr05	panelapp_intellectual_disability_all	51	2853	24	2880	0.008333333333333333
schema_phase2_2026-05-07_fdr05	panelapp_intellectual_disability_green	51	1513	22	1542	0.014267185473411154
schema_phase2_2026-05-07_fdr05	schema_2022_exomewide_10	51	10	7	54	0.12962962962962962
schema_phase2_2026-05-07_fdr05	schema_phase2_2026-04-23_bonferroni	51	19	19	51	0.37254901960784315
schema_phase2_2026-05-07_fdr05	schema_phase2_2026-04-23_fdr05	51	51	51	51	1.0
schema_phase2_2026-05-07_fdr05	schema_phase2_2026-05-07_bonferroni	51	19	19	51	0.37254901960784315
schema_phase2_2026-05-07_fdr05	schema_phase2_2026-05-07_fdr05	51	51	51	51	1.0
schema_phase2_2026-05-07_fdr05	schema_phase2_2026-05-26_bonferroni	51	19	19	51	0.37254901960784315
schema_phase2_2026-05-07_fdr05	schema_phase2_2026-05-26_fdr05	51	50	49	52	0.9423076923076923
schema_phase2_2026-05-07_fdr05	schema_phase2_2026-07-15_bonferroni	51	19	19	51	0.37254901960784315
schema_phase2_2026-05-07_fdr05	schema_phase2_2026-07-15_fdr05	51	50	49	52	0.9423076923076923
schema_phase2_2026-05-07_fdr05	schema_phase2_2026-08-07_bonferroni	51	19	19	51	0.37254901960784315
schema_phase2_2026-05-07_fdr05	schema_phase2_2026-08-07_fdr05	51	50	49	52	0.9423076923076923
schema_phase2_2026-05-07_fdr05	schema_phase2_2026-08-21_bonferroni	51	19	19	51	0.37254901960784315
schema_phase2_2026-05-07_fdr05	schema_phase2_2026-08-21_fdr05	51	50	49	52	0.9423076923076923
schema_phase2_2026-05-07_fdr05	sfari_all_scored	51	1195	27	1219	0.022149302707136997
schema_phase2_2026-05-07_fdr05	sfari_score_1	51	245	11	285	0.03859649122807018
schema_phase2_2026-05-07_fdr05	sfari_score_2	51	712	12	751	0.015978695073235686
schema_phase2_2026-05-07_fdr05	sfari_score_3	51	238	4	285	0.014035087719298246
schema_phase2_2026-05-07_fdr05	sfari_syndromic	51	312	12	351	0.03418803418803419
schema_phase2_2026-05-26_bonferroni	bmi_exomewide_16	19	16	0	35	0.0
schema_phase2_2026-05-26_bonferroni	bmi_exomewide_negative	19	6	0	25	0.0
schema_phase2_2026-05-26_bonferroni	bmi_exomewide_positive	19	10	0	29	0.0
schema_phase2_2026-05-26_bonferroni	epi25_dee_damaging_missense_bonferroni	19	1	0	20	0.0
schema_phase2_2026-05-26_bonferroni	epi25_dee_damaging_missense_fdr05	19	3	0	22	0.0
schema_phase2_2026-05-26_bonferroni	epi25_dee_ptv_bonferroni	19	6	0	25	0.0
schema_phase2_2026-05-26_bonferroni	epi25_dee_ptv_fdr05	19	11	0	30	0.0
schema_phase2_2026-05-26_bonferroni	epi25_epi_damaging_missense_bonferroni	19	1	0	20	0.0
schema_phase2_2026-05-26_bonferroni	epi25_epi_damaging_missense_fdr05	19	1	0	20	0.0
schema_phase2_2026-05-26_bonferroni	epi25_epi_ptv_bonferroni	19	3	0	22	0.0
schema_phase2_2026-05-26_bonferroni	epi25_epi_ptv_fdr05	19	4	0	23	0.0
schema_phase2_2026-05-26_bonferroni	epi25_gge_damaging_missense_bonferroni	19	1	0	20	0.0
schema_phase2_2026-05-26_bonferroni	epi25_gge_damaging_missense_fdr05	19	1	0	20	0.0
schema_phase2_2026-05-26_bonferroni	epi25_gge_ptv_fdr05	19	3	0	22	0.0
schema_phase2_2026-05-26_bonferroni	epi25_nafe_ptv_bonferroni	19	2	0	21	0.0
schema_phase2_2026-05-26_bonferroni	epi25_nafe_ptv_fdr05	19	2	0	21	0.0
schema_phase2_2026-05-26_bonferroni	height_207_gene_p	19	207	1	225	0.0044444444444444444
schema_phase2_2026-05-26_bonferroni	height_singleton_plof	19	17	0	36	0.0
schema_phase2_2026-05-26_bonferroni	height_singleton_plof_negative	19	11	0	30	0.0
schema_phase2_2026-05-26_bonferroni	height_singleton_plof_positive	19	6	0	25	0.0
schema_phase2_2026-05-26_bonferroni	legacy_ddg2p_all	19	2530	10	2539	0.003938558487593541
schema_phase2_2026-05-26_bonferroni	legacy_ddg2p_confident	19	1706	8	1717	0.004659289458357601
schema_phase2_2026-05-26_bonferroni	legacy_fu_asd185	19	185	2	202	0.009900990099009901
schema_phase2_2026-05-26_bonferroni	legacy_fu_asd72	19	72	1	90	0.011111111111111112
schema_phase2_2026-05-26_bonferroni	legacy_fu_dd309	19	309	6	322	0.018633540372670808
schema_phase2_2026-05-26_bonferroni	legacy_fu_dd477	19	477	6	490	0.012244897959183673
schema_phase2_2026-05-26_bonferroni	legacy_fu_ndd373	19	373	6	386	0.015544041450777202
schema_phase2_2026-05-26_bonferroni	legacy_fu_ndd664	19	664	7	676	0.010355029585798817
schema_phase2_2026-05-26_bonferroni	legacy_satterstrom102	19	102	1	120	0.008333333333333333
schema_phase2_2026-05-26_bonferroni	legacy_schema_fdr05	19	18	8	29	0.27586206896551724
schema_phase2_2026-05-26_bonferroni	legacy_schema_sig	19	10	7	22	0.3181818181818182
schema_phase2_2026-05-26_bonferroni	legacy_sfari_all	19	1267	11	1275	0.008627450980392156
schema_phase2_2026-05-26_bonferroni	legacy_sfari_hc	19	315	1	333	0.003003003003003003
schema_phase2_2026-05-26_bonferroni	legacy_sfari_score1	19	244	3	260	0.011538461538461539
schema_phase2_2026-05-26_bonferroni	legacy_sfari_score12	19	952	8	963	0.008307372793354102
schema_phase2_2026-05-26_bonferroni	panelapp_epilepsy_all	19	914	6	927	0.006472491909385114
schema_phase2_2026-05-26_bonferroni	panelapp_epilepsy_green	19	632	5	646	0.007739938080495356
schema_phase2_2026-05-26_bonferroni	panelapp_intellectual_disability_all	19	2853	10	2862	0.0034940600978336828
schema_phase2_2026-05-26_bonferroni	panelapp_intellectual_disability_green	19	1513	10	1522	0.006570302233902759
schema_phase2_2026-05-26_bonferroni	schema_2022_exomewide_10	19	10	7	22	0.3181818181818182
schema_phase2_2026-05-26_bonferroni	schema_phase2_2026-04-23_bonferroni	19	19	19	19	1.0
schema_phase2_2026-05-26_bonferroni	schema_phase2_2026-04-23_fdr05	19	51	19	51	0.37254901960784315
schema_phase2_2026-05-26_bonferroni	schema_phase2_2026-05-07_bonferroni	19	19	19	19	1.0
schema_phase2_2026-05-26_bonferroni	schema_phase2_2026-05-07_fdr05	19	51	19	51	0.37254901960784315
schema_phase2_2026-05-26_bonferroni	schema_phase2_2026-05-26_bonferroni	19	19	19	19	1.0
schema_phase2_2026-05-26_bonferroni	schema_phase2_2026-05-26_fdr05	19	50	19	50	0.38
schema_phase2_2026-05-26_bonferroni	schema_phase2_2026-07-15_bonferroni	19	19	19	19	1.0
schema_phase2_2026-05-26_bonferroni	schema_phase2_2026-07-15_fdr05	19	50	19	50	0.38
schema_phase2_2026-05-26_bonferroni	schema_phase2_2026-08-07_bonferroni	19	19	19	19	1.0
schema_phase2_2026-05-26_bonferroni	schema_phase2_2026-08-07_fdr05	19	50	19	50	0.38
schema_phase2_2026-05-26_bonferroni	schema_phase2_2026-08-21_bonferroni	19	19	19	19	1.0
schema_phase2_2026-05-26_bonferroni	schema_phase2_2026-08-21_fdr05	19	50	19	50	0.38
schema_phase2_2026-05-26_bonferroni	sfari_all_scored	19	1195	10	1204	0.008305647840531562
schema_phase2_2026-05-26_bonferroni	sfari_score_1	19	245	3	261	0.011494252873563218
schema_phase2_2026-05-26_bonferroni	sfari_score_2	19	712	5	726	0.006887052341597796
schema_phase2_2026-05-26_bonferroni	sfari_score_3	19	238	2	255	0.00784313725490196
schema_phase2_2026-05-26_bonferroni	sfari_syndromic	19	312	7	324	0.021604938271604937
schema_phase2_2026-05-26_fdr05	bmi_exomewide_16	50	16	0	66	0.0
schema_phase2_2026-05-26_fdr05	bmi_exomewide_negative	50	6	0	56	0.0
schema_phase2_2026-05-26_fdr05	bmi_exomewide_positive	50	10	0	60	0.0
schema_phase2_2026-05-26_fdr05	epi25_dee_damaging_missense_bonferroni	50	1	0	51	0.0
schema_phase2_2026-05-26_fdr05	epi25_dee_damaging_missense_fdr05	50	3	0	53	0.0
schema_phase2_2026-05-26_fdr05	epi25_dee_ptv_bonferroni	50	6	1	55	0.01818181818181818
schema_phase2_2026-05-26_fdr05	epi25_dee_ptv_fdr05	50	11	1	60	0.016666666666666666
schema_phase2_2026-05-26_fdr05	epi25_epi_damaging_missense_bonferroni	50	1	0	51	0.0
schema_phase2_2026-05-26_fdr05	epi25_epi_damaging_missense_fdr05	50	1	0	51	0.0
schema_phase2_2026-05-26_fdr05	epi25_epi_ptv_bonferroni	50	3	0	53	0.0
schema_phase2_2026-05-26_fdr05	epi25_epi_ptv_fdr05	50	4	0	54	0.0
schema_phase2_2026-05-26_fdr05	epi25_gge_damaging_missense_bonferroni	50	1	0	51	0.0
schema_phase2_2026-05-26_fdr05	epi25_gge_damaging_missense_fdr05	50	1	0	51	0.0
schema_phase2_2026-05-26_fdr05	epi25_gge_ptv_fdr05	50	3	0	53	0.0
schema_phase2_2026-05-26_fdr05	epi25_nafe_ptv_bonferroni	50	2	0	52	0.0
schema_phase2_2026-05-26_fdr05	epi25_nafe_ptv_fdr05	50	2	0	52	0.0
schema_phase2_2026-05-26_fdr05	height_207_gene_p	50	207	3	254	0.011811023622047244
schema_phase2_2026-05-26_fdr05	height_singleton_plof	50	17	1	66	0.015151515151515152
schema_phase2_2026-05-26_fdr05	height_singleton_plof_negative	50	11	1	60	0.016666666666666666
schema_phase2_2026-05-26_fdr05	height_singleton_plof_positive	50	6	0	56	0.0
schema_phase2_2026-05-26_fdr05	legacy_ddg2p_all	50	2530	20	2560	0.0078125
schema_phase2_2026-05-26_fdr05	legacy_ddg2p_confident	50	1706	16	1740	0.009195402298850575
schema_phase2_2026-05-26_fdr05	legacy_fu_asd185	50	185	9	226	0.03982300884955752
schema_phase2_2026-05-26_fdr05	legacy_fu_asd72	50	72	5	117	0.042735042735042736
schema_phase2_2026-05-26_fdr05	legacy_fu_dd309	50	309	13	346	0.03757225433526012
schema_phase2_2026-05-26_fdr05	legacy_fu_dd477	50	477	14	513	0.02729044834307992
schema_phase2_2026-05-26_fdr05	legacy_fu_ndd373	50	373	15	408	0.03676470588235294
schema_phase2_2026-05-26_fdr05	legacy_fu_ndd664	50	664	17	697	0.024390243902439025
schema_phase2_2026-05-26_fdr05	legacy_satterstrom102	50	102	5	147	0.034013605442176874
schema_phase2_2026-05-26_fdr05	legacy_schema_fdr05	50	18	9	59	0.15254237288135594
schema_phase2_2026-05-26_fdr05	legacy_schema_sig	50	10	7	53	0.1320754716981132
schema_phase2_2026-05-26_fdr05	legacy_sfari_all	50	1267	27	1290	0.020930232558139535
schema_phase2_2026-05-26_fdr05	legacy_sfari_hc	50	315	3	362	0.008287292817679558
schema_phase2_2026-05-26_fdr05	legacy_sfari_score1	50	244	10	284	0.035211267605633804
schema_phase2_2026-05-26_fdr05	legacy_sfari_score12	50	952	22	980	0.022448979591836733
schema_phase2_2026-05-26_fdr05	panelapp_epilepsy_all	50	914	10	954	0.010482180293501049
schema_phase2_2026-05-26_fdr05	panelapp_epilepsy_green	50	632	8	674	0.011869436201780416
schema_phase2_2026-05-26_fdr05	panelapp_intellectual_disability_all	50	2853	23	2880	0.00798611111111111
schema_phase2_2026-05-26_fdr05	panelapp_intellectual_disability_green	50	1513	21	1542	0.013618677042801557
schema_phase2_2026-05-26_fdr05	schema_2022_exomewide_10	50	10	7	53	0.1320754716981132
schema_phase2_2026-05-26_fdr05	schema_phase2_2026-04-23_bonferroni	50	19	19	50	0.38
schema_phase2_2026-05-26_fdr05	schema_phase2_2026-04-23_fdr05	50	51	49	52	0.9423076923076923
schema_phase2_2026-05-26_fdr05	schema_phase2_2026-05-07_bonferroni	50	19	19	50	0.38
schema_phase2_2026-05-26_fdr05	schema_phase2_2026-05-07_fdr05	50	51	49	52	0.9423076923076923
schema_phase2_2026-05-26_fdr05	schema_phase2_2026-05-26_bonferroni	50	19	19	50	0.38
schema_phase2_2026-05-26_fdr05	schema_phase2_2026-05-26_fdr05	50	50	50	50	1.0
schema_phase2_2026-05-26_fdr05	schema_phase2_2026-07-15_bonferroni	50	19	19	50	0.38
schema_phase2_2026-05-26_fdr05	schema_phase2_2026-07-15_fdr05	50	50	50	50	1.0
schema_phase2_2026-05-26_fdr05	schema_phase2_2026-08-07_bonferroni	50	19	19	50	0.38
schema_phase2_2026-05-26_fdr05	schema_phase2_2026-08-07_fdr05	50	50	50	50	1.0
schema_phase2_2026-05-26_fdr05	schema_phase2_2026-08-21_bonferroni	50	19	19	50	0.38
schema_phase2_2026-05-26_fdr05	schema_phase2_2026-08-21_fdr05	50	50	50	50	1.0
schema_phase2_2026-05-26_fdr05	sfari_all_scored	50	1195	26	1219	0.02132895816242822
schema_phase2_2026-05-26_fdr05	sfari_score_1	50	245	10	285	0.03508771929824561
schema_phase2_2026-05-26_fdr05	sfari_score_2	50	712	12	750	0.016
schema_phase2_2026-05-26_fdr05	sfari_score_3	50	238	4	284	0.014084507042253521
schema_phase2_2026-05-26_fdr05	sfari_syndromic	50	312	11	351	0.03133903133903134
schema_phase2_2026-07-15_bonferroni	bmi_exomewide_16	19	16	0	35	0.0
schema_phase2_2026-07-15_bonferroni	bmi_exomewide_negative	19	6	0	25	0.0
schema_phase2_2026-07-15_bonferroni	bmi_exomewide_positive	19	10	0	29	0.0
schema_phase2_2026-07-15_bonferroni	epi25_dee_damaging_missense_bonferroni	19	1	0	20	0.0
schema_phase2_2026-07-15_bonferroni	epi25_dee_damaging_missense_fdr05	19	3	0	22	0.0
schema_phase2_2026-07-15_bonferroni	epi25_dee_ptv_bonferroni	19	6	0	25	0.0
schema_phase2_2026-07-15_bonferroni	epi25_dee_ptv_fdr05	19	11	0	30	0.0
schema_phase2_2026-07-15_bonferroni	epi25_epi_damaging_missense_bonferroni	19	1	0	20	0.0
schema_phase2_2026-07-15_bonferroni	epi25_epi_damaging_missense_fdr05	19	1	0	20	0.0
schema_phase2_2026-07-15_bonferroni	epi25_epi_ptv_bonferroni	19	3	0	22	0.0
schema_phase2_2026-07-15_bonferroni	epi25_epi_ptv_fdr05	19	4	0	23	0.0
schema_phase2_2026-07-15_bonferroni	epi25_gge_damaging_missense_bonferroni	19	1	0	20	0.0
schema_phase2_2026-07-15_bonferroni	epi25_gge_damaging_missense_fdr05	19	1	0	20	0.0
schema_phase2_2026-07-15_bonferroni	epi25_gge_ptv_fdr05	19	3	0	22	0.0
schema_phase2_2026-07-15_bonferroni	epi25_nafe_ptv_bonferroni	19	2	0	21	0.0
schema_phase2_2026-07-15_bonferroni	epi25_nafe_ptv_fdr05	19	2	0	21	0.0
schema_phase2_2026-07-15_bonferroni	height_207_gene_p	19	207	1	225	0.0044444444444444444
schema_phase2_2026-07-15_bonferroni	height_singleton_plof	19	17	0	36	0.0
schema_phase2_2026-07-15_bonferroni	height_singleton_plof_negative	19	11	0	30	0.0
schema_phase2_2026-07-15_bonferroni	height_singleton_plof_positive	19	6	0	25	0.0
schema_phase2_2026-07-15_bonferroni	legacy_ddg2p_all	19	2530	10	2539	0.003938558487593541
schema_phase2_2026-07-15_bonferroni	legacy_ddg2p_confident	19	1706	8	1717	0.004659289458357601
schema_phase2_2026-07-15_bonferroni	legacy_fu_asd185	19	185	2	202	0.009900990099009901
schema_phase2_2026-07-15_bonferroni	legacy_fu_asd72	19	72	1	90	0.011111111111111112
schema_phase2_2026-07-15_bonferroni	legacy_fu_dd309	19	309	6	322	0.018633540372670808
schema_phase2_2026-07-15_bonferroni	legacy_fu_dd477	19	477	6	490	0.012244897959183673
schema_phase2_2026-07-15_bonferroni	legacy_fu_ndd373	19	373	6	386	0.015544041450777202
schema_phase2_2026-07-15_bonferroni	legacy_fu_ndd664	19	664	7	676	0.010355029585798817
schema_phase2_2026-07-15_bonferroni	legacy_satterstrom102	19	102	1	120	0.008333333333333333
schema_phase2_2026-07-15_bonferroni	legacy_schema_fdr05	19	18	8	29	0.27586206896551724
schema_phase2_2026-07-15_bonferroni	legacy_schema_sig	19	10	7	22	0.3181818181818182
schema_phase2_2026-07-15_bonferroni	legacy_sfari_all	19	1267	11	1275	0.008627450980392156
schema_phase2_2026-07-15_bonferroni	legacy_sfari_hc	19	315	1	333	0.003003003003003003
schema_phase2_2026-07-15_bonferroni	legacy_sfari_score1	19	244	3	260	0.011538461538461539
schema_phase2_2026-07-15_bonferroni	legacy_sfari_score12	19	952	8	963	0.008307372793354102
schema_phase2_2026-07-15_bonferroni	panelapp_epilepsy_all	19	914	6	927	0.006472491909385114
schema_phase2_2026-07-15_bonferroni	panelapp_epilepsy_green	19	632	5	646	0.007739938080495356
schema_phase2_2026-07-15_bonferroni	panelapp_intellectual_disability_all	19	2853	10	2862	0.0034940600978336828
schema_phase2_2026-07-15_bonferroni	panelapp_intellectual_disability_green	19	1513	10	1522	0.006570302233902759
schema_phase2_2026-07-15_bonferroni	schema_2022_exomewide_10	19	10	7	22	0.3181818181818182
schema_phase2_2026-07-15_bonferroni	schema_phase2_2026-04-23_bonferroni	19	19	19	19	1.0
schema_phase2_2026-07-15_bonferroni	schema_phase2_2026-04-23_fdr05	19	51	19	51	0.37254901960784315
schema_phase2_2026-07-15_bonferroni	schema_phase2_2026-05-07_bonferroni	19	19	19	19	1.0
schema_phase2_2026-07-15_bonferroni	schema_phase2_2026-05-07_fdr05	19	51	19	51	0.37254901960784315
schema_phase2_2026-07-15_bonferroni	schema_phase2_2026-05-26_bonferroni	19	19	19	19	1.0
schema_phase2_2026-07-15_bonferroni	schema_phase2_2026-05-26_fdr05	19	50	19	50	0.38
schema_phase2_2026-07-15_bonferroni	schema_phase2_2026-07-15_bonferroni	19	19	19	19	1.0
schema_phase2_2026-07-15_bonferroni	schema_phase2_2026-07-15_fdr05	19	50	19	50	0.38
schema_phase2_2026-07-15_bonferroni	schema_phase2_2026-08-07_bonferroni	19	19	19	19	1.0
schema_phase2_2026-07-15_bonferroni	schema_phase2_2026-08-07_fdr05	19	50	19	50	0.38
schema_phase2_2026-07-15_bonferroni	schema_phase2_2026-08-21_bonferroni	19	19	19	19	1.0
schema_phase2_2026-07-15_bonferroni	schema_phase2_2026-08-21_fdr05	19	50	19	50	0.38
schema_phase2_2026-07-15_bonferroni	sfari_all_scored	19	1195	10	1204	0.008305647840531562
schema_phase2_2026-07-15_bonferroni	sfari_score_1	19	245	3	261	0.011494252873563218
schema_phase2_2026-07-15_bonferroni	sfari_score_2	19	712	5	726	0.006887052341597796
schema_phase2_2026-07-15_bonferroni	sfari_score_3	19	238	2	255	0.00784313725490196
schema_phase2_2026-07-15_bonferroni	sfari_syndromic	19	312	7	324	0.021604938271604937
schema_phase2_2026-07-15_fdr05	bmi_exomewide_16	50	16	0	66	0.0
schema_phase2_2026-07-15_fdr05	bmi_exomewide_negative	50	6	0	56	0.0
schema_phase2_2026-07-15_fdr05	bmi_exomewide_positive	50	10	0	60	0.0
schema_phase2_2026-07-15_fdr05	epi25_dee_damaging_missense_bonferroni	50	1	0	51	0.0
schema_phase2_2026-07-15_fdr05	epi25_dee_damaging_missense_fdr05	50	3	0	53	0.0
schema_phase2_2026-07-15_fdr05	epi25_dee_ptv_bonferroni	50	6	1	55	0.01818181818181818
schema_phase2_2026-07-15_fdr05	epi25_dee_ptv_fdr05	50	11	1	60	0.016666666666666666
schema_phase2_2026-07-15_fdr05	epi25_epi_damaging_missense_bonferroni	50	1	0	51	0.0
schema_phase2_2026-07-15_fdr05	epi25_epi_damaging_missense_fdr05	50	1	0	51	0.0
schema_phase2_2026-07-15_fdr05	epi25_epi_ptv_bonferroni	50	3	0	53	0.0
schema_phase2_2026-07-15_fdr05	epi25_epi_ptv_fdr05	50	4	0	54	0.0
schema_phase2_2026-07-15_fdr05	epi25_gge_damaging_missense_bonferroni	50	1	0	51	0.0
schema_phase2_2026-07-15_fdr05	epi25_gge_damaging_missense_fdr05	50	1	0	51	0.0
schema_phase2_2026-07-15_fdr05	epi25_gge_ptv_fdr05	50	3	0	53	0.0
schema_phase2_2026-07-15_fdr05	epi25_nafe_ptv_bonferroni	50	2	0	52	0.0
schema_phase2_2026-07-15_fdr05	epi25_nafe_ptv_fdr05	50	2	0	52	0.0
schema_phase2_2026-07-15_fdr05	height_207_gene_p	50	207	3	254	0.011811023622047244
schema_phase2_2026-07-15_fdr05	height_singleton_plof	50	17	1	66	0.015151515151515152
schema_phase2_2026-07-15_fdr05	height_singleton_plof_negative	50	11	1	60	0.016666666666666666
schema_phase2_2026-07-15_fdr05	height_singleton_plof_positive	50	6	0	56	0.0
schema_phase2_2026-07-15_fdr05	legacy_ddg2p_all	50	2530	20	2560	0.0078125
schema_phase2_2026-07-15_fdr05	legacy_ddg2p_confident	50	1706	16	1740	0.009195402298850575
schema_phase2_2026-07-15_fdr05	legacy_fu_asd185	50	185	9	226	0.03982300884955752
schema_phase2_2026-07-15_fdr05	legacy_fu_asd72	50	72	5	117	0.042735042735042736
schema_phase2_2026-07-15_fdr05	legacy_fu_dd309	50	309	13	346	0.03757225433526012
schema_phase2_2026-07-15_fdr05	legacy_fu_dd477	50	477	14	513	0.02729044834307992
schema_phase2_2026-07-15_fdr05	legacy_fu_ndd373	50	373	15	408	0.03676470588235294
schema_phase2_2026-07-15_fdr05	legacy_fu_ndd664	50	664	17	697	0.024390243902439025
schema_phase2_2026-07-15_fdr05	legacy_satterstrom102	50	102	5	147	0.034013605442176874
schema_phase2_2026-07-15_fdr05	legacy_schema_fdr05	50	18	9	59	0.15254237288135594
schema_phase2_2026-07-15_fdr05	legacy_schema_sig	50	10	7	53	0.1320754716981132
schema_phase2_2026-07-15_fdr05	legacy_sfari_all	50	1267	27	1290	0.020930232558139535
schema_phase2_2026-07-15_fdr05	legacy_sfari_hc	50	315	3	362	0.008287292817679558
schema_phase2_2026-07-15_fdr05	legacy_sfari_score1	50	244	10	284	0.035211267605633804
schema_phase2_2026-07-15_fdr05	legacy_sfari_score12	50	952	22	980	0.022448979591836733
schema_phase2_2026-07-15_fdr05	panelapp_epilepsy_all	50	914	10	954	0.010482180293501049
schema_phase2_2026-07-15_fdr05	panelapp_epilepsy_green	50	632	8	674	0.011869436201780416
schema_phase2_2026-07-15_fdr05	panelapp_intellectual_disability_all	50	2853	23	2880	0.00798611111111111
schema_phase2_2026-07-15_fdr05	panelapp_intellectual_disability_green	50	1513	21	1542	0.013618677042801557
schema_phase2_2026-07-15_fdr05	schema_2022_exomewide_10	50	10	7	53	0.1320754716981132
schema_phase2_2026-07-15_fdr05	schema_phase2_2026-04-23_bonferroni	50	19	19	50	0.38
schema_phase2_2026-07-15_fdr05	schema_phase2_2026-04-23_fdr05	50	51	49	52	0.9423076923076923
schema_phase2_2026-07-15_fdr05	schema_phase2_2026-05-07_bonferroni	50	19	19	50	0.38
schema_phase2_2026-07-15_fdr05	schema_phase2_2026-05-07_fdr05	50	51	49	52	0.9423076923076923
schema_phase2_2026-07-15_fdr05	schema_phase2_2026-05-26_bonferroni	50	19	19	50	0.38
schema_phase2_2026-07-15_fdr05	schema_phase2_2026-05-26_fdr05	50	50	50	50	1.0
schema_phase2_2026-07-15_fdr05	schema_phase2_2026-07-15_bonferroni	50	19	19	50	0.38
schema_phase2_2026-07-15_fdr05	schema_phase2_2026-07-15_fdr05	50	50	50	50	1.0
schema_phase2_2026-07-15_fdr05	schema_phase2_2026-08-07_bonferroni	50	19	19	50	0.38
schema_phase2_2026-07-15_fdr05	schema_phase2_2026-08-07_fdr05	50	50	50	50	1.0
schema_phase2_2026-07-15_fdr05	schema_phase2_2026-08-21_bonferroni	50	19	19	50	0.38
schema_phase2_2026-07-15_fdr05	schema_phase2_2026-08-21_fdr05	50	50	50	50	1.0
schema_phase2_2026-07-15_fdr05	sfari_all_scored	50	1195	26	1219	0.02132895816242822
schema_phase2_2026-07-15_fdr05	sfari_score_1	50	245	10	285	0.03508771929824561
schema_phase2_2026-07-15_fdr05	sfari_score_2	50	712	12	750	0.016
schema_phase2_2026-07-15_fdr05	sfari_score_3	50	238	4	284	0.014084507042253521
schema_phase2_2026-07-15_fdr05	sfari_syndromic	50	312	11	351	0.03133903133903134
schema_phase2_2026-08-07_bonferroni	bmi_exomewide_16	19	16	0	35	0.0
schema_phase2_2026-08-07_bonferroni	bmi_exomewide_negative	19	6	0	25	0.0
schema_phase2_2026-08-07_bonferroni	bmi_exomewide_positive	19	10	0	29	0.0
schema_phase2_2026-08-07_bonferroni	epi25_dee_damaging_missense_bonferroni	19	1	0	20	0.0
schema_phase2_2026-08-07_bonferroni	epi25_dee_damaging_missense_fdr05	19	3	0	22	0.0
schema_phase2_2026-08-07_bonferroni	epi25_dee_ptv_bonferroni	19	6	0	25	0.0
schema_phase2_2026-08-07_bonferroni	epi25_dee_ptv_fdr05	19	11	0	30	0.0
schema_phase2_2026-08-07_bonferroni	epi25_epi_damaging_missense_bonferroni	19	1	0	20	0.0
schema_phase2_2026-08-07_bonferroni	epi25_epi_damaging_missense_fdr05	19	1	0	20	0.0
schema_phase2_2026-08-07_bonferroni	epi25_epi_ptv_bonferroni	19	3	0	22	0.0
schema_phase2_2026-08-07_bonferroni	epi25_epi_ptv_fdr05	19	4	0	23	0.0
schema_phase2_2026-08-07_bonferroni	epi25_gge_damaging_missense_bonferroni	19	1	0	20	0.0
schema_phase2_2026-08-07_bonferroni	epi25_gge_damaging_missense_fdr05	19	1	0	20	0.0
schema_phase2_2026-08-07_bonferroni	epi25_gge_ptv_fdr05	19	3	0	22	0.0
schema_phase2_2026-08-07_bonferroni	epi25_nafe_ptv_bonferroni	19	2	0	21	0.0
schema_phase2_2026-08-07_bonferroni	epi25_nafe_ptv_fdr05	19	2	0	21	0.0
schema_phase2_2026-08-07_bonferroni	height_207_gene_p	19	207	1	225	0.0044444444444444444
schema_phase2_2026-08-07_bonferroni	height_singleton_plof	19	17	0	36	0.0
schema_phase2_2026-08-07_bonferroni	height_singleton_plof_negative	19	11	0	30	0.0
schema_phase2_2026-08-07_bonferroni	height_singleton_plof_positive	19	6	0	25	0.0
schema_phase2_2026-08-07_bonferroni	legacy_ddg2p_all	19	2530	10	2539	0.003938558487593541
schema_phase2_2026-08-07_bonferroni	legacy_ddg2p_confident	19	1706	8	1717	0.004659289458357601
schema_phase2_2026-08-07_bonferroni	legacy_fu_asd185	19	185	2	202	0.009900990099009901
schema_phase2_2026-08-07_bonferroni	legacy_fu_asd72	19	72	1	90	0.011111111111111112
schema_phase2_2026-08-07_bonferroni	legacy_fu_dd309	19	309	6	322	0.018633540372670808
schema_phase2_2026-08-07_bonferroni	legacy_fu_dd477	19	477	6	490	0.012244897959183673
schema_phase2_2026-08-07_bonferroni	legacy_fu_ndd373	19	373	6	386	0.015544041450777202
schema_phase2_2026-08-07_bonferroni	legacy_fu_ndd664	19	664	7	676	0.010355029585798817
schema_phase2_2026-08-07_bonferroni	legacy_satterstrom102	19	102	1	120	0.008333333333333333
schema_phase2_2026-08-07_bonferroni	legacy_schema_fdr05	19	18	8	29	0.27586206896551724
schema_phase2_2026-08-07_bonferroni	legacy_schema_sig	19	10	7	22	0.3181818181818182
schema_phase2_2026-08-07_bonferroni	legacy_sfari_all	19	1267	11	1275	0.008627450980392156
schema_phase2_2026-08-07_bonferroni	legacy_sfari_hc	19	315	1	333	0.003003003003003003
schema_phase2_2026-08-07_bonferroni	legacy_sfari_score1	19	244	3	260	0.011538461538461539
schema_phase2_2026-08-07_bonferroni	legacy_sfari_score12	19	952	8	963	0.008307372793354102
schema_phase2_2026-08-07_bonferroni	panelapp_epilepsy_all	19	914	6	927	0.006472491909385114
schema_phase2_2026-08-07_bonferroni	panelapp_epilepsy_green	19	632	5	646	0.007739938080495356
schema_phase2_2026-08-07_bonferroni	panelapp_intellectual_disability_all	19	2853	10	2862	0.0034940600978336828
schema_phase2_2026-08-07_bonferroni	panelapp_intellectual_disability_green	19	1513	10	1522	0.006570302233902759
schema_phase2_2026-08-07_bonferroni	schema_2022_exomewide_10	19	10	7	22	0.3181818181818182
schema_phase2_2026-08-07_bonferroni	schema_phase2_2026-04-23_bonferroni	19	19	19	19	1.0
schema_phase2_2026-08-07_bonferroni	schema_phase2_2026-04-23_fdr05	19	51	19	51	0.37254901960784315
schema_phase2_2026-08-07_bonferroni	schema_phase2_2026-05-07_bonferroni	19	19	19	19	1.0
schema_phase2_2026-08-07_bonferroni	schema_phase2_2026-05-07_fdr05	19	51	19	51	0.37254901960784315
schema_phase2_2026-08-07_bonferroni	schema_phase2_2026-05-26_bonferroni	19	19	19	19	1.0
schema_phase2_2026-08-07_bonferroni	schema_phase2_2026-05-26_fdr05	19	50	19	50	0.38
schema_phase2_2026-08-07_bonferroni	schema_phase2_2026-07-15_bonferroni	19	19	19	19	1.0
schema_phase2_2026-08-07_bonferroni	schema_phase2_2026-07-15_fdr05	19	50	19	50	0.38
schema_phase2_2026-08-07_bonferroni	schema_phase2_2026-08-07_bonferroni	19	19	19	19	1.0
schema_phase2_2026-08-07_bonferroni	schema_phase2_2026-08-07_fdr05	19	50	19	50	0.38
schema_phase2_2026-08-07_bonferroni	schema_phase2_2026-08-21_bonferroni	19	19	19	19	1.0
schema_phase2_2026-08-07_bonferroni	schema_phase2_2026-08-21_fdr05	19	50	19	50	0.38
schema_phase2_2026-08-07_bonferroni	sfari_all_scored	19	1195	10	1204	0.008305647840531562
schema_phase2_2026-08-07_bonferroni	sfari_score_1	19	245	3	261	0.011494252873563218
schema_phase2_2026-08-07_bonferroni	sfari_score_2	19	712	5	726	0.006887052341597796
schema_phase2_2026-08-07_bonferroni	sfari_score_3	19	238	2	255	0.00784313725490196
schema_phase2_2026-08-07_bonferroni	sfari_syndromic	19	312	7	324	0.021604938271604937
schema_phase2_2026-08-07_fdr05	bmi_exomewide_16	50	16	0	66	0.0
schema_phase2_2026-08-07_fdr05	bmi_exomewide_negative	50	6	0	56	0.0
schema_phase2_2026-08-07_fdr05	bmi_exomewide_positive	50	10	0	60	0.0
schema_phase2_2026-08-07_fdr05	epi25_dee_damaging_missense_bonferroni	50	1	0	51	0.0
schema_phase2_2026-08-07_fdr05	epi25_dee_damaging_missense_fdr05	50	3	0	53	0.0
schema_phase2_2026-08-07_fdr05	epi25_dee_ptv_bonferroni	50	6	1	55	0.01818181818181818
schema_phase2_2026-08-07_fdr05	epi25_dee_ptv_fdr05	50	11	1	60	0.016666666666666666
schema_phase2_2026-08-07_fdr05	epi25_epi_damaging_missense_bonferroni	50	1	0	51	0.0
schema_phase2_2026-08-07_fdr05	epi25_epi_damaging_missense_fdr05	50	1	0	51	0.0
schema_phase2_2026-08-07_fdr05	epi25_epi_ptv_bonferroni	50	3	0	53	0.0
schema_phase2_2026-08-07_fdr05	epi25_epi_ptv_fdr05	50	4	0	54	0.0
schema_phase2_2026-08-07_fdr05	epi25_gge_damaging_missense_bonferroni	50	1	0	51	0.0
schema_phase2_2026-08-07_fdr05	epi25_gge_damaging_missense_fdr05	50	1	0	51	0.0
schema_phase2_2026-08-07_fdr05	epi25_gge_ptv_fdr05	50	3	0	53	0.0
schema_phase2_2026-08-07_fdr05	epi25_nafe_ptv_bonferroni	50	2	0	52	0.0
schema_phase2_2026-08-07_fdr05	epi25_nafe_ptv_fdr05	50	2	0	52	0.0
schema_phase2_2026-08-07_fdr05	height_207_gene_p	50	207	3	254	0.011811023622047244
schema_phase2_2026-08-07_fdr05	height_singleton_plof	50	17	1	66	0.015151515151515152
schema_phase2_2026-08-07_fdr05	height_singleton_plof_negative	50	11	1	60	0.016666666666666666
schema_phase2_2026-08-07_fdr05	height_singleton_plof_positive	50	6	0	56	0.0
schema_phase2_2026-08-07_fdr05	legacy_ddg2p_all	50	2530	20	2560	0.0078125
schema_phase2_2026-08-07_fdr05	legacy_ddg2p_confident	50	1706	16	1740	0.009195402298850575
schema_phase2_2026-08-07_fdr05	legacy_fu_asd185	50	185	9	226	0.03982300884955752
schema_phase2_2026-08-07_fdr05	legacy_fu_asd72	50	72	5	117	0.042735042735042736
schema_phase2_2026-08-07_fdr05	legacy_fu_dd309	50	309	13	346	0.03757225433526012
schema_phase2_2026-08-07_fdr05	legacy_fu_dd477	50	477	14	513	0.02729044834307992
schema_phase2_2026-08-07_fdr05	legacy_fu_ndd373	50	373	15	408	0.03676470588235294
schema_phase2_2026-08-07_fdr05	legacy_fu_ndd664	50	664	17	697	0.024390243902439025
schema_phase2_2026-08-07_fdr05	legacy_satterstrom102	50	102	5	147	0.034013605442176874
schema_phase2_2026-08-07_fdr05	legacy_schema_fdr05	50	18	9	59	0.15254237288135594
schema_phase2_2026-08-07_fdr05	legacy_schema_sig	50	10	7	53	0.1320754716981132
schema_phase2_2026-08-07_fdr05	legacy_sfari_all	50	1267	27	1290	0.020930232558139535
schema_phase2_2026-08-07_fdr05	legacy_sfari_hc	50	315	3	362	0.008287292817679558
schema_phase2_2026-08-07_fdr05	legacy_sfari_score1	50	244	10	284	0.035211267605633804
schema_phase2_2026-08-07_fdr05	legacy_sfari_score12	50	952	22	980	0.022448979591836733
schema_phase2_2026-08-07_fdr05	panelapp_epilepsy_all	50	914	10	954	0.010482180293501049
schema_phase2_2026-08-07_fdr05	panelapp_epilepsy_green	50	632	8	674	0.011869436201780416
schema_phase2_2026-08-07_fdr05	panelapp_intellectual_disability_all	50	2853	23	2880	0.00798611111111111
schema_phase2_2026-08-07_fdr05	panelapp_intellectual_disability_green	50	1513	21	1542	0.013618677042801557
schema_phase2_2026-08-07_fdr05	schema_2022_exomewide_10	50	10	7	53	0.1320754716981132
schema_phase2_2026-08-07_fdr05	schema_phase2_2026-04-23_bonferroni	50	19	19	50	0.38
schema_phase2_2026-08-07_fdr05	schema_phase2_2026-04-23_fdr05	50	51	49	52	0.9423076923076923
schema_phase2_2026-08-07_fdr05	schema_phase2_2026-05-07_bonferroni	50	19	19	50	0.38
schema_phase2_2026-08-07_fdr05	schema_phase2_2026-05-07_fdr05	50	51	49	52	0.9423076923076923
schema_phase2_2026-08-07_fdr05	schema_phase2_2026-05-26_bonferroni	50	19	19	50	0.38
schema_phase2_2026-08-07_fdr05	schema_phase2_2026-05-26_fdr05	50	50	50	50	1.0
schema_phase2_2026-08-07_fdr05	schema_phase2_2026-07-15_bonferroni	50	19	19	50	0.38
schema_phase2_2026-08-07_fdr05	schema_phase2_2026-07-15_fdr05	50	50	50	50	1.0
schema_phase2_2026-08-07_fdr05	schema_phase2_2026-08-07_bonferroni	50	19	19	50	0.38
schema_phase2_2026-08-07_fdr05	schema_phase2_2026-08-07_fdr05	50	50	50	50	1.0
schema_phase2_2026-08-07_fdr05	schema_phase2_2026-08-21_bonferroni	50	19	19	50	0.38
schema_phase2_2026-08-07_fdr05	schema_phase2_2026-08-21_fdr05	50	50	50	50	1.0
schema_phase2_2026-08-07_fdr05	sfari_all_scored	50	1195	26	1219	0.02132895816242822
schema_phase2_2026-08-07_fdr05	sfari_score_1	50	245	10	285	0.03508771929824561
schema_phase2_2026-08-07_fdr05	sfari_score_2	50	712	12	750	0.016
schema_phase2_2026-08-07_fdr05	sfari_score_3	50	238	4	284	0.014084507042253521
schema_phase2_2026-08-07_fdr05	sfari_syndromic	50	312	11	351	0.03133903133903134
schema_phase2_2026-08-21_bonferroni	bmi_exomewide_16	19	16	0	35	0.0
schema_phase2_2026-08-21_bonferroni	bmi_exomewide_negative	19	6	0	25	0.0
schema_phase2_2026-08-21_bonferroni	bmi_exomewide_positive	19	10	0	29	0.0
schema_phase2_2026-08-21_bonferroni	epi25_dee_damaging_missense_bonferroni	19	1	0	20	0.0
schema_phase2_2026-08-21_bonferroni	epi25_dee_damaging_missense_fdr05	19	3	0	22	0.0
schema_phase2_2026-08-21_bonferroni	epi25_dee_ptv_bonferroni	19	6	0	25	0.0
schema_phase2_2026-08-21_bonferroni	epi25_dee_ptv_fdr05	19	11	0	30	0.0
schema_phase2_2026-08-21_bonferroni	epi25_epi_damaging_missense_bonferroni	19	1	0	20	0.0
schema_phase2_2026-08-21_bonferroni	epi25_epi_damaging_missense_fdr05	19	1	0	20	0.0
schema_phase2_2026-08-21_bonferroni	epi25_epi_ptv_bonferroni	19	3	0	22	0.0
schema_phase2_2026-08-21_bonferroni	epi25_epi_ptv_fdr05	19	4	0	23	0.0
schema_phase2_2026-08-21_bonferroni	epi25_gge_damaging_missense_bonferroni	19	1	0	20	0.0
schema_phase2_2026-08-21_bonferroni	epi25_gge_damaging_missense_fdr05	19	1	0	20	0.0
schema_phase2_2026-08-21_bonferroni	epi25_gge_ptv_fdr05	19	3	0	22	0.0
schema_phase2_2026-08-21_bonferroni	epi25_nafe_ptv_bonferroni	19	2	0	21	0.0
schema_phase2_2026-08-21_bonferroni	epi25_nafe_ptv_fdr05	19	2	0	21	0.0
schema_phase2_2026-08-21_bonferroni	height_207_gene_p	19	207	1	225	0.0044444444444444444
schema_phase2_2026-08-21_bonferroni	height_singleton_plof	19	17	0	36	0.0
schema_phase2_2026-08-21_bonferroni	height_singleton_plof_negative	19	11	0	30	0.0
schema_phase2_2026-08-21_bonferroni	height_singleton_plof_positive	19	6	0	25	0.0
schema_phase2_2026-08-21_bonferroni	legacy_ddg2p_all	19	2530	10	2539	0.003938558487593541
schema_phase2_2026-08-21_bonferroni	legacy_ddg2p_confident	19	1706	8	1717	0.004659289458357601
schema_phase2_2026-08-21_bonferroni	legacy_fu_asd185	19	185	2	202	0.009900990099009901
schema_phase2_2026-08-21_bonferroni	legacy_fu_asd72	19	72	1	90	0.011111111111111112
schema_phase2_2026-08-21_bonferroni	legacy_fu_dd309	19	309	6	322	0.018633540372670808
schema_phase2_2026-08-21_bonferroni	legacy_fu_dd477	19	477	6	490	0.012244897959183673
schema_phase2_2026-08-21_bonferroni	legacy_fu_ndd373	19	373	6	386	0.015544041450777202
schema_phase2_2026-08-21_bonferroni	legacy_fu_ndd664	19	664	7	676	0.010355029585798817
schema_phase2_2026-08-21_bonferroni	legacy_satterstrom102	19	102	1	120	0.008333333333333333
schema_phase2_2026-08-21_bonferroni	legacy_schema_fdr05	19	18	8	29	0.27586206896551724
schema_phase2_2026-08-21_bonferroni	legacy_schema_sig	19	10	7	22	0.3181818181818182
schema_phase2_2026-08-21_bonferroni	legacy_sfari_all	19	1267	11	1275	0.008627450980392156
schema_phase2_2026-08-21_bonferroni	legacy_sfari_hc	19	315	1	333	0.003003003003003003
schema_phase2_2026-08-21_bonferroni	legacy_sfari_score1	19	244	3	260	0.011538461538461539
schema_phase2_2026-08-21_bonferroni	legacy_sfari_score12	19	952	8	963	0.008307372793354102
schema_phase2_2026-08-21_bonferroni	panelapp_epilepsy_all	19	914	6	927	0.006472491909385114
schema_phase2_2026-08-21_bonferroni	panelapp_epilepsy_green	19	632	5	646	0.007739938080495356
schema_phase2_2026-08-21_bonferroni	panelapp_intellectual_disability_all	19	2853	10	2862	0.0034940600978336828
schema_phase2_2026-08-21_bonferroni	panelapp_intellectual_disability_green	19	1513	10	1522	0.006570302233902759
schema_phase2_2026-08-21_bonferroni	schema_2022_exomewide_10	19	10	7	22	0.3181818181818182
schema_phase2_2026-08-21_bonferroni	schema_phase2_2026-04-23_bonferroni	19	19	19	19	1.0
schema_phase2_2026-08-21_bonferroni	schema_phase2_2026-04-23_fdr05	19	51	19	51	0.37254901960784315
schema_phase2_2026-08-21_bonferroni	schema_phase2_2026-05-07_bonferroni	19	19	19	19	1.0
schema_phase2_2026-08-21_bonferroni	schema_phase2_2026-05-07_fdr05	19	51	19	51	0.37254901960784315
schema_phase2_2026-08-21_bonferroni	schema_phase2_2026-05-26_bonferroni	19	19	19	19	1.0
schema_phase2_2026-08-21_bonferroni	schema_phase2_2026-05-26_fdr05	19	50	19	50	0.38
schema_phase2_2026-08-21_bonferroni	schema_phase2_2026-07-15_bonferroni	19	19	19	19	1.0
schema_phase2_2026-08-21_bonferroni	schema_phase2_2026-07-15_fdr05	19	50	19	50	0.38
schema_phase2_2026-08-21_bonferroni	schema_phase2_2026-08-07_bonferroni	19	19	19	19	1.0
schema_phase2_2026-08-21_bonferroni	schema_phase2_2026-08-07_fdr05	19	50	19	50	0.38
schema_phase2_2026-08-21_bonferroni	schema_phase2_2026-08-21_bonferroni	19	19	19	19	1.0
schema_phase2_2026-08-21_bonferroni	schema_phase2_2026-08-21_fdr05	19	50	19	50	0.38
schema_phase2_2026-08-21_bonferroni	sfari_all_scored	19	1195	10	1204	0.008305647840531562
schema_phase2_2026-08-21_bonferroni	sfari_score_1	19	245	3	261	0.011494252873563218
schema_phase2_2026-08-21_bonferroni	sfari_score_2	19	712	5	726	0.006887052341597796
schema_phase2_2026-08-21_bonferroni	sfari_score_3	19	238	2	255	0.00784313725490196
schema_phase2_2026-08-21_bonferroni	sfari_syndromic	19	312	7	324	0.021604938271604937
schema_phase2_2026-08-21_fdr05	bmi_exomewide_16	50	16	0	66	0.0
schema_phase2_2026-08-21_fdr05	bmi_exomewide_negative	50	6	0	56	0.0
schema_phase2_2026-08-21_fdr05	bmi_exomewide_positive	50	10	0	60	0.0
schema_phase2_2026-08-21_fdr05	epi25_dee_damaging_missense_bonferroni	50	1	0	51	0.0
schema_phase2_2026-08-21_fdr05	epi25_dee_damaging_missense_fdr05	50	3	0	53	0.0
schema_phase2_2026-08-21_fdr05	epi25_dee_ptv_bonferroni	50	6	1	55	0.01818181818181818
schema_phase2_2026-08-21_fdr05	epi25_dee_ptv_fdr05	50	11	1	60	0.016666666666666666
schema_phase2_2026-08-21_fdr05	epi25_epi_damaging_missense_bonferroni	50	1	0	51	0.0
schema_phase2_2026-08-21_fdr05	epi25_epi_damaging_missense_fdr05	50	1	0	51	0.0
schema_phase2_2026-08-21_fdr05	epi25_epi_ptv_bonferroni	50	3	0	53	0.0
schema_phase2_2026-08-21_fdr05	epi25_epi_ptv_fdr05	50	4	0	54	0.0
schema_phase2_2026-08-21_fdr05	epi25_gge_damaging_missense_bonferroni	50	1	0	51	0.0
schema_phase2_2026-08-21_fdr05	epi25_gge_damaging_missense_fdr05	50	1	0	51	0.0
schema_phase2_2026-08-21_fdr05	epi25_gge_ptv_fdr05	50	3	0	53	0.0
schema_phase2_2026-08-21_fdr05	epi25_nafe_ptv_bonferroni	50	2	0	52	0.0
schema_phase2_2026-08-21_fdr05	epi25_nafe_ptv_fdr05	50	2	0	52	0.0
schema_phase2_2026-08-21_fdr05	height_207_gene_p	50	207	3	254	0.011811023622047244
schema_phase2_2026-08-21_fdr05	height_singleton_plof	50	17	1	66	0.015151515151515152
schema_phase2_2026-08-21_fdr05	height_singleton_plof_negative	50	11	1	60	0.016666666666666666
schema_phase2_2026-08-21_fdr05	height_singleton_plof_positive	50	6	0	56	0.0
schema_phase2_2026-08-21_fdr05	legacy_ddg2p_all	50	2530	20	2560	0.0078125
schema_phase2_2026-08-21_fdr05	legacy_ddg2p_confident	50	1706	16	1740	0.009195402298850575
schema_phase2_2026-08-21_fdr05	legacy_fu_asd185	50	185	9	226	0.03982300884955752
schema_phase2_2026-08-21_fdr05	legacy_fu_asd72	50	72	5	117	0.042735042735042736
schema_phase2_2026-08-21_fdr05	legacy_fu_dd309	50	309	13	346	0.03757225433526012
schema_phase2_2026-08-21_fdr05	legacy_fu_dd477	50	477	14	513	0.02729044834307992
schema_phase2_2026-08-21_fdr05	legacy_fu_ndd373	50	373	15	408	0.03676470588235294
schema_phase2_2026-08-21_fdr05	legacy_fu_ndd664	50	664	17	697	0.024390243902439025
schema_phase2_2026-08-21_fdr05	legacy_satterstrom102	50	102	5	147	0.034013605442176874
schema_phase2_2026-08-21_fdr05	legacy_schema_fdr05	50	18	9	59	0.15254237288135594
schema_phase2_2026-08-21_fdr05	legacy_schema_sig	50	10	7	53	0.1320754716981132
schema_phase2_2026-08-21_fdr05	legacy_sfari_all	50	1267	27	1290	0.020930232558139535
schema_phase2_2026-08-21_fdr05	legacy_sfari_hc	50	315	3	362	0.008287292817679558
schema_phase2_2026-08-21_fdr05	legacy_sfari_score1	50	244	10	284	0.035211267605633804
schema_phase2_2026-08-21_fdr05	legacy_sfari_score12	50	952	22	980	0.022448979591836733
schema_phase2_2026-08-21_fdr05	panelapp_epilepsy_all	50	914	10	954	0.010482180293501049
schema_phase2_2026-08-21_fdr05	panelapp_epilepsy_green	50	632	8	674	0.011869436201780416
schema_phase2_2026-08-21_fdr05	panelapp_intellectual_disability_all	50	2853	23	2880	0.00798611111111111
schema_phase2_2026-08-21_fdr05	panelapp_intellectual_disability_green	50	1513	21	1542	0.013618677042801557
schema_phase2_2026-08-21_fdr05	schema_2022_exomewide_10	50	10	7	53	0.1320754716981132
schema_phase2_2026-08-21_fdr05	schema_phase2_2026-04-23_bonferroni	50	19	19	50	0.38
schema_phase2_2026-08-21_fdr05	schema_phase2_2026-04-23_fdr05	50	51	49	52	0.9423076923076923
schema_phase2_2026-08-21_fdr05	schema_phase2_2026-05-07_bonferroni	50	19	19	50	0.38
schema_phase2_2026-08-21_fdr05	schema_phase2_2026-05-07_fdr05	50	51	49	52	0.9423076923076923
schema_phase2_2026-08-21_fdr05	schema_phase2_2026-05-26_bonferroni	50	19	19	50	0.38
schema_phase2_2026-08-21_fdr05	schema_phase2_2026-05-26_fdr05	50	50	50	50	1.0
schema_phase2_2026-08-21_fdr05	schema_phase2_2026-07-15_bonferroni	50	19	19	50	0.38
schema_phase2_2026-08-21_fdr05	schema_phase2_2026-07-15_fdr05	50	50	50	50	1.0
schema_phase2_2026-08-21_fdr05	schema_phase2_2026-08-07_bonferroni	50	19	19	50	0.38
schema_phase2_2026-08-21_fdr05	schema_phase2_2026-08-07_fdr05	50	50	50	50	1.0
schema_phase2_2026-08-21_fdr05	schema_phase2_2026-08-21_bonferroni	50	19	19	50	0.38
schema_phase2_2026-08-21_fdr05	schema_phase2_2026-08-21_fdr05	50	50	50	50	1.0
schema_phase2_2026-08-21_fdr05	sfari_all_scored	50	1195	26	1219	0.02132895816242822
schema_phase2_2026-08-21_fdr05	sfari_score_1	50	245	10	285	0.03508771929824561
schema_phase2_2026-08-21_fdr05	sfari_score_2	50	712	12	750	0.016
schema_phase2_2026-08-21_fdr05	sfari_score_3	50	238	4	284	0.014084507042253521
schema_phase2_2026-08-21_fdr05	sfari_syndromic	50	312	11	351	0.03133903133903134
sfari_all_scored	bmi_exomewide_16	1195	16	1	1210	0.0008264462809917355
sfari_all_scored	bmi_exomewide_negative	1195	6	0	1201	0.0
sfari_all_scored	bmi_exomewide_positive	1195	10	1	1204	0.0008305647840531562
sfari_all_scored	epi25_dee_damaging_missense_bonferroni	1195	1	1	1195	0.0008368200836820083
sfari_all_scored	epi25_dee_damaging_missense_fdr05	1195	3	3	1195	0.002510460251046025
sfari_all_scored	epi25_dee_ptv_bonferroni	1195	6	4	1197	0.003341687552213868
sfari_all_scored	epi25_dee_ptv_fdr05	1195	11	8	1198	0.00667779632721202
sfari_all_scored	epi25_epi_damaging_missense_bonferroni	1195	1	1	1195	0.0008368200836820083
sfari_all_scored	epi25_epi_damaging_missense_fdr05	1195	1	1	1195	0.0008368200836820083
sfari_all_scored	epi25_epi_ptv_bonferroni	1195	3	2	1196	0.0016722408026755853
sfari_all_scored	epi25_epi_ptv_fdr05	1195	4	2	1197	0.001670843776106934
sfari_all_scored	epi25_gge_damaging_missense_bonferroni	1195	1	1	1195	0.0008368200836820083
sfari_all_scored	epi25_gge_damaging_missense_fdr05	1195	1	1	1195	0.0008368200836820083
sfari_all_scored	epi25_gge_ptv_fdr05	1195	3	1	1197	0.000835421888053467
sfari_all_scored	epi25_nafe_ptv_bonferroni	1195	2	0	1197	0.0
sfari_all_scored	epi25_nafe_ptv_fdr05	1195	2	0	1197	0.0
sfari_all_scored	height_207_gene_p	1195	207	26	1376	0.0188953488372093
sfari_all_scored	height_singleton_plof	1195	17	5	1207	0.004142502071251036
sfari_all_scored	height_singleton_plof_negative	1195	11	3	1203	0.0024937655860349127
sfari_all_scored	height_singleton_plof_positive	1195	6	2	1199	0.0016680567139282735
sfari_all_scored	legacy_ddg2p_all	1195	2530	514	3211	0.1600747430706945
sfari_all_scored	legacy_ddg2p_confident	1195	1706	352	2549	0.1380933699489996
sfari_all_scored	legacy_fu_asd185	1195	185	142	1238	0.1147011308562197
sfari_all_scored	legacy_fu_asd72	1195	72	69	1198	0.05759599332220367
sfari_all_scored	legacy_fu_dd309	1195	309	195	1309	0.1489686783804431
sfari_all_scored	legacy_fu_dd477	1195	477	244	1428	0.17086834733893558
sfari_all_scored	legacy_fu_ndd373	1195	373	237	1331	0.17806160781367392
sfari_all_scored	legacy_fu_ndd664	1195	664	321	1538	0.20871261378413525
sfari_all_scored	legacy_satterstrom102	1195	102	100	1197	0.0835421888053467
sfari_all_scored	legacy_schema_fdr05	1195	18	8	1205	0.006639004149377593
sfari_all_scored	legacy_schema_sig	1195	10	5	1200	0.004166666666666667
sfari_all_scored	legacy_sfari_all	1195	1267	1173	1289	0.9100077579519007
sfari_all_scored	legacy_sfari_hc	1195	315	314	1196	0.2625418060200669
sfari_all_scored	legacy_sfari_score1	1195	244	244	1195	0.20418410041841004
sfari_all_scored	legacy_sfari_score12	1195	952	952	1195	0.796652719665272
sfari_all_scored	panelapp_epilepsy_all	1195	914	235	1874	0.12540021344717184
sfari_all_scored	panelapp_epilepsy_green	1195	632	190	1637	0.11606597434331094
sfari_all_scored	panelapp_intellectual_disability_all	1195	2853	582	3466	0.16791690709751875
sfari_all_scored	panelapp_intellectual_disability_green	1195	1513	422	2286	0.18460192475940507
sfari_all_scored	schema_2022_exomewide_10	1195	10	5	1200	0.004166666666666667
sfari_all_scored	schema_phase2_2026-04-23_bonferroni	1195	19	10	1204	0.008305647840531562
sfari_all_scored	schema_phase2_2026-04-23_fdr05	1195	51	27	1219	0.022149302707136997
sfari_all_scored	schema_phase2_2026-05-07_bonferroni	1195	19	10	1204	0.008305647840531562
sfari_all_scored	schema_phase2_2026-05-07_fdr05	1195	51	27	1219	0.022149302707136997
sfari_all_scored	schema_phase2_2026-05-26_bonferroni	1195	19	10	1204	0.008305647840531562
sfari_all_scored	schema_phase2_2026-05-26_fdr05	1195	50	26	1219	0.02132895816242822
sfari_all_scored	schema_phase2_2026-07-15_bonferroni	1195	19	10	1204	0.008305647840531562
sfari_all_scored	schema_phase2_2026-07-15_fdr05	1195	50	26	1219	0.02132895816242822
sfari_all_scored	schema_phase2_2026-08-07_bonferroni	1195	19	10	1204	0.008305647840531562
sfari_all_scored	schema_phase2_2026-08-07_fdr05	1195	50	26	1219	0.02132895816242822
sfari_all_scored	schema_phase2_2026-08-21_bonferroni	1195	19	10	1204	0.008305647840531562
sfari_all_scored	schema_phase2_2026-08-21_fdr05	1195	50	26	1219	0.02132895816242822
sfari_all_scored	sfari_all_scored	1195	1195	1195	1195	1.0
sfari_all_scored	sfari_score_1	1195	245	245	1195	0.20502092050209206
sfari_all_scored	sfari_score_2	1195	712	712	1195	0.59581589958159
sfari_all_scored	sfari_score_3	1195	238	238	1195	0.199163179916318
sfari_all_scored	sfari_syndromic	1195	312	218	1289	0.16912335143522111
sfari_score_1	bmi_exomewide_16	245	16	0	261	0.0
sfari_score_1	bmi_exomewide_negative	245	6	0	251	0.0
sfari_score_1	bmi_exomewide_positive	245	10	0	255	0.0
sfari_score_1	epi25_dee_damaging_missense_bonferroni	245	1	0	246	0.0
sfari_score_1	epi25_dee_damaging_missense_fdr05	245	3	1	247	0.004048582995951417
sfari_score_1	epi25_dee_ptv_bonferroni	245	6	4	247	0.016194331983805668
sfari_score_1	epi25_dee_ptv_fdr05	245	11	8	248	0.03225806451612903
sfari_score_1	epi25_epi_damaging_missense_bonferroni	245	1	1	245	0.004081632653061225
sfari_score_1	epi25_epi_damaging_missense_fdr05	245	1	1	245	0.004081632653061225
sfari_score_1	epi25_epi_ptv_bonferroni	245	3	2	246	0.008130081300813009
sfari_score_1	epi25_epi_ptv_fdr05	245	4	2	247	0.008097165991902834
sfari_score_1	epi25_gge_damaging_missense_bonferroni	245	1	1	245	0.004081632653061225
sfari_score_1	epi25_gge_damaging_missense_fdr05	245	1	1	245	0.004081632653061225
sfari_score_1	epi25_gge_ptv_fdr05	245	3	0	248	0.0
sfari_score_1	epi25_nafe_ptv_bonferroni	245	2	0	247	0.0
sfari_score_1	epi25_nafe_ptv_fdr05	245	2	0	247	0.0
sfari_score_1	height_207_gene_p	245	207	6	446	0.013452914798206279
sfari_score_1	height_singleton_plof	245	17	3	259	0.011583011583011582
sfari_score_1	height_singleton_plof_negative	245	11	2	254	0.007874015748031496
sfari_score_1	height_singleton_plof_positive	245	6	1	250	0.004
sfari_score_1	legacy_ddg2p_all	245	2530	196	2579	0.07599844901124467
sfari_score_1	legacy_ddg2p_confident	245	1706	156	1795	0.08690807799442897
sfari_score_1	legacy_fu_asd185	245	185	106	324	0.3271604938271605
sfari_score_1	legacy_fu_asd72	245	72	63	254	0.24803149606299213
sfari_score_1	legacy_fu_dd309	245	309	120	434	0.2764976958525346
sfari_score_1	legacy_fu_dd477	245	477	136	586	0.23208191126279865
sfari_score_1	legacy_fu_ndd373	245	373	144	474	0.3037974683544304
sfari_score_1	legacy_fu_ndd664	245	664	174	735	0.23673469387755103
sfari_score_1	legacy_satterstrom102	245	102	99	248	0.39919354838709675
sfari_score_1	legacy_schema_fdr05	245	18	4	259	0.015444015444015444
sfari_score_1	legacy_schema_sig	245	10	3	252	0.011904761904761904
sfari_score_1	legacy_sfari_all	245	1267	244	1268	0.19242902208201892
sfari_score_1	legacy_sfari_hc	245	315	45	515	0.08737864077669903
sfari_score_1	legacy_sfari_score1	245	244	244	245	0.9959183673469387
sfari_score_1	legacy_sfari_score12	245	952	244	953	0.25603357817418676
sfari_score_1	panelapp_epilepsy_all	245	914	102	1057	0.09649952696310313
sfari_score_1	panelapp_epilepsy_green	245	632	90	787	0.11435832274459974
sfari_score_1	panelapp_intellectual_disability_all	245	2853	207	2891	0.07160152196471808
sfari_score_1	panelapp_intellectual_disability_green	245	1513	184	1574	0.11689961880559085
sfari_score_1	schema_2022_exomewide_10	245	10	3	252	0.011904761904761904
sfari_score_1	schema_phase2_2026-04-23_bonferroni	245	19	3	261	0.011494252873563218
sfari_score_1	schema_phase2_2026-04-23_fdr05	245	51	11	285	0.03859649122807018
sfari_score_1	schema_phase2_2026-05-07_bonferroni	245	19	3	261	0.011494252873563218
sfari_score_1	schema_phase2_2026-05-07_fdr05	245	51	11	285	0.03859649122807018
sfari_score_1	schema_phase2_2026-05-26_bonferroni	245	19	3	261	0.011494252873563218
sfari_score_1	schema_phase2_2026-05-26_fdr05	245	50	10	285	0.03508771929824561
sfari_score_1	schema_phase2_2026-07-15_bonferroni	245	19	3	261	0.011494252873563218
sfari_score_1	schema_phase2_2026-07-15_fdr05	245	50	10	285	0.03508771929824561
sfari_score_1	schema_phase2_2026-08-07_bonferroni	245	19	3	261	0.011494252873563218
sfari_score_1	schema_phase2_2026-08-07_fdr05	245	50	10	285	0.03508771929824561
sfari_score_1	schema_phase2_2026-08-21_bonferroni	245	19	3	261	0.011494252873563218
sfari_score_1	schema_phase2_2026-08-21_fdr05	245	50	10	285	0.03508771929824561
sfari_score_1	sfari_all_scored	245	1195	245	1195	0.20502092050209206
sfari_score_1	sfari_score_1	245	245	245	245	1.0
sfari_score_1	sfari_score_2	245	712	0	957	0.0
sfari_score_1	sfari_score_3	245	238	0	483	0.0
sfari_score_1	sfari_syndromic	245	312	121	436	0.2775229357798165
sfari_score_2	bmi_exomewide_16	712	16	0	728	0.0
sfari_score_2	bmi_exomewide_negative	712	6	0	718	0.0
sfari_score_2	bmi_exomewide_positive	712	10	0	722	0.0
sfari_score_2	epi25_dee_damaging_missense_bonferroni	712	1	1	712	0.0014044943820224719
sfari_score_2	epi25_dee_damaging_missense_fdr05	712	3	2	713	0.002805049088359046
sfari_score_2	epi25_dee_ptv_bonferroni	712	6	0	718	0.0
sfari_score_2	epi25_dee_ptv_fdr05	712	11	0	723	0.0
sfari_score_2	epi25_epi_damaging_missense_bonferroni	712	1	0	713	0.0
sfari_score_2	epi25_epi_damaging_missense_fdr05	712	1	0	713	0.0
sfari_score_2	epi25_epi_ptv_bonferroni	712	3	0	715	0.0
sfari_score_2	epi25_epi_ptv_fdr05	712	4	0	716	0.0
sfari_score_2	epi25_gge_damaging_missense_bonferroni	712	1	0	713	0.0
sfari_score_2	epi25_gge_damaging_missense_fdr05	712	1	0	713	0.0
sfari_score_2	epi25_gge_ptv_fdr05	712	3	1	714	0.0014005602240896359
sfari_score_2	epi25_nafe_ptv_bonferroni	712	2	0	714	0.0
sfari_score_2	epi25_nafe_ptv_fdr05	712	2	0	714	0.0
sfari_score_2	height_207_gene_p	712	207	10	909	0.011001100110011002
sfari_score_2	height_singleton_plof	712	17	2	727	0.002751031636863824
sfari_score_2	height_singleton_plof_negative	712	11	1	722	0.0013850415512465374
sfari_score_2	height_singleton_plof_positive	712	6	1	717	0.001394700139470014
sfari_score_2	legacy_ddg2p_all	712	2530	205	3037	0.0675008231807705
sfari_score_2	legacy_ddg2p_confident	712	1706	129	2289	0.0563564875491481
sfari_score_2	legacy_fu_asd185	712	185	30	867	0.03460207612456748
sfari_score_2	legacy_fu_asd72	712	72	5	779	0.006418485237483954
sfari_score_2	legacy_fu_dd309	712	309	44	977	0.04503582395087001
sfari_score_2	legacy_fu_dd477	712	477	65	1124	0.05782918149466192
sfari_score_2	legacy_fu_ndd373	712	373	58	1027	0.05647517039922103
sfari_score_2	legacy_fu_ndd664	712	664	95	1281	0.0741608118657299
sfari_score_2	legacy_satterstrom102	712	102	1	813	0.0012300123001230013
sfari_score_2	legacy_schema_fdr05	712	18	4	726	0.005509641873278237
sfari_score_2	legacy_schema_sig	712	10	2	720	0.002777777777777778
sfari_score_2	legacy_sfari_all	712	1267	708	1271	0.5570416994492525
sfari_score_2	legacy_sfari_hc	712	315	269	758	0.3548812664907652
sfari_score_2	legacy_sfari_score1	712	244	0	956	0.0
sfari_score_2	legacy_sfari_score12	712	952	708	956	0.7405857740585774
sfari_score_2	panelapp_epilepsy_all	712	914	77	1549	0.04970948999354422
sfari_score_2	panelapp_epilepsy_green	712	632	57	1287	0.04428904428904429
sfari_score_2	panelapp_intellectual_disability_all	712	2853	255	3310	0.0770392749244713
sfari_score_2	panelapp_intellectual_disability_green	712	1513	155	2070	0.0748792270531401
sfari_score_2	schema_2022_exomewide_10	712	10	2	720	0.002777777777777778
sfari_score_2	schema_phase2_2026-04-23_bonferroni	712	19	5	726	0.006887052341597796
sfari_score_2	schema_phase2_2026-04-23_fdr05	712	51	12	751	0.015978695073235686
sfari_score_2	schema_phase2_2026-05-07_bonferroni	712	19	5	726	0.006887052341597796
sfari_score_2	schema_phase2_2026-05-07_fdr05	712	51	12	751	0.015978695073235686
sfari_score_2	schema_phase2_2026-05-26_bonferroni	712	19	5	726	0.006887052341597796
sfari_score_2	schema_phase2_2026-05-26_fdr05	712	50	12	750	0.016
sfari_score_2	schema_phase2_2026-07-15_bonferroni	712	19	5	726	0.006887052341597796
sfari_score_2	schema_phase2_2026-07-15_fdr05	712	50	12	750	0.016
sfari_score_2	schema_phase2_2026-08-07_bonferroni	712	19	5	726	0.006887052341597796
sfari_score_2	schema_phase2_2026-08-07_fdr05	712	50	12	750	0.016
sfari_score_2	schema_phase2_2026-08-21_bonferroni	712	19	5	726	0.006887052341597796
sfari_score_2	schema_phase2_2026-08-21_fdr05	712	50	12	750	0.016
sfari_score_2	sfari_all_scored	712	1195	712	1195	0.59581589958159
sfari_score_2	sfari_score_1	712	245	0	957	0.0
sfari_score_2	sfari_score_2	712	712	712	712	1.0
sfari_score_2	sfari_score_3	712	238	0	950	0.0
sfari_score_2	sfari_syndromic	712	312	52	972	0.053497942386831275
sfari_score_3	bmi_exomewide_16	238	16	1	253	0.003952569169960474
sfari_score_3	bmi_exomewide_negative	238	6	0	244	0.0
sfari_score_3	bmi_exomewide_positive	238	10	1	247	0.004048582995951417
sfari_score_3	epi25_dee_damaging_missense_bonferroni	238	1	0	239	0.0
sfari_score_3	epi25_dee_damaging_missense_fdr05	238	3	0	241	0.0
sfari_score_3	epi25_dee_ptv_bonferroni	238	6	0	244	0.0
sfari_score_3	epi25_dee_ptv_fdr05	238	11	0	249	0.0
sfari_score_3	epi25_epi_damaging_missense_bonferroni	238	1	0	239	0.0
sfari_score_3	epi25_epi_damaging_missense_fdr05	238	1	0	239	0.0
sfari_score_3	epi25_epi_ptv_bonferroni	238	3	0	241	0.0
sfari_score_3	epi25_epi_ptv_fdr05	238	4	0	242	0.0
sfari_score_3	epi25_gge_damaging_missense_bonferroni	238	1	0	239	0.0
sfari_score_3	epi25_gge_damaging_missense_fdr05	238	1	0	239	0.0
sfari_score_3	epi25_gge_ptv_fdr05	238	3	0	241	0.0
sfari_score_3	epi25_nafe_ptv_bonferroni	238	2	0	240	0.0
sfari_score_3	epi25_nafe_ptv_fdr05	238	2	0	240	0.0
sfari_score_3	height_207_gene_p	238	207	10	435	0.022988505747126436
sfari_score_3	height_singleton_plof	238	17	0	255	0.0
sfari_score_3	height_singleton_plof_negative	238	11	0	249	0.0
sfari_score_3	height_singleton_plof_positive	238	6	0	244	0.0
sfari_score_3	legacy_ddg2p_all	238	2530	113	2655	0.04256120527306968
sfari_score_3	legacy_ddg2p_confident	238	1706	67	1877	0.03569525839104955
sfari_score_3	legacy_fu_asd185	238	185	6	417	0.014388489208633094
sfari_score_3	legacy_fu_asd72	238	72	1	309	0.003236245954692557
sfari_score_3	legacy_fu_dd309	238	309	31	516	0.060077519379844964
sfari_score_3	legacy_fu_dd477	238	477	43	672	0.06398809523809523
sfari_score_3	legacy_fu_ndd373	238	373	35	576	0.06076388888888889
sfari_score_3	legacy_fu_ndd664	238	664	52	850	0.0611764705882353
sfari_score_3	legacy_satterstrom102	238	102	0	340	0.0
sfari_score_3	legacy_schema_fdr05	238	18	0	256	0.0
sfari_score_3	legacy_schema_sig	238	10	0	248	0.0
sfari_score_3	legacy_sfari_all	238	1267	221	1284	0.1721183800623053
sfari_score_3	legacy_sfari_hc	238	315	0	553	0.0
sfari_score_3	legacy_sfari_score1	238	244	0	482	0.0
sfari_score_3	legacy_sfari_score12	238	952	0	1190	0.0
sfari_score_3	panelapp_epilepsy_all	238	914	56	1096	0.051094890510948905
sfari_score_3	panelapp_epilepsy_green	238	632	43	827	0.05199516324062878
sfari_score_3	panelapp_intellectual_disability_all	238	2853	120	2971	0.04039044092898014
sfari_score_3	panelapp_intellectual_disability_green	238	1513	83	1668	0.049760191846522785
sfari_score_3	schema_2022_exomewide_10	238	10	0	248	0.0
sfari_score_3	schema_phase2_2026-04-23_bonferroni	238	19	2	255	0.00784313725490196
sfari_score_3	schema_phase2_2026-04-23_fdr05	238	51	4	285	0.014035087719298246
sfari_score_3	schema_phase2_2026-05-07_bonferroni	238	19	2	255	0.00784313725490196
sfari_score_3	schema_phase2_2026-05-07_fdr05	238	51	4	285	0.014035087719298246
sfari_score_3	schema_phase2_2026-05-26_bonferroni	238	19	2	255	0.00784313725490196
sfari_score_3	schema_phase2_2026-05-26_fdr05	238	50	4	284	0.014084507042253521
sfari_score_3	schema_phase2_2026-07-15_bonferroni	238	19	2	255	0.00784313725490196
sfari_score_3	schema_phase2_2026-07-15_fdr05	238	50	4	284	0.014084507042253521
sfari_score_3	schema_phase2_2026-08-07_bonferroni	238	19	2	255	0.00784313725490196
sfari_score_3	schema_phase2_2026-08-07_fdr05	238	50	4	284	0.014084507042253521
sfari_score_3	schema_phase2_2026-08-21_bonferroni	238	19	2	255	0.00784313725490196
sfari_score_3	schema_phase2_2026-08-21_fdr05	238	50	4	284	0.014084507042253521
sfari_score_3	sfari_all_scored	238	1195	238	1195	0.199163179916318
sfari_score_3	sfari_score_1	238	245	0	483	0.0
sfari_score_3	sfari_score_2	238	712	0	950	0.0
sfari_score_3	sfari_score_3	238	238	238	238	1.0
sfari_score_3	sfari_syndromic	238	312	45	505	0.0891089108910891
sfari_syndromic	bmi_exomewide_16	312	16	0	328	0.0
sfari_syndromic	bmi_exomewide_negative	312	6	0	318	0.0
sfari_syndromic	bmi_exomewide_positive	312	10	0	322	0.0
sfari_syndromic	epi25_dee_damaging_missense_bonferroni	312	1	0	313	0.0
sfari_syndromic	epi25_dee_damaging_missense_fdr05	312	3	2	313	0.006389776357827476
sfari_syndromic	epi25_dee_ptv_bonferroni	312	6	3	315	0.009523809523809525
sfari_syndromic	epi25_dee_ptv_fdr05	312	11	7	316	0.022151898734177215
sfari_syndromic	epi25_epi_damaging_missense_bonferroni	312	1	0	313	0.0
sfari_syndromic	epi25_epi_damaging_missense_fdr05	312	1	0	313	0.0
sfari_syndromic	epi25_epi_ptv_bonferroni	312	3	2	313	0.006389776357827476
sfari_syndromic	epi25_epi_ptv_fdr05	312	4	2	314	0.006369426751592357
sfari_syndromic	epi25_gge_damaging_missense_bonferroni	312	1	1	312	0.003205128205128205
sfari_syndromic	epi25_gge_damaging_missense_fdr05	312	1	1	312	0.003205128205128205
sfari_syndromic	epi25_gge_ptv_fdr05	312	3	1	314	0.0031847133757961785
sfari_syndromic	epi25_nafe_ptv_bonferroni	312	2	1	313	0.003194888178913738
sfari_syndromic	epi25_nafe_ptv_fdr05	312	2	1	313	0.003194888178913738
sfari_syndromic	height_207_gene_p	312	207	8	511	0.015655577299412915
sfari_syndromic	height_singleton_plof	312	17	3	326	0.009202453987730062
sfari_syndromic	height_singleton_plof_negative	312	11	2	321	0.006230529595015576
sfari_syndromic	height_singleton_plof_positive	312	6	1	317	0.0031545741324921135
sfari_syndromic	legacy_ddg2p_all	312	2530	291	2551	0.11407291258330067
sfari_syndromic	legacy_ddg2p_confident	312	1706	215	1803	0.1192457016084304
sfari_syndromic	legacy_fu_asd185	312	185	77	420	0.18333333333333332
sfari_syndromic	legacy_fu_asd72	312	72	43	341	0.12609970674486803
sfari_syndromic	legacy_fu_dd309	312	309	131	490	0.2673469387755102
sfari_syndromic	legacy_fu_dd477	312	477	156	633	0.24644549763033174
sfari_syndromic	legacy_fu_ndd373	312	373	152	533	0.2851782363977486
sfari_syndromic	legacy_fu_ndd664	312	664	169	807	0.2094175960346964
sfari_syndromic	legacy_satterstrom102	312	102	45	369	0.12195121951219512
sfari_syndromic	legacy_schema_fdr05	312	18	5	325	0.015384615384615385
sfari_syndromic	legacy_schema_sig	312	10	3	319	0.009404388714733543
sfari_syndromic	legacy_sfari_all	312	1267	312	1267	0.2462509865824783
sfari_syndromic	legacy_sfari_hc	312	315	2	625	0.0032
sfari_syndromic	legacy_sfari_score1	312	244	121	435	0.27816091954022987
sfari_syndromic	legacy_sfari_score12	312	952	173	1091	0.15857011915673694
sfari_syndromic	panelapp_epilepsy_all	312	914	143	1083	0.13204062788550322
sfari_syndromic	panelapp_epilepsy_green	312	632	119	825	0.14424242424242426
sfari_syndromic	panelapp_intellectual_disability_all	312	2853	297	2868	0.10355648535564854
sfari_syndromic	panelapp_intellectual_disability_green	312	1513	268	1557	0.17212588310854207
sfari_syndromic	schema_2022_exomewide_10	312	10	3	319	0.009404388714733543
sfari_syndromic	schema_phase2_2026-04-23_bonferroni	312	19	7	324	0.021604938271604937
sfari_syndromic	schema_phase2_2026-04-23_fdr05	312	51	12	351	0.03418803418803419
sfari_syndromic	schema_phase2_2026-05-07_bonferroni	312	19	7	324	0.021604938271604937
sfari_syndromic	schema_phase2_2026-05-07_fdr05	312	51	12	351	0.03418803418803419
sfari_syndromic	schema_phase2_2026-05-26_bonferroni	312	19	7	324	0.021604938271604937
sfari_syndromic	schema_phase2_2026-05-26_fdr05	312	50	11	351	0.03133903133903134
sfari_syndromic	schema_phase2_2026-07-15_bonferroni	312	19	7	324	0.021604938271604937
sfari_syndromic	schema_phase2_2026-07-15_fdr05	312	50	11	351	0.03133903133903134
sfari_syndromic	schema_phase2_2026-08-07_bonferroni	312	19	7	324	0.021604938271604937
sfari_syndromic	schema_phase2_2026-08-07_fdr05	312	50	11	351	0.03133903133903134
sfari_syndromic	schema_phase2_2026-08-21_bonferroni	312	19	7	324	0.021604938271604937
sfari_syndromic	schema_phase2_2026-08-21_fdr05	312	50	11	351	0.03133903133903134
sfari_syndromic	sfari_all_scored	312	1195	218	1289	0.16912335143522111
sfari_syndromic	sfari_score_1	312	245	121	436	0.2775229357798165
sfari_syndromic	sfari_score_2	312	712	52	972	0.053497942386831275
sfari_syndromic	sfari_score_3	312	238	45	505	0.0891089108910891
sfari_syndromic	sfari_syndromic	312	312	312	312	1.0
