bmi_exomewide_16,bmi_exomewide_negative,bmi_exomewide_positive,epi25_dee_damaging_missense_bonferroni,epi25_dee_damaging_missense_fdr05,epi25_dee_ptv_bonferroni,epi25_dee_ptv_fdr05,epi25_epi_damaging_missense_bonferroni,epi25_epi_damaging_missense_fdr05,epi25_epi_ptv_bonferroni,epi25_epi_ptv_fdr05,epi25_gge_damaging_missense_bonferroni,epi25_gge_damaging_missense_fdr05,epi25_gge_ptv_fdr05,epi25_nafe_ptv_bonferroni,epi25_nafe_ptv_fdr05,height_207_gene_p,height_singleton_plof,height_singleton_plof_negative,height_singleton_plof_positive,legacy_ddg2p_all,legacy_ddg2p_confident,legacy_fu_asd185,legacy_fu_asd72,legacy_fu_dd309,legacy_fu_dd477,legacy_fu_ndd373,legacy_fu_ndd664,legacy_satterstrom102,legacy_schema_fdr05,legacy_schema_sig,legacy_sfari_all,legacy_sfari_hc,legacy_sfari_score1,legacy_sfari_score12,panelapp_epilepsy_all,panelapp_epilepsy_green,panelapp_intellectual_disability_all,panelapp_intellectual_disability_green,schema_2022_exomewide_10,schema_phase2_2026-04-23_bonferroni,schema_phase2_2026-04-23_fdr05,schema_phase2_2026-05-07_bonferroni,schema_phase2_2026-05-07_fdr05,schema_phase2_2026-05-26_bonferroni,schema_phase2_2026-05-26_fdr05,schema_phase2_2026-07-15_bonferroni,schema_phase2_2026-07-15_fdr05,schema_phase2_2026-08-07_bonferroni,schema_phase2_2026-08-07_fdr05,schema_phase2_2026-08-21_bonferroni,schema_phase2_2026-08-21_fdr05,sfari_all_scored,sfari_score_1,sfari_score_2,sfari_score_3,sfari_syndromic
ANKRD27,DPP9,ANKRD27,KDM4B,CLCN4,ANKRD11,ANKRD11,GABRB3,GABRB3,DEPDC5,DEPDC5,SLC6A1,SLC6A1,MRPL18,DEPDC5,DEPDC5,ABCB1,ACAN,ACAN,CHD8,AAAS,AAAS,ACLY,ADNP,ABCC9,ABCC9,ABCC9,ABCC9,ADNP,BSCL2,CACNA1G,ABAT,ABCA10,ABCE1,ABAT,AARS,AARS,A2ML1,AAAS,CACNA1G,ATP1A1,ADAM23,ATP1A1,ADAM23,ATP1A1,ADAM23,ATP1A1,ADAM23,ATP1A1,ADAM23,ATP1A1,ADAM23,ABAT,ABCE1,ABAT,ABCA2,ACTB
ANO4,GIPR,ANO4,,KDM4B,NEXMIF,CARS2,,,NEXMIF,NEXMIF,,,RYR2,NPRL3,NPRL3,AC004922.1,ADAMTS10,ADAMTS10,FBN1,AARS1,AARS1,ACVR2A,ANK2,ABL1,ABCF1,ABL1,ABL1,ANK2,CACNA1G,CUL1,ABCA10,ABCA7,ACTB,ABCA10,AARS2,AASS,AAAS,AARS,CUL1,ATP9A,ADGRL1,ATP9A,ADGRL1,ATP9A,ADGRL1,ATP9A,ADGRL1,ATP9A,ADGRL1,ATP9A,ADGRL1,ABCA10,ACTB,ABCA10,ABL2,ACTL6B
CALCR,GPR151,CALCR,,SCN1A,SCN1A,IQSEC2,,,SCN1A,NPRL3,,,SETD1B,,,AC073896.1,ADAMTS6,ADAMTS6,LCORL,AASS,AASS,ADCY5,ANKRD11,ACTL6B,ABL1,ACTL6B,ACLY,ANKRD11,CGREF1,GRIA3,ABCA13,ABCE1,ADNP,ABCA13,AASS,ABAT,AARS,AASS,GRIA3,CHRM4,AKAP11,CHRM4,AKAP11,CHRM4,AKAP11,CHRM4,AKAP11,CHRM4,AKAP11,CHRM4,AKAP11,ABCA13,ADNP,ABCA13,ADCY1,ACY1
DPP9,GPR75,KIAA1109,,,STX1B,MECP2,,,,SCN1A,,,,,,AC127029.3,ANKRD11,ANKRD11,NRK,ABAT,ABAT,ADNP,AP2S1,ADCY5,ACTA2,ACVR2A,ACTA2,AP2S1,CUL1,GRIN2A,ABCA2,ACHE,ADSL,ABCA7,ABAT,ACOX1,AASS,ABAT,GRIN2A,CUL1,ANKRD11,CUL1,ANKRD11,CUL1,ANKRD11,CUL1,ANKRD11,CUL1,ANKRD11,CUL1,ANKRD11,ABCA2,ADSL,ABCA7,ADGRB1,ADGRL1
GIPR,KIAA0586,MC4R,,,SYNGAP1,NEXMIF,,,,,,,,,,ACAN,CHD8,COL1A1,TET1,ABCA2,ABCB11,AGO4,ARID1B,ADNP,ACTL6B,ADCY5,ACTL6B,ARID1B,GRIA3,HERC1,ABCA7,ACTN4,AFF2,ABCE1,ABCA2,ACTL6B,ABAT,ABCA2,HERC1,FYN,ATP1A1,FYN,ATP1A1,FYN,ATP1A1,FYN,ATP1A1,FYN,ATP1A1,FYN,ATP1A1,ABCA7,AFF2,ACAP2,ADGRL1,ADNP
GPR151,UHMK1,PCSK1,,,WDR45,PCDH19,,,,,,,,,,ADAMTS10,COL1A1,DTL,ZFAT,ABCB11,ABCC9,AHDC1,ASH1L,AFF3,ACTR1A,ADNP,ACVR2A,ASH1L,GRIN2A,RB1CC1,ABCE1,ADCY3,AHDC1,ACAP2,ABI2,ADAR,ABCA2,ABCC9,RB1CC1,HDAC9,ATP9A,HDAC9,ATP9A,HDAC9,ATP9A,HDAC9,ATP9A,HDAC9,ATP9A,HDAC9,ATP9A,ABCE1,AHDC1,ACE,AGAP5,ADSL
GPR75,,PDE3B,,,,SCN1A,,,,,,,,,,ADAMTS17,DTL,EXT1,,ABCB6,ABCD1,ANK2,ASXL3,AGO1,ADCY5,AFF3,ADCY5,ASXL3,HERC1,SETD1A,ABL2,ADCY5,ALDH5A1,ACE,ACOX1,ADARB1,ABCB11,ABCD1,SETD1A,HERC1,BTRC,HERC1,BTRC,HERC1,BTRC,HERC1,BTRC,HERC1,BTRC,HERC1,BTRC,ABL2,ALDH5A1,ACHE,ALDH1L1,AGO2
KIAA0586,,ROBO1,,,,STX1B,,,,,,,,,,ADAMTS3,EXT1,IGF1R,,ABCB7,ABHD5,ANKH,ATP2B2,AHDC1,ADNP,AGO1,ADNP,BCL11A,KLC1,SP4,ACAP2,ADK,ANK2,ACHE,ACTL6B,ADGRG1,ABCB7,ABCD4,SP4,JARID2,CACNA1B,JARID2,CACNA1B,JARID2,CACNA1B,JARID2,CACNA1B,JARID2,CACNA1B,JARID2,CACNA1B,ACAP2,ANK2,ACTN4,ARHGAP30,AHDC1
KIAA1109,,SPARC,,,,STXBP1,,,,,,,,,,ADAMTS6,FBN1,IGF2BP2,,ABCC6,ABL1,ANKRD11,AUTS2,ANKRD11,AFF3,AHDC1,AFF3,CACNA1E,PCLO,TRIO,ACE,ADORA2A,ANK3,ACTB,ADAM22,ADPRHL2,ABCC6,ABHD16A,TRIO,PPP3CA,CAMK2A,PPP3CA,CAMK2A,PPP3CA,CAMK2A,PPP3CA,CAMK2A,PPP3CA,CAMK2A,PPP3CA,CAMK2A,ACE,ANK3,ADA,ARHGEF2,AHI1
MC4R,,UBR2,,,,SYNGAP1,,,,,,,,,,ADAMTSL2,IGF1R,NF1,,ABCC9,ACAD9,AP2S1,BRSK2,AP2S1,AGO1,ANK2,AGO1,CACNA2D3,RB1CC1,XPO7,ACHE,ADSS2,ANKRD11,ACTN4,ADAR,ADSL,ABCC8,ABHD5,XPO7,PTK2,CHRM4,PTK2,CHRM4,PTK2,CHRM4,PTK2,CHRM4,PTK2,CHRM4,PTK2,CHRM4,ACHE,ANKRD11,ADCY3,ARID1A,ALDH1A3
PCSK1,,,,,,WDR45,,,,,,,,,,ADAMTSL4,IGF2BP2,SCUBE3,,ABCD1,ACADM,APBB1,CASKIN1,ARF1,AHDC1,ANKRD11,AGO4,CELF4,SETD1A,,ACTB,AGBL4,ANP32A,ADA,ADARB1,AFF3,ABCC9,ACACA,,RB1CC1,CRAMP1,RB1CC1,CRAMP1,RB1CC1,CRAMP1,RB1CC1,CRAMP1,RB1CC1,CRAMP1,RB1CC1,CRAMP1,ACTB,ANP32A,ADCY5,ASB11,ALDH5A1
PDE3B,,,,,,,,,,,,,,,,ADCY6,LCORL,,,ABCD4,ACADS,ARID1B,CHD2,ARHGAP35,AKT3,AP2S1,AHDC1,CHD2,SLC6A1,,ACTL6B,AGO3,AP2S1,ADCY3,ADAT3,AGO1,ABCD1,ACAD9,,SCAF1,CSDE1,SCAF1,CSDE1,SCAF1,CUL1,SCAF1,CUL1,SCAF1,CUL1,SCAF1,CUL1,ACTN4,AP2S1,ADK,ASB9,ALG6
ROBO1,,,,,,,,,,,,,,,,AEBP1,NF1,,,ABHD16A,ACADVL,ASH1L,CHD8,ARID1A,ALDH18A1,AP3B2,AKT3,CHD8,SP4,,ACTN4,AGO4,ARF3,ADCY5,ADD1,AIMP1,ABCD4,ACADM,,SCN2A,CUL1,SCN2A,CUL1,SCN2A,DAGLA,SCN2A,DAGLA,SCN2A,DAGLA,SCN2A,DAGLA,ADA,ARF3,ADORA2A,ATP2B1,ANKRD11
SPARC,,,,,,,,,,,,,,,,AMD1,NRK,,,ABHD5,ACAN,ASXL3,CTCF,ARID1B,ANK3,ARF1,ALDH18A1,CORO1A,STAG1,,ACY1,AHNAK,ARHGEF9,ADK,ADGRG1,AKT3,ABCG5,ACADS,,SETD1A,DAGLA,SETD1A,DAGLA,SETD1A,DLGAP3,SETD1A,DLGAP3,SETD1A,DLGAP3,SETD1A,DLGAP3,ADCY1,ARHGEF9,ADORA3,ATP9A,ANKRD17
UBR2,,,,,,,,,,,,,,,,ANAPC1,SCUBE3,,,ABL1,ACAT1,ATG13,CTNNB1,ARID2,ANKRD11,ARHGAP35,AMH,CREBBP,TRIO,,ADA,AKAP9,ARID1B,ADNP,ADGRL1,ALDH5A1,ABHD12,ACBD6,,SP4,DLGAP3,SP4,DLGAP3,SP4,FYN,SP4,FYN,SP4,FYN,SP4,FYN,ADCY3,ARID1B,ADRB2,ATXN2,ANKS1B
UHMK1,,,,,,,,,,,,,,,,ANGPTL2,TET1,,,ACAD9,ACBD5,ATG9B,CUL3,ASH1L,ANKRD12,ARID1A,AMIGO1,CTNNB1,XPO7,,ADCY1,ALG6,ARX,ADORA2A,ADGRV1,ALDH7A1,ABHD16A,ACER3,,STAG1,ENO2,STAG1,ENO2,STAG1,HCN4,STAG1,HCN4,STAG1,HCN4,STAG1,HCN4,ADCY5,ARX,ADSS2,BACE1,AP1S2
,,,,,,,,,,,,,,,,ANKRD11,ZFAT,,,ACADM,ACBD6,ATP1A3,DEAF1,ASXL1,AP1G1,ARID1B,ANK2,DEAF1,ZMYND11,,ADCY3,AMT,ASH1L,ADORA3,ADPRHL2,ALG1,ABHD5,ACO2,,TRIO,FYN,TRIO,FYN,TRIO,HDAC9,TRIO,HDAC9,TRIO,HDAC9,TRIO,HDAC9,ADGRB1,ASH1L,AGAP1,BAIAP2L1,ARHGEF9
,,,,,,,,,,,,,,,,ANTXR1,,,,ACADS,ACER3,ATP2B2,DLG4,ASXL2,AP2S1,ARID2,ANK3,DIP2A,ZNF136,,ADCY5,ANXA1,ASXL3,ADRB2,ADRA2B,ALG11,ABI2,ACOX1,,XPO7,HCN4,XPO7,HCN4,XPO7,HERC1,XPO7,HERC1,XPO7,HERC1,XPO7,HERC1,ADGRL1,ASTN1,AGAP2,BCL11B,ARID1A
,,,,,,,,,,,,,,,,APOB,,,,ACADVL,ACO2,ATP4A,DLL1,ASXL3,AP3B2,ARIH1,ANKH,DNMT3A,,,ADGRB1,AP2M1,ATRX,ADSL,ADSL,ALG13,ACACA,ACSL4,,ZMYM2,HDAC9,ZMYM2,HDAC9,ZMYM2,IQSEC1,ZMYM2,IQSEC1,ZMYM2,IQSEC1,ZMYM2,IQSEC1,ADK,ASXL3,AGBL4,BPTF,ARID1B
,,,,,,,,,,,,,,,,ARPC1B,,,,ACAN,ACOX1,AUTS2,DNMT3A,ATP1A2,ARCN1,ASH1L,ANKRD11,DPYSL2,,,ADGRL1,APBA2,AUTS2,ADSS2,AFF3,ALG14,ACAD9,ACTB,,,HERC1,,HERC1,,JARID2,,JARID2,,JARID2,,JARID2,ADNP,ATRX,AGMO,BRINP3,ARID2
,,,,,,,,,,,,,,,,ASH1L,,,,ACAT1,ACP5,BRSK2,DSCAM,ATP1A3,ARF1,ASXL1,ANKRD12,DSCAM,,,ADK,APH1A,BAZ2B,AFF2,AGMO,ALG3,ACADM,ACTG1,,,IQSEC1,,IQSEC1,,KCNN3,,KCNN3,,KCNN3,,KCNN3,ADORA2A,AUTS2,AGO1,BSN,ARX
,,,,,,,,,,,,,,,,ASPN,,,,ACBD5,ACSL4,BTG3,DYNC1H1,ATP2B2,ARHGAP35,ASXL2,AP1G1,DYNC1H1,,,ADNP,ARHGAP11B,BCKDK,AGAP1,AGO1,ALG6,ACADS,ACTL6A,,,JARID2,,JARID2,,KDM5B,,KDM5B,,KDM5B,,KDM5B,ADORA3,BAZ2B,AGO2,CACNB1,ASXL3
,,,,,,,,,,,,,,,,B3GNT8,,,,ACBD6,ACTA1,C16ORF72,DYRK1A,ATP6V0A1,ARID1A,ASXL3,AP2S1,DYRK1A,,,ADORA2A,ARHGAP5,BCL11A,AGAP2,AIMP1,ALG8,ACADSB,ACTL6B,,,KCNN3,,KCNN3,,LRP1,,LRP1,,LRP1,,LRP1,ADRB2,BCKDK,AGO3,CAMK2D,ATP1A1
,,,,,,,,,,,,,,,,B4GALNT3,,,,ACER3,ACTA2,CACNA1D,EBF3,ATP6V1A,ARID1B,ATF2,AP3B2,EIF3G,,,ADORA3,ASB14,BRAF,AGBL4,AIMP2,ALG9,ACADVL,ACY1,,,KDM5B,,KDM5B,,LRRC4,,LRRC4,,LRRC4,,LRRC4,ADSL,BCL11A,AGO4,CAPZA2,ATP1A3
,,,,,,,,,,,,,,,,BMP6,,,,ACO2,ACTB,CACNA1E,EHMT1,AUTS2,ARID2,ATP1A2,AP3D1,ELAVL3,,,ADRB2,ASH1L,BRSK2,AGMO,AJAP1,ALKBH8,ACAN,ADAM22,,,LRP1,,LRP1,,NLGN2,,NLGN2,,NLGN2,,NLGN2,ADSS2,BRAF,AGTR2,CAT,ATP2B1
,,,,,,,,,,,,,,,,C2CD4A,,,,ACOX1,ACTG1,CAMK2A,FOXP1,BAP1,ARIH1,ATP1A3,APBB1,FOXP1,,,ADSL,ATP6V0A2,CACNA1A,AGO1,AKT1,ALPL,ACAT1,ADAR,,,LRRC4,,LRRC4,,NRXN1,,NRXN1,,NRXN1,,NRXN1,AFF2,BRSK2,AHNAK,CBX1,ATP9A
,,,,,,,,,,,,,,,,CCAR1,,,,ACP5,ACVR1,CAMTA2,GABRA1,BCL11A,ASH1L,ATP2B2,ARCN1,FOXP2,,,ADSS2,BAZ2B,CACNA1C,AGO2,AKT3,AMPD2,ACBD6,ADARB1,,,NLGN2,,NLGN2,,PCNX3,,PCNX3,,PCNX3,,PCNX3,AGAP1,CACNA1A,AKAP9,CBX4,BCL11A
,,,,,,,,,,,,,,,,CCDC3,,,,ACSL4,ACY1,CAPRIN1,GIGYF1,BCL11B,ASXL1,ATP6V0A1,ARF1,GABRB2,,,AFF2,BCAS1,CACNA1E,AGO3,ALDH5A1,AMT,ACE2,ADAT3,,,NRXN1,,NRXN1,,PHIP,,PHIP,,PHIP,,PHIP,AGAP2,CACNA1C,AMPD1,CDC42BPA,BCORL1
,,,,,,,,,,,,,,,,CDC23,,,,ACTA1,ADA,CASKIN1,GRIN2B,BICD2,ASXL2,ATP6V1A,ARF3,GABRB3,,,AGAP1,BCKDK,CACNA2D3,AGO4,ALDH7A1,ANK2,ACER3,ADD1,,,PCNX3,,PCNX3,,PPFIA4,,PPFIA4,,PPFIA4,,PPFIA4,AGAP5,CACNA1E,AMT,CDH2,BICRA
,,,,,,,,,,,,,,,,CDK6,,,,ACTA2,ADAM22,CDK13,IRF2BPL,BRAF,ASXL3,AUTS2,ARHGAP32,GFAP,,,AGAP2,BICDL1,CAMK2A,AGTR2,ALG1,ANKRD11,ACIN1,ADD3,,,PHIP,,PHIP,,PPP3CA,,PPP3CA,,PPP3CA,,PPP3CA,AGBL4,CACNA2D3,ANKRD17,CDK19,BRAF
,,,,,,,,,,,,,,,,CHAD,,,,ACTB,ADAMTS19,CELF1,KCNB1,BRPF1,ATF2,BAI1,ARHGAP35,GIGYF1,,,AGAP5,BIRC6,CAMTA2,AHDC1,ALG11,ANO4,ACO2,ADGRG1,,,PPFIA4,,PPFIA4,,PTK2,,PTK2,,PTK2,,PTK2,AGMO,CAMK2A,ANKS1B,CDK5RAP2,BRSK2
,,,,,,,,,,,,,,,,CHD8,,,,ACTC1,ADAMTS9,CELF2,KCNMA1,CACNA1A,ATP1A2,BAP1,ARID1A,GNAI1,,,AGBL4,BTRC,CAPRIN1,AHNAK,ALG12,AP1G1,ACOT9,ADGRL1,,,PPP3CA,,PPP3CA,,RB1CC1,,RB1CC1,,RB1CC1,,RB1CC1,AGO1,CAMTA2,ANXA1,CDON,BRWD3
,,,,,,,,,,,,,,,,CLEC11A,,,,ACTG1,ADAMTSL2,CGREF1,KCNQ3,CACNA1C,ATP1A3,BCL11A,ARID1B,GRIA2,,,AGMO,C15ORF62,CASK,AKAP9,ALG13,AP2M1,ACOX1,ADK,,,PTK2,,PTK2,,RFX3,,RFX3,,RFX3,,RFX3,AGO2,CAPRIN1,AP2M1,CERT1,C12ORF57
,,,,,,,,,,,,,,,,CLEC3A,,,,ACTL6B,ADAR,CHD2,KDM5B,CACNA1E,ATP2B1,BCL11B,ARID2,GRIN2B,,,AGO1,CA6,CASZ1,ALDH5A1,ALG14,AP3B2,ACOX2,ADNP,,,RB1CC1,,RB1CC1,,SCAF1,,SCAF1,,SCAF1,,SCAF1,AGO3,CASK,APBA2,CHD4,CACNA1A
,,,,,,,,,,,,,,,,CNNM3,,,,ACVR1,ADCY5,CHD3,KDM6B,CACNA1G,ATP2B2,BICD2,ARID5B,HDLBP,,,AGO2,CACNA1E,CDKL5,AMPD1,ALG2,APC2,ACP5,ADSL,,,RFX3,,RFX3,,SCN2A,,SCN2A,,SCN2A,,SCN2A,AGO4,CASZ1,APBB1,CHD9,CACNA1C
,,,,,,,,,,,,,,,,CNPY2,,,,ACVR2B,ADGRG1,CHD8,KMT2A,CAMK2B,ATP6V0A1,BRAF,ARIH1,HECTD4,,,AGO3,CACNA1H,CELF4,AMT,ALG3,ARF1,ACSF3,AFF2,,,SCAF1,,SCAF1,,SETD1A,,SETD1A,,SETD1A,,SETD1A,AGTR2,CDKL5,APH1A,CHM,CAMK2A
,,,,,,,,,,,,,,,,COL16A1,,,,ACY1,ADGRG6,CORO1A,KMT2C,CAMK2G,ATP6V1A,BRD3,ASH1L,IRF2BPL,,,AGO4,CACNB2,CHAMP1,ANK2,ALG6,ARF3,ACSL4,AFF3,,,SCN2A,,SCN2A,,SLC17A8,,SLC17A8,,SLC17A8,,SLC17A8,AHDC1,CELF4,AR,CHST2,CAMK2B
,,,,,,,,,,,,,,,,COL1A1,,,,ADA,ADNP,CREBBP,MBD5,CAMTA1,ATP6V1B2,BRD4,ASXL1,KCNMA1,,,AGTR2,CACNG2,CHD2,ANK3,ALG8,ARFGEF1,ACTA2,AFF4,,,SETD1A,,SETD1A,,SLC27A3,,SLC27A3,,SLC27A3,,SLC27A3,AHNAK,CHAMP1,ARHGAP11B,CLIP2,CAMK2D
,,,,,,,,,,,,,,,,COL1A2,,,,ADAM22,ADPRS,CSNK1E,MED13,CBX5,AUTS2,BRPF1,ASXL2,KCNQ3,,,AHDC1,CADM1,CHD3,ANKRD11,ALG9,ARFGEF2,ACTB,AGA,,,SLC17A8,,SLC17A8,,SP4,,SP4,,SP4,,SP4,AKAP9,CHD2,ARHGAP32,CLTC,CBX1
,,,,,,,,,,,,,,,,COL27A1,,,,ADAMTS15,ADSL,CSNK2A1,MED13L,CDC42,BAI1,BRSK2,ASXL3,KDM5B,,,AHI1,CAPN12,CHD7,ANKRD17,ALKBH8,ARG1,ACTG1,AGO1,,,SLC27A3,,SLC27A3,,STAG1,,STAG1,,STAG1,,STAG1,ALDH1L1,CHD3,ARHGAP5,COL12A1,CCNK
,,,,,,,,,,,,,,,,COL8A1,,,,ADAMTS18,AFF2,CTCF,MED23,CDK13,BAP1,CACNA1A,ATF2,KDM6B,,,AHNAK,CARD11,CHD8,ANKS1B,ALPL,ARHGEF9,ACTL6A,AGO2,,,SP4,,SP4,,STK38L,,STK38L,,STK38L,,STK38L,ALDH5A1,CHD7,ARHGEF10,CRMP1,CDH2
,,,,,,,,,,,,,,,,COL8A2,,,,ADAMTS19,AFF3,CTNNA2,MEIS2,CDK8,BCAS3,CACNA1C,ATG13,KIAA0232,,,AKAP9,CASZ1,CIC,ANP32A,AMACR,ARID1B,ACTL6B,AGTPBP1,,,STAG1,,STAG1,,TNPO3,,TNPO3,,TNPO3,,TNPO3,AMPD1,CHD8,ARID2,CSMD2,CDK13
,,,,,,,,,,,,,,,,COLGALT2,,,,ADAMTS9,AFF4,CTNNB1,NAA15,CHAMP1,BCL11A,CACNA1E,ATG9B,KMT2C,,,ALDH1A3,CCDC88C,CNOT3,ANXA1,AMPD2,ARV1,ACVR1,AHCY,,,STK38L,,STK38L,,TRIO,,TRIO,,TRIO,,TRIO,AMT,CIC,ARNT2,CSMD3,CDK19
,,,,,,,,,,,,,,,,CPD,,,,ADAMTSL2,AFG3L2,CUL3,NF1,CHD2,BCL11B,CACNA1G,ATP1A2,KMT2E,,,ALDH1L1,CCDC91,CORO1A,AP2M1,AMT,ARX,ACY1,AHDC1,,,TNPO3,,TNPO3,,UBE2E3,,UBE2E3,,UBE2E3,,UBE2E3,ANK2,CNOT3,ASAP2,CSNK1G1,CDK8
,,,,,,,,,,,,,,,,CPT1A,,,,ADAR,AGA,CYFIP2,NIPBL,CHD3,BCL2L2-PABPN1,CAMK2A,ATP1A3,LDB1,,,ALDH5A1,CCIN,CPSF7,AP2S1,ANK2,ASAH1,ADA,AHI1,,,TRIO,,TRIO,,WDR78,,WDR78,,WDR78,,WDR78,ANK3,CORO1A,ASB14,CTPS1,CDKL5
,,,,,,,,,,,,,,,,CPZ,,,,ADARB1,AGK,CYLD,NRXN1,CHD4,BICD2,CAMK2B,ATP1B1,LRRC4C,,,ALG6,CCNG1,CREBBP,APBA2,ANKRD11,ASH1L,ADAM22,AIFM1,,,UBE2E3,,UBE2E3,,XPO7,,XPO7,,XPO7,,XPO7,ANKRD11,CPSF7,ASMT,CTR9,CELF2
,,,,,,,,,,,,,,,,CRISPLD1,,,,ADCY5,AGL,DEAF1,PHF21A,CHD7,BOD1L1,CAMK2G,ATP2B1,MAP1A,,,AMPD1,CCSER1,CSDE1,APBB1,ANO4,ASL,ADAMTS10,AIMP1,,,XPO7,,XPO7,,YLPM1,,YLPM1,,YLPM1,,YLPM1,ANKRD17,CREBBP,ASPM,CUL2,CEP290
,,,,,,,,,,,,,,,,CRISPLD2,,,,ADGRG1,AGO1,DEDD,PIK3CA,CHD8,BPTF,CAMTA1,ATP2B2,MBD5,,,AMT,CD276,CSNK2A1,APH1A,AP1G1,ASNS,ADAR,AKT3,,,YLPM1,,YLPM1,,ZC3H12B,,ZC3H12B,,ZC3H12B,,ZC3H12B,ANKS1B,CSDE1,ASTN2,CUL4B,CERT1
,,,,,,,,,,,,,,,,CSAD,,,,ADGRG6,AGPS,DIP2A,PLXNA1,CLTC,BRAF,CAMTA2,ATP4A,MED13L,,,ANK2,CD99L2,CTCF,AR,AP2M1,ASPA,ADARB1,ALDH18A1,,,ZC3H12B,,ZC3H12B,,ZMYM2,,ZMYM2,,ZMYM2,,ZMYM2,ANP32A,CSNK2A1,ATP10A,CXXC5,CHAMP1
,,,,,,,,,,,,,,,,CTU2,,,,ADK,AHDC1,DIP2C,POGZ,CNOT1,BRD3,CAPRIN1,ATP6V0A1,MKX,,,ANK3,CDH13,CTNNB1,ARF3,AP3B2,ASXL3,ADAT3,ALDH3A2,,,ZMYM2,,ZMYM2,,ZMYND11,,ZMYND11,,ZMYND11,,ZMYND11,ANXA1,CTCF,ATP1A1,CYFIP2,CHD1
,,,,,,,,,,,,,,,,CYP26B1,,,,ADNP,AHI1,DLG4,PTEN,CNOT3,BRD4,CASKIN1,ATP6V1A,MYT1L,,,ANKRD11,CDK16,CUL3,ARHGAP11B,APC2,ATN1,ADCY5,ALDH4A1,,,ZMYND11,,ZMYND11,,,,,,,,,AP2M1,CTNNB1,ATP1A3,DENND2B,CHD2
,,,,,,,,,,,,,,,,DAAM2,,,,ADPRS,AIFM1,DLL1,RFX3,COL2A1,BRPF1,CASZ1,ATP6V1B2,NACC1,,,ANKRD17,CGNL1,DDX3X,ARHGAP32,ARF1,ATP1A1,ADD1,ALDH5A1,,,,,,,,,,,,,,AP2S1,CUL3,ATP2B2,DGKI,CHD3
,,,,,,,,,,,,,,,,DAP,,,,ADRA2B,AIPL1,DNMT3A,RORB,COL4A1,BRSK1,CBX5,AUTS2,NCOA1,,,ANKS1B,CHRNA7,DEAF1,ARHGAP5,ARF3,ATP1A2,ADD3,ALDH7A1,,,,,,,,,,,,,,APBA2,DDX3X,ATP6V0A2,DHX9,CHD4
,,,,,,,,,,,,,,,,DDR2,,,,ADSL,AIRE,DPYSL2,SATB2,COL4A3BP,CACNA1A,CDC42,B3GNT6,NR3C2,,,ANP32A,CHRNB3,DHCR7,ARHGEF10,ARFGEF1,ATP1A3,ADGRG1,ALG1,,,,,,,,,,,,,,APBB1,DEAF1,AVPR1A,DNAJC5,CHD7
,,,,,,,,,,,,,,,,DISP1,,,,AFF2,AK2,DSCAM,SCN1A,CREBBP,CACNA1C,CDK13,BAI1,NRXN1,,,ANXA1,CIB2,DIP2A,ARHGEF9,ARFGEF2,ATP5O,ADGRG4,ALG11,,,,,,,,,,,,,,APH1A,DHCR7,AVPR1B,DNM1,CHD8
,,,,,,,,,,,,,,,,DLK1,,,,AFF3,AKT1,DYNC1H1,SCN2A,CSNK2A1,CACNA1E,CDK8,BAP1,NSD1,,,AP1S2,CLASP1,DLG4,ARID1B,ARG1,ATP6V0A1,ADGRG6,ALG12,,,,,,,,,,,,,,AR,DIP2A,AZGP1,DOP1A,CHKB
,,,,,,,,,,,,,,,,DPP9,,,,AFF4,AKT2,DYRK1A,SETD5,CSNK2B,CACNA1G,CELF2,BCAS3,NUP155,,,AP2M1,CMPK2,DMPK,ARID2,ARHGEF9,ATP6V0A2,ADGRL1,ALG13,,,,,,,,,,,,,,ARF3,DLG4,BBS4,DPYSL5,CLCN4
,,,,,,,,,,,,,,,,DTL,,,,AFG2A,AKT3,EBF3,SHANK3,CTBP1,CAMK2A,CHAMP1,BCL11A,PAX5,,,AP2S1,CNGB3,DNMT3A,ARNT2,ARID1B,ATP6V0C,ADGRV1,ALG3,,,,,,,,,,,,,,ARHGAP11B,DMPK,BCAS1,EIF3F,CNKSR2
,,,,,,,,,,,,,,,,DUSP16,,,,AFG2B,ALDH18A1,EFTUD2,SKI,CTCF,CAMK2B,CHD2,BCL11B,PHF12,,,APBA2,CNTN3,DPYSL2,ARX,ARV1,ATP6V1A,ADK,ALG6,,,,,,,,,,,,,,ARHGAP30,DNMT3A,BICDL1,EIF4G1,CNOT1
,,,,,,,,,,,,,,,,E4F1,,,,AFG3L2,ALDH1A2,EHMT1,SLC6A1,CTNNB1,CAMK2D,CHD3,BCL9,PHF2,,,APBB1,COL28A1,DSCAM,ASAP2,ARX,ATP7A,ADNP,ALG8,,,,,,,,,,,,,,ARHGAP32,DPYSL2,BICRA,EIF5A,CNOT3
,,,,,,,,,,,,,,,,ERF,,,,AGA,ALDH1A3,FAM120A,SMARCC2,CTNND1,CAMK2G,CHD4,BICD2,PHF21A,,,APH1A,CORO1A,DYNC1H1,ASB14,ASAH1,ATRX,ADPRHL2,ALG9,,,,,,,,,,,,,,ARHGAP5,DSCAM,BIRC6,ENOX2,CNTNAP2
,,,,,,,,,,,,,,,,ESR1,,,,AGK,ALDH3A2,FBXO11,SPAST,CUL3,CAMK4,CHD7,BMPR1A,POGZ,,,AR,CPSF7,DYRK1A,ASH1L,ASH1L,BAP1,ADRA2B,ALKBH8,,,,,,,,,,,,,,ARHGEF10,DYNC1H1,BRCA2,ENPP1,CREBBP
,,,,,,,,,,,,,,,,EXT1,,,,AGL,ALDH4A1,FOXP1,STXBP1,DDX23,CAMTA1,CHD8,BOD1L1,PPP1R9B,,,ARF3,CPT2,EBF3,ASMT,ASL,BCKDHA,ADSL,ALMS1,,,,,,,,,,,,,,ARHGEF2,DYRK1A,BRD4,EPHB1,CSDE1
,,,,,,,,,,,,,,,,EXTL3,,,,AGO1,ALDH5A1,GABBR2,SUV420H1,DEAF1,CASKIN2,CIC,BPTF,PPP2R5D,,,ARHGAP11B,CPZ,EHMT1,ASPM,ASNS,BCKDHB,AFF2,AMER1,,,,,,,,,,,,,,ARHGEF9,EBF3,BST1,FABP4,CSNK1G1
,,,,,,,,,,,,,,,,FAM111A,,,,AGPAT3,ALDH7A1,GABRA1,SYNGAP1,DHDDS,CASZ1,CLTC,BRAF,PPP5C,,,ARHGAP30,CUL7,EIF3G,ASTN2,ASPA,BCS1L,AFF3,AMPD2,,,,,,,,,,,,,,ARID1A,EHMT1,BTAF1,FAM53C,CSNK2A1
,,,,,,,,,,,,,,,,FASN,,,,AGPS,ALDOA,GABRB3,TAOK1,DHX30,CBL,CNOT1,BRD3,PRR12,,,ARHGAP32,DAPP1,ELAVL3,ASXL3,ASTN1,BOLA3,AFF4,AMT,,,,,,,,,,,,,,ARID1B,EIF3G,BTRC,FBXL13,CSNK2B
,,,,,,,,,,,,,,,,FBLN5,,,,AGTPBP1,ALG1,GIGYF1,TCF20,DLG4,CBLL1,CNOT3,BRD4,PTEN,,,ARHGAP5,DDX53,EP300,ATP10A,ASXL3,BRAF,AFG3L2,ANK2,,,,,,,,,,,,,,ARID2,ELAVL3,C15ORF62,FGF13,CTCF
,,,,,,,,,,,,,,,,FBN1,,,,AGXT,ALG11,GRIA2,TCF7L2,DNM1,CBX3,COL2A1,BRPF1,PTK7,,,ARHGEF10,DIPK2A,FMR1,ATP1A1,ATN1,BRAT1,AFP,ANK3,,,,,,,,,,,,,,ARNT2,EP300,C4B,FGF14,CTNNA2
,,,,,,,,,,,,,,,,FBN2,,,,AHDC1,ALG12,GRIN2B,TLK2,DNM1L,CBX5,COL4A1,BRSK1,RAI1,,,ARHGEF2,DLG1,FOXG1,ATP1A3,ATP1A1,BRSK1,AGA,ANKRD11,,,,,,,,,,,,,,ARX,FMR1,CA6,FLNA,CTR9
,,,,,,,,,,,,,,,,FBXL12,,,,AHI1,ALG13,H3F3A,VEZF1,DNMT3A,CDC42,COL4A3BP,BRSK2,RFX3,,,ARHGEF9,DLX2,FOXP1,ATP2B2,ATP1A2,BSCL2,AGAP1,ANKRD17,,,,,,,,,,,,,,ASAP2,FOXG1,CACNA1B,FRMD5,CUL4B
,,,,,,,,,,,,,,,,FBXO17,,,,AIFM1,ALG2,HDAC4,WAC,DPF2,CDK13,CREBBP,BRWD1,RORB,,,ARID1A,DLX3,FOXP2,ATP6V0A2,ATP1A3,BTD,AGK,ANO4,,,,,,,,,,,,,,ASB11,FOXP1,CACNA1D,FRRS1L,CUX2
,,,,,,,,,,,,,,,,FBXW8,,,,AIMP1,ALG3,HECTD4,ZBTB20,DYNC1H1,CDK8,CSNK1E,BTBD10,SATB1,,,ARID1B,DLX6,GABRB2,ATRX,ATP2B1,C12ORF57,AGL,AP1G1,,,,,,,,,,,,,,ASB14,FOXP2,CACNA1F,FRYL,CYP27A1
,,,,,,,,,,,,,,,,FER,,,,AIPL1,ALG6,HNRNPD,,DYRK1A,CELF2,CSNK2A1,BTG3,SCN1A,,,ARID2,DMXL2,GABRB3,AUTS2,ATP2B2,C12ORF66,AGMO,AP1S1,,,,,,,,,,,,,,ASB9,GABRB2,CACNA1G,FXN,DDX23
,,,,,,,,,,,,,,,,FGD1,,,,AIRE,ALG8,HNRNPUL2,,EBF3,CENPE,CSNK2B,C16ORF72,SCN2A,,,ARNT2,DNAH10,GFAP,AVPR1A,ATP5A1,C2ORF69,AGO1,AP1S2,,,,,,,,,,,,,,ASH1L,GABRB3,CACNA1H,GABRA2,DDX3X
,,,,,,,,,,,,,,,,FGF2,,,,AK2,ALG9,INO80D,,EEF1A2,CHAMP1,CTBP1,C3,SETD5,,,ARX,DNAH17,GIGYF1,AVPR1B,ATP5O,CACNA1A,AGO2,AP2M1,,,,,,,,,,,,,,ASMT,GFAP,CACNA1I,GABRG2,DEAF1
,,,,,,,,,,,,,,,,FGFR3,,,,AKR1D1,ALMS1,INTS3,,EFTUD2,CHD2,CTCF,CACNA1A,SHANK2,,,ASAP2,DNAH3,GIGYF2,AZGP1,ATP6AP2,CACNA1B,AGPAT2,AP3B1,,,,,,,,,,,,,,ASPM,GIGYF1,CACNA2D1,GLI3,DENND2B
,,,,,,,,,,,,,,,,FIBIN,,,,AKT1,ALPL,IRF2BPL,,EHMT1,CHD3,CTNNA2,CACNA1C,SHANK3,,,ASB11,DOCK1,GNAI1,BAZ2B,ATP6V0A1,CACNA1C,AGPAT3,AP3B2,,,,,,,,,,,,,,ASTN1,GIGYF2,CACNB2,GLS,DEPDC5
,,,,,,,,,,,,,,,,FLNB,,,,AKT2,ALS2,ITPR3,,EP300,CHD4,CTNNB1,CACNA1D,SIN3A,,,ASB14,DOCK8,GRIA2,BBS4,ATP6V0A2,CACNA1D,AGPS,AP4B1,,,,,,,,,,,,,,ASTN2,GNAI1,CACNG2,GPC5,DHCR7
,,,,,,,,,,,,,,,,FRYL,,,,AKT3,ALX1,ITSN1,,ERF,CHD5,CTNND1,CACNA1E,SKI,,,ASB9,DPP10,GRIN1,BCAS1,ATP6V0C,CACNA1E,AGT,AP4E1,,,,,,,,,,,,,,ASXL3,GRIA2,CADM1,GRB10,DHX30
,,,,,,,,,,,,,,,,FUT10,,,,ALAD,ALX3,KCNB1,,FBN1,CHD7,CTR9,CACNA1G,SLC6A1,,,ASH1L,DPP3,GRIN2A,BCKDK,ATP6V1A,CACNA1G,AGTPBP1,AP4M1,,,,,,,,,,,,,,ATP10A,GRIN1,CADM2,GSPT2,DHX9
,,,,,,,,,,,,,,,,GCGR,,,,ALDH18A1,ALX4,KCNH7,,FBXO11,CHD8,CUL3,CACNA2D1,SMARCC2,,,ASMT,DPYSL3,GRIN2B,BCL11A,ATP7A,CACNA1I,AGTR2,AP4S1,,,,,,,,,,,,,,ATP1A1,GRIN2A,CADPS,H3-3B,DLL1
,,,,,,,,,,,,,,,,GH1,,,,ALDH1A2,AMER1,KCNMA1,,FBXW7,CHMP7,DDX23,CALM1,SPAST,,,ASPM,DST,HDLBP,BICDL1,ATRX,CACNA2D2,AGXT,APC2,,,,,,,,,,,,,,ATP1A3,GRIN2B,CADPS2,HACE1,DMD
,,,,,,,,,,,,,,,,GHR,,,,ALDH1A3,AMPD2,KCNQ3,,FGFR1,CIC,DEAF1,CAMK2A,SRPR,,,ASTN2,DYDC1,HECTD4,BICRA,BAIAP2,CAD,AHCY,APOPT1,,,,,,,,,,,,,,ATP2B1,HDLBP,CAMK4,HCN1,DMPK
,,,,,,,,,,,,,,,,GHRH,,,,ALDH3A2,AMT,KDM3B,,FGFR2,CLTC,DHDDS,CAMK2B,STXBP1,,,ASXL3,DYDC2,HIVEP2,BIRC6,BAP1,CAMSAP1,AHDC1,ARCN1,,,,,,,,,,,,,,ATP2B2,HECTD4,CAPN12,HECTD1,DNMT3A
,,,,,,,,,,,,,,,,GHSR,,,,ALDH4A1,ANAPC1,KDM5B,,FGFR3,CNOT1,DHX30,CAMK2D,SUV420H1,,,ATP10A,EFR3A,HNRNPH2,BRAF,BCKDHA,CAPRIN1,AHI1,ARF1,,,,,,,,,,,,,,ATP6V0A2,HIVEP2,CARD11,HNRNPL,DOLK
,,,,,,,,,,,,,,,,GLI3,,,,ALDH5A1,ANKH,KDM6B,,FOXG1,CNOT2,DLG4,CAMK2G,SYNGAP1,,,ATP1A1,EGR3,HNRNPU,BRCA2,BCKDHB,CARS2,AIFM1,ARF3,,,,,,,,,,,,,,ATP9A,HNRNPH2,CASKIN1,HTR2C,DOT1L
,,,,,,,,,,,,,,,,GLS,,,,ALDH7A1,ANKRD11,KIF1B,,FOXP1,CNOT3,DLL1,CAMK4,TAOK1,,,ATP1A3,EIF3G,HRAS,BRD4,BCL11A,CASK,AIMP1,ARFGEF1,,,,,,,,,,,,,,ATRX,HNRNPU,CC2D1A,HTR3C,DYRK1A
,,,,,,,,,,,,,,,,GNAS,,,,ALDOA,ANKRD17,KMT2A,,FOXP2,COL2A1,DNM1,CAMTA1,TBL1XR1,,,ATP2B1,ELAVL3,IQSEC2,BRSK2,BCORL1,CC2D2A,AIMP2,ARFGEF2,,,,,,,,,,,,,,ATXN2,HRAS,CCDC88C,IGF1,EBF3
,,,,,,,,,,,,,,,,GRAMD2A,,,,ALG1,ANKRD26,KMT2C,,GABRA1,COL4A1,DNM1L,CAMTA2,TBR1,,,ATP2B2,EPC2,IRF2BPL,BST1,BCS1L,CCDC88A,AIPL1,ARG1,,,,,,,,,,,,,,AUTS2,IQSEC2,CCDC91,IKZF1,EEF1A2
,,,,,,,,,,,,,,,,GYG1,,,,ALG11,ANTXR1,KPNA1,,GABRB2,COL4A3BP,DNMT3A,CAPRIN1,TCF20,,,ATP6V0A2,EPHA1,KANSL1,BTAF1,BET1,CDK19,AIRE,ARHGEF9,,,,,,,,,,,,,,AVPR1A,IRF2BPL,CCIN,IRX5,EHMT1
,,,,,,,,,,,,,,,,HAPLN3,,,,ALG12,AP1G1,MAPK8IP3,,GABRB3,CREBBP,DPF2,CASKIN1,TCF4,,,ATP9A,EPPK1,KATNAL2,BTRC,BLOC1S1,CDK5,AK1,ARID1A,,,,,,,,,,,,,,AVPR1B,KANSL1,CCNG1,ITGA8,ELP2
,,,,,,,,,,,,,,,,HDAC6,,,,ALG13,AP1S2,MARK2,,GABRG2,CRIM1,DSCAM,CASKIN2,TCF7L2,,,ATRX,ERBIN,KCNB1,C15ORF62,BOLA3,CDKL5,AK2,ARID1B,,,,,,,,,,,,,,AZGP1,KATNAL2,CCSER1,KAT6B,EP300
,,,,,,,,,,,,,,,,HECTD1,,,,ALG2,AP2M1,MBD5,,GATA3,CSNK1E,DYNC1H1,CASZ1,TEK,,,ATXN2,ERMN,KCNQ2,C4B,BORCS5,CELF2,AKAP17A,ARID2,,,,,,,,,,,,,,BACE1,KCNB1,CCT4,KCNA2,FBRSL1
,,,,,,,,,,,,,,,,HERC1,,,,ALG3,AP3B2,MED13,,GATAD2B,CSNK2A1,DYRK1A,CBL,TLK2,,,AUTS2,EXOC3,KCNQ3,CA6,BORCS8,CEP85L,AKAP4,ARL13B,,,,,,,,,,,,,,BAIAP2L1,KCNQ2,CD276,KCNA3,FBXO11
,,,,,,,,,,,,,,,,HHIPL1,,,,ALG6,AP4B1,MED13L,,GIGYF1,CSNK2B,EBF3,CBLL1,TM9SF4,,,AVPR1A,EXOC5,KDM2B,CACNA1A,BRAF,CERS1,AKAP6,ARL6,,,,,,,,,,,,,,BAZ2B,KCNQ3,CD38,KCNC2,FGF13
,,,,,,,,,,,,,,,,HLTF,,,,ALG8,AP4E1,MED23,,GLI3,CTBP1,EEF1A2,CBX3,TRAF7,,,AVPR1B,EXOC6,KDM3B,CACNA1B,BRAT1,CHD2,AKR1C2,ARMC9,,,,,,,,,,,,,,BBS4,KDM2B,CD99L2,KCNH1,FMR1
,,,,,,,,,,,,,,,,HMCN1,,,,ALG9,AP4M1,MEF2C,,GLTSCR1,CTCF,EFTUD2,CBX5,TRIM23,,,AZGP1,EXOC6B,KDM5B,CACNA1C,BRSK1,CHD4,AKR1D1,ARSA,,,,,,,,,,,,,,BCAS1,KDM3B,CDC42BPB,KCNH5,FOXG1
,,,,,,,,,,,,,,,,HMG20B,,,,ALKBH8,AP4S1,MEIS2,,GLYR1,CTNNB1,EHMT1,CDC42,TRIP12,,,BACE1,FAM47A,KDM5C,CACNA1D,BSCL2,CHD5,AKT1,ARSB,,,,,,,,,,,,,,BCKDK,KDM5B,CDH10,KCNH7,FOXP1
,,,,,,,,,,,,,,,,HMGA2,,,,ALMS1,APTX,MLXIP,,GNAI1,CTNND1,EIF5A,CDC42BPB,UBR1,,,BAIAP2L1,FAM98C,KDM6B,CACNA1E,BSN,CHKA,AKT3,ARSE,,,,,,,,,,,,,,BCL11A,KDM5C,CDH11,KCNN2,FRMD5
,,,,,,,,,,,,,,,,HSD11B2,,,,ALPL,AR,MRFAP1,,GNAO1,CTR9,EP300,CDK13,VEZF1,,,BAZ2B,FCRL6,KIAA0232,CACNA1F,BTD,CHRNA2,ALAD,ARV1,,,,,,,,,,,,,,BCL11B,KDM6B,CDH13,KDM1A,FRMPD4
,,,,,,,,,,,,,,,,HTRA1,,,,ALS2,ARCN1,MYO18A,,GNAS,CUL3,ERF,CDK8,WAC,,,BBS4,FRG1,KLHL20,CACNA1G,C12ORF57,CHRNA4,ALDH18A1,ARX,,,,,,,,,,,,,,BICDL1,KIAA0232,CDH22,KDM2A,FRYL
,,,,,,,,,,,,,,,,IGF1,,,,ALX1,ARF1,MYT1L,,GNB1,DAZAP1,EXT1,CDKN1C,ZMYND8,,,BCAS1,G3BP2,KMT2A,CACNA1H,C12ORF66,CHRNB2,ALDH1A3,ASAH1,,,,,,,,,,,,,,BICRA,KLHL20,CDH8,KDM3A,GABBR2
,,,,,,,,,,,,,,,,IGF1R,,,,ALX3,ARFGEF1,NAA15,,GNB2,DCAF7,FBN1,CDKN2AIP,,,,BCKDK,GABRB2,KMT2C,CACNA1I,C2ORF69,CIC,ALDH3A2,ASCC3,,,,,,,,,,,,,,BIRC6,KMT2A,CDH9,KIZ,GABRA3
,,,,,,,,,,,,,,,,IGF2BP2,,,,ALX4,ARFGEF2,NAA25,,GRIA2,DDX23,FBXO11,CELF1,,,,BCL11A,GALNT13,KMT2E,CACNA2D1,CACNA1A,CLCN3,ALDH4A1,ASH1L,,,,,,,,,,,,,,BPTF,KMT2C,CDK16,KLF7,GALNT2
,,,,,,,,,,,,,,,,IGFALS,,,,AMER1,ARG1,NACC1,,GRIN1,DDX6,FBXW7,CELF2,,,,BCL11B,GALNT8,KMT5B,CACNA2D3,CACNA1B,CLCN4,ALDH5A1,ASL,,,,,,,,,,,,,,BRAF,KMT2E,CECR2,KMT2B,GATM
,,,,,,,,,,,,,,,,IHH,,,,AMFR,ARHGAP31,NAV3,,GRIN2A,DEAF1,FGFR1,CELF4,,,,BCORL1,GAS2,LDB1,CACNB2,CACNA1C,CLDN5,ALDH7A1,ASNS,,,,,,,,,,,,,,BRCA2,KMT5B,CELF2,KMT2D,GNAI1
,,,,,,,,,,,,,,,,IQCC,,,,AMOTL1,ARHGAP35,NCKAP1,,GRIN2B,DHDDS,FGFR2,CENPE,,,,BICDL1,GFAP,LRRC4C,CACNG2,CACNA1D,CLN3,ALDOA,ASPA,,,,,,,,,,,,,,BRD4,LDB1,CELF6,KNG1,GNB2
,,,,,,,,,,,,,,,,IRS1,,,,AMPD2,ARHGEF9,NF1,,GSK3B,DHX30,FGFR3,CENPV,,,,BICRA,GGNBP2,LZTR1,CADM1,CACNA1E,CLN8,ALDOB,ASPM,,,,,,,,,,,,,,BRINP3,LRRC4C,CEP135,KSR2,GRIA3
,,,,,,,,,,,,,,,,IRS4,,,,AMT,ARID1A,NIPBL,,H3F3A,DLG4,FOXG1,CGREF1,,,,BIRC6,GIGYF1,MAGEC3,CADM2,CACNA1G,CLPB,ALG1,ASS1,,,,,,,,,,,,,,BRSK2,LZTR1,CEP290,LARP1,H1-4
,,,,,,,,,,,,,,,,JAK2,,,,ANAPC1,ARID1B,NRXN1,,HDAC2,DLL1,FOXP1,CHAMP1,,,,BRAF,GIGYF2,MAGEL2,CADPS,CACNA1H,CLTC,ALG11,ASXL1,,,,,,,,,,,,,,BSN,MAGEC3,CEP41,LAS1L,H3-3B
,,,,,,,,,,,,,,,,KAT2B,,,,ANGPT2,ARID2,NRXN3,,HECW2,DNM1,FOXP2,CHD2,,,,BRCA2,GNAS,MAP1A,CADPS2,CACNA1I,CNKSR2,ALG12,ASXL2,,,,,,,,,,,,,,BST1,MAGEL2,CGNL1,LDLR,H4C11
,,,,,,,,,,,,,,,,KIF7,,,,ANK2,ARL3,OBSCN,,HIST1H1E,DNM1L,GABBR2,CHD3,,,,BRD4,GPC4,MBD5,CAMK2A,CACNA2D1,CNNM2,ALG13,ASXL3,,,,,,,,,,,,,,BTAF1,MAP1A,CHD1,LMTK3,H4C3
,,,,,,,,,,,,,,,,KMT2B,,,,ANKH,ARL6,PACS1,,HIST1H2AC,DNMT3A,GABRA1,CHD4,,,,BRINP3,GPHN,MBOAT7,CAMK4,CACNA2D2,CNOT9,ALG14,ATAD1,,,,,,,,,,,,,,BTRC,MBD5,CHMP1A,MACF1,H4C5
,,,,,,,,,,,,,,,,LATS2,,,,ANKRD11,ARMC9,PAX5,,HIVEP2,DOT1L,GABRB2,CHD5,,,,BRSK2,GPR37,MECP2,CAMTA2,CACNB4,CNPY3,ALG2,ATAD3A,,,,,,,,,,,,,,C15ORF62,MBOAT7,CHRM3,MADD,HCFC1
,,,,,,,,,,,,,,,,LCORL,,,,ANKRD17,ARPC4,PBX1,,HK1,DPF2,GABRB3,CHD7,,,,BRWD3,GRIA2,MED13,CAPN12,CAD,CNTN2,ALG3,ATG7,,,,,,,,,,,,,,C4B,MECP2,CHRNA7,MAN1B1,HDAC4
,,,,,,,,,,,,,,,,LGR5,,,,ANKRD26,ARSA,PHF12,,HNRNPD,DPYSL5,GABRG2,CHD8,,,,BSN,GRID1,MED13L,CAPRIN1,CAMK2D,CNTNAP2,ALG6,ATIC,,,,,,,,,,,,,,CA6,MED13,CHRNB3,MAP4K1,HDAC8
,,,,,,,,,,,,,,,,LOXL2,,,,ANO1,ARSB,PHF2,,HNRNPK,DUSP16,GATA3,CHMP7,,,,BST1,GRID2IP,MEF2C,CARD11,CAMK2G,COG7,ALG8,ATN1,,,,,,,,,,,,,,CACNA1A,MED13L,CIB2,MAPK8IP1,HEPACAM
,,,,,,,,,,,,,,,,LOXL3,,,,ANO3,ARSL,PHF21A,,HNRNPU,DYNC1H1,GATAD2B,CIC,,,,BTAF1,GRIK4,MEIS2,CASK,CAMLG,COL18A1,ALG9,ATP13A2,,,,,,,,,,,,,,CACNA1B,MEF2C,CLASP1,MAPT,HERC1
,,,,,,,,,,,,,,,,LPP,,,,ANO5,ARX,PIK3CA,,HRAS,DYRK1A,GFAP,CLPTM1,,,,BTRC,GRIK5,MKX,CASKIN1,CAMSAP1,COL4A1,ALKBH8,ATP1A1,,,,,,,,,,,,,,CACNA1C,MEIS2,CLCN4,MAST1,HERC2
,,,,,,,,,,,,,,,,LRP5,,,,ANTXR1,ASAH1,PLXNA1,,IRF2BPL,EBF3,GIGYF1,CLTC,,,,C12ORF57,GRIN2A,MSL3,CASZ1,CAPRIN1,COL4A2,ALMS1,ATP1A2,,,,,,,,,,,,,,CACNA1D,MKX,CLN8,MAST3,HIVEP2
,,,,,,,,,,,,,,,,LRRC8A,,,,AP1B1,ASH1L,POGZ,,ITPR1,EEF1A2,GLI3,CNOT1,,,,C15ORF62,GRIN2B,MTOR,CC2D1A,CARS2,COL4A3BP,ALPL,ATP1A3,,,,,,,,,,,,,,CACNA1E,MSL3,CLTCL1,MDGA1,HNRNPD
,,,,,,,,,,,,,,,,LTBP1,,,,AP1G1,ASL,PPP1R9B,,KANSL1,EFTUD2,GLTSCR1,CNOT2,,,,C4B,GRIP1,MYCBP2,CCDC88C,CASK,COQ2,ALS2,ATP2B1,,,,,,,,,,,,,,CACNA1F,MTOR,CMIP,METTL14,HNRNPK
,,,,,,,,,,,,,,,,LTBP2,,,,AP1S2,ASNS,PRDM16,,KAT6A,EHMT1,GLYR1,CNOT3,,,,CA6,GSTM1,MYT1L,CCDC91,CASR,COQ4,ALX1,ATP6AP2,,,,,,,,,,,,,,CACNA1G,MYCBP2,CMPK2,MINK1,HNRNPR
,,,,,,,,,,,,,,,,LTBP3,,,,AP2M1,ASPA,PRH1,,KAT6B,EIF3B,GNAI1,COL2A1,,,,CACNA1A,H2BC11,NAA15,CCIN,CBL,COQ9,ALX3,ATP6V0A1,,,,,,,,,,,,,,CACNA1H,MYT1L,CNGB3,MKRN1,HNRNPU
,,,,,,,,,,,,,,,,MAPKAPK2,,,,AP2S1,ASPM,PRR12,,KBTBD7,EIF5A,GNAO1,COL4A1,,,,CACNA1B,HDLBP,NACC1,CCNG1,CC2D2A,CPLX1,ALX4,ATP6V0A2,,,,,,,,,,,,,,CACNA1I,NAA15,CNKSR2,MSL2,HNRNPUL2
,,,,,,,,,,,,,,,,MC3R,,,,AP3B2,ASS1,PSMD11,,KCNA2,EP300,GNAS,COL4A3BP,,,,CACNA1C,HMGN1,NBEA,CCSER1,CCDC186,CREBBP,AMER1,ATP6V0C,,,,,,,,,,,,,,CACNA2D1,NACC1,CNOT1,MSRA,HOXA1
,,,,,,,,,,,,,,,,MKRN3,,,,AP4B1,ASXL1,PSMD12,,KCNB1,ERF,GNB1,CORO1A,,,,CACNA1D,HNRNPF,NCKAP1,CCT4,CCDC88A,CRELD1,AMPD2,ATP6V1A,,,,,,,,,,,,,,CACNA2D3,NBEA,CNR1,MSX2,HUWE1
,,,,,,,,,,,,,,,,MTMR11,,,,AP4E1,ASXL3,PTEN,,KCND3,ESRRG,GNB2,CPD,,,,CACNA1E,ICA1,NCOA1,CD276,CCDC88C,CRNKL1,AMT,ATP6V1B2,,,,,,,,,,,,,,CACNB1,NCKAP1,CNTN3,MYLK,INTS1
,,,,,,,,,,,,,,,,MTOR,,,,AP4M1,ATG7,PTGDR2,,KCNH1,ETF1,GRIA2,CPSF6,,,,CACNA1F,IL1RAPL1,NEXMIF,CD38,CCND2,CSNK2B,ANK2,ATP7A,,,,,,,,,,,,,,CACNB2,NCOA1,CNTN4,MYO7A,IQSEC2
,,,,,,,,,,,,,,,,MYO1D,,,,AP4S1,ATIC,PTPRF,,KCNMA1,EXT1,GRIN1,CPSF7,,,,CACNA1G,ILF2,NF1,CD99L2,CCT8,CSTB,ANK3,ATP8A2,,,,,,,,,,,,,,CACNG2,NEXMIF,CNTN5,MYOCD,IRF2BPL
,,,,,,,,,,,,,,,,NF1,,,,APC2,ATL1,RAB11FIP4,,KCNQ2,EZH2,GRIN2A,CREBBP,,,,CACNA1H,INTS6,NIPBL,CDC42BPB,CDC42BPB,CTNNA2,ANKH,ATP9A,,,,,,,,,,,,,,CADM1,NF1,CNTN6,NAA10,IRX5
,,,,,,,,,,,,,,,,NIM1K,,,,APTX,ATM,RAI1,,KCNQ3,FBN1,GRIN2B,CRIM1,,,,CACNA1I,IQGAP3,NLGN2,CDH10,CDK19,CTSD,ANKRD11,ATR,,,,,,,,,,,,,,CADM2,NIPBL,CNTNAP2,NASP,KANSL1
,,,,,,,,,,,,,,,,NOG,,,,AR,ATOH7,RALGAPB,,KCNT1,FBN2,GSK3B,CSDE1,,,,CACNA2D1,ITGB3,NLGN3,CDH11,CDK5,CTSF,ANKRD17,ATRX,,,,,,,,,,,,,,CADPS,NLGN2,CNTNAP3,NCAPH2,KAT6A
,,,,,,,,,,,,,,,,NOSTRIN,,,,ARCN1,ATP1A1,RFX3,,KCNT2,FBXO11,H3F3A,CSNK1E,,,,CACNA2D3,JMJD1C,NLGN4X,CDH13,CDKL5,CUL3,ANKS1B,ATXN7L3,,,,,,,,,,,,,,CADPS2,NLGN3,CNTNAP4,NEDD4,KCNB1
,,,,,,,,,,,,,,,,NOX4,,,,ARF1,ATP1A2,ROPN1,,KDM5B,FBXO28,HDAC2,CSNK2A1,,,,CACNB1,KANK1,NR3C2,CDH22,CELF2,CUL4B,ANO10,AUH,,,,,,,,,,,,,,CAMK2A,NLGN4X,CNTNAP5,NKX2-2,KCNH1
,,,,,,,,,,,,,,,,NPR2,,,,ARF3,ATP1A3,RORB,,KDM6B,FBXW7,HDAC4,CSNK2B,,,,CACNB2,KCNJ15,NR4A2,CDH8,CELF4,CUX1,ANO3,AUTS2,,,,,,,,,,,,,,CAMK2D,NR3C2,COL28A1,NMT1,KDM3B
,,,,,,,,,,,,,,,,NPR3,,,,ARFGEF1,ATP5F1A,SATB2,,KIAA0100,FGF12,HECTD4,CTBP1,,,,CACNG2,KCNK7,NRXN1,CDH9,CELSR3,CUX2,ANO4,B3GALNT2,,,,,,,,,,,,,,CAMK4,NR4A2,CPEB4,NPAS3,KIF1A
,,,,,,,,,,,,,,,,NRK,,,,ARFGEF2,ATP5F1D,SCN1A,,KIDINS220,FGFR1,HECW2,CTCF,,,,CADM1,KCNMA1,NRXN2,CDK16,CEP85L,CYFIP2,ANO5,B3GLCT,,,,,,,,,,,,,,CAMTA2,NRXN1,CPT2,NPFFR2,KIF5C
,,,,,,,,,,,,,,,,PAM,,,,ARG1,ATP6V0A1,SCN2A,,KIF11,FGFR2,HIST1H1E,CTNNA2,,,,CADM2,KCNS3,NRXN3,CDKL5,CERS1,D2HGDH,ANTXR1,B4GALNT1,,,,,,,,,,,,,,CAPN12,NRXN2,CPZ,NPTN,KMT2A
,,,,,,,,,,,,,,,,PAPPA,,,,ARHGAP31,ATP6V0C,SETD5,,KIF1A,FGFR3,HIST1H2AC,CTNNB1,,,,CADPS,KDM1B,NSD1,CECR2,CHD2,DBT,AP1B1,B4GALT7,,,,,,,,,,,,,,CAPRIN1,NRXN3,CSMD1,NUCLEOLIN,KMT2C
,,,,,,,,,,,,,,,,PAPPA2,,,,ARHGAP35,ATP6V1A,SHANK2,,KIF5C,FOSL2,HIST1H2AE,CTNND1,,,,CADPS2,KDM4C,NUP155,CELF2,CHD4,DCX,AP1G1,B9D1,,,,,,,,,,,,,,CAPZA2,NSD1,CSNK1E,NXF1,KMT2E
,,,,,,,,,,,,,,,,PCGF5,,,,ARHGEF6,ATP6V1B1,SHANK3,,KMT2A,FOXG1,HIST1H4J,CTR9,,,,CAMK2A,KIAA0232,PACS1,CELF4,CHD5,DDC,AP1S1,B9D2,,,,,,,,,,,,,,CARD11,NUP155,CTNNA3,OTULIN,KPTN
,,,,,,,,,,,,,,,,PCNA,,,,ARHGEF9,ATP6V1B2,SIN3A,,KMT2B,FOXP1,HIVEP2,CUL3,,,,CAMK2B,KIAA1586,PAH,CELF6,CHKA,DDX3X,AP1S2,BAP1,,,,,,,,,,,,,,CASK,PACS1,CTNND1,PABPC1,LNPK
,,,,,,,,,,,,,,,,PDE3B,,,,ARID1A,ATP6V1E1,SKI,,KMT2C,FOXP2,HK1,CUX2,,,,CAMK2D,KIF13B,PAX5,CEP135,CHMP3,DEAF1,AP2M1,BAZ2B,,,,,,,,,,,,,,CASKIN1,PAH,CTNND2,PC,MACF1
,,,,,,,,,,,,,,,,PDE5A,,,,ARID1B,ATP7A,SLC6A1,,KMT2D,FUS,HNRNPD,CYFIP2,,,,CAMK4,KIRREL3,PCCB,CEP290,CHRM1,DEGS1,AP2S1,BBS1,,,,,,,,,,,,,,CASZ1,PAX5,CTTNBP2,PDE3B,MAGEL2
,,,,,,,,,,,,,,,,PHC3,,,,ARID2,ATP8B1,SLC6A2,,KMT2E,G3BP2,HNRNPK,CYLD,,,,CAMTA2,KLF16,PCDH19,CEP41,CHRNA2,DENND5A,AP3B1,BBS10,,,,,,,,,,,,,,CAT,PCCB,CUL7,PDHA1,MAPK8IP3
,,,,,,,,,,,,,,,,PIEZO1,,,,ARL14EP,ATR,SLC9A3,,KRAS,GABBR1,HNRNPU,DAZAP1,,,,CAPN12,KRR1,PHF12,CGNL1,CHRNA4,DEPDC5,AP3B2,BBS12,,,,,,,,,,,,,,CBX1,PCDH19,CUX1,PEBP4,MBD5
,,,,,,,,,,,,,,,,PITX1,,,,ARL3,ATRX,SMARCA2,,LZTR1,GABBR2,HRAS,DCAF7,,,,CAPRIN1,KRT26,PHF2,CHAMP1,CHRNB2,DHDDS,AP4B1,BBS2,,,,,,,,,,,,,,CBX4,PHF12,CUX2,PHF14,MBOAT7
,,,,,,,,,,,,,,,,PKD1,,,,ARL6,AUH,SMARCC2,,MAGEL2,GABRA1,IRF2BPL,DCTN2,,,,CAPZA2,LDB1,PHF21A,CHD1,CIC,DHPS,AP4E1,BBS4,,,,,,,,,,,,,,CC2D1A,PHF2,CX3CR1,PHLPP1,MECP2
,,,,,,,,,,,,,,,,PLOD1,,,,ARMC9,AUTS2,SPAST,,MAP2K1,GABRB2,ITPR1,DDB1,,,,CARD11,LEMD3,PHF3,CHD2,CLCN2,DHX30,AP4M1,BBS5,,,,,,,,,,,,,,CCDC88C,PHF21A,CYFIP1,PIK3CA,MED12L
,,,,,,,,,,,,,,,,PLOD2,,,,ARNT2,B3GALT6,SPEN,,MAP3K7,GABRB3,KANSL1,DDX23,,,,CASK,LEP,PHIP,CHD3,CLCN3,DIAPH1,AP4S1,BBS7,,,,,,,,,,,,,,CCDC91,PHF3,CYLC2,PJA1,MED13
,,,,,,,,,,,,,,,,PLPP1,,,,ARPC4,B4GALT1,SRPR,,MARK2,GABRG2,KAT6A,DDX6,,,,CASKIN1,LILRB2,POGZ,CHD7,CLCN4,DLL1,AP5Z1,BBS9,,,,,,,,,,,,,,CCIN,PHIP,CYP11B1,PKD1,MED13L
,,,,,,,,,,,,,,,,PLVAP,,,,ARSA,B4GALT7,STXBP1,,MBD5,GATA3,KAT6B,DEAF1,,,,CASZ1,LRP1,POMGNT1,CHD8,CLCN6,DMXL2,APC2,BCAP31,,,,,,,,,,,,,,CCNG1,POGZ,DAGLA,PLAA,MEF2C
,,,,,,,,,,,,,,,,POR,,,,ARSB,B9D1,SUV420H1,,MED13L,GATAD2B,KBTBD7,DEDD,,,,CAT,LRRC4C,PPP1R9B,CHMP1A,CLDN5,DNAJC6,APOPT1,BCAS3,,,,,,,,,,,,,,CCSER1,POMGNT1,DAPP1,PLEKHA8,MEIS2
,,,,,,,,,,,,,,,,PREPL,,,,ARSL,BBS1,SYK,,MEF2C,GFAP,KCNA2,DHDDS,,,,CBX1,MAGEC3,PPP2R5D,CHRM3,CLN3,DNM1,APTX,BCKDHA,,,,,,,,,,,,,,CCT4,PPP1R9B,DCC,PLPPR4,MSL3
,,,,,,,,,,,,,,,,PRKG2,,,,ARX,BBS10,SYNCRIP,,MEIS2,GIGYF1,KCNB1,DHX30,,,,CBX4,MAP1A,PPP5C,CHRNA7,CLN5,DNM1L,AQP7,BCKDHB,,,,,,,,,,,,,,CD276,PPP2R5D,DDC,POLR2A,MSX2
,,,,,,,,,,,,,,,,PTCH1,,,,ASAH1,BBS12,SYNGAP1,,MFN2,GLI3,KCND3,DIP2A,,,,CC2D1A,MAPT-AS1,PRMT9,CHRNB3,CLN6,DOCK7,AR,BCKDK,,,,,,,,,,,,,,CD38,PPP5C,DDHD2,POLR3A,MTOR
,,,,,,,,,,,,,,,,PTH1R,,,,ASCC1,BBS2,SYT1,,MIB1,GLTSCR1,KCNH1,DIP2C,,,,CCDC88C,MBD1,PRR12,CIB2,CLN8,DOLK,ARCN1,BCL11A,,,,,,,,,,,,,,CD99L2,PRMT9,DDX53,PPFIA3,MTSS2
,,,,,,,,,,,,,,,,PTPN11,,,,ASCC3,BBS4,TAF4,,MN1,GLYR1,KCNMA1,DLG4,,,,CCDC91,MBD3,PRR14L,CIC,CLPB,DPAGT1,ARF1,BCL11B,,,,,,,,,,,,,,CDC42BPA,PRR12,DENR,PPP2R1A,NAA10
,,,,,,,,,,,,,,,,PTPN9,,,,ASCL1,BBS5,TAOK1,,MSI1,GNAI1,KCNQ2,DLK2,,,,CCIN,MBD4,PSMD11,CLASP1,CLTC,DPH5,ARF3,BCOR,,,,,,,,,,,,,,CDC42BPB,PRR14L,DIP2C,PPP2R5C,NAA15
,,,,,,,,,,,,,,,,PTPRJ,,,,ASH1L,BBS7,TBL1XR1,,MSL2,GNAO1,KCNQ3,DLL1,,,,CCNG1,MBD6,PSMD12,CLCN4,CNKSR2,DPM1,ARFGEF1,BCS1L,,,,,,,,,,,,,,CDH10,PSMD11,DIPK2A,PPP3CA,NACC1
,,,,,,,,,,,,,,,,RFC1,,,,ASL,BBS9,TBR1,,MTOR,GNAS,KCNT1,DMPK,,,,CCNK,MCM4,PSMD6,CLN8,CNNM2,DPYD,ARFGEF2,BICRA,,,,,,,,,,,,,,CDH11,PSMD12,DISC1,PRPF19,NBEA
,,,,,,,,,,,,,,,,RNF187,,,,ASNS,BCAS3,TCF20,,MYCN,GNB1,KCNT2,DNM1,,,,CCSER1,MCPH1,PTCHD1,CLTCL1,CNOT9,DROSHA,ARG1,BLM,,,,,,,,,,,,,,CDH13,PSMD6,DIXDC1,PRPF8,NF1
,,,,,,,,,,,,,,,,RPL5,,,,ASPA,BCKDHA,TCF4,,MYRF,GNB2,KDM3B,DNM1L,,,,CCT4,METTL26,PTEN,CMIP,CNPY3,DTYMK,ARHGAP31,BLOC1S1,,,,,,,,,,,,,,CDH2,PTCHD1,DLG1,PRR25,NFIB
,,,,,,,,,,,,,,,,RTL1,,,,ASPH,BCKDHB,TCF7L2,,MYT1L,GRIA2,KDM5B,DNMT3A,,,,CD276,MFRP,PTK7,CMPK2,CNTN2,DYNC1H1,ARHGAP35,BMP4,,,,,,,,,,,,,,CDH22,PTEN,DLG2,PSMC5,NFIX
,,,,,,,,,,,,,,,,SAMD4A,,,,ASPM,BCL11A,TLE3,,NAA15,GRIN1,KDM6B,DOPEY1,,,,CD38,MIB1,PTPN11,CNGB3,CNTNAP2,DYRK1A,ARHGAP36,BOLA3,,,,,,,,,,,,,,CDH8,PTK7,DLG3,PTCH1,NIPBL
,,,,,,,,,,,,,,,,SAMHD1,,,,ASS1,BCL11B,TLE4,,NACC1,GRIN2A,KIAA0100,DOT1L,,,,CD99L2,MKX,RAI1,CNKSR2,COG3,EARS2,ARHGAP6,BORCS8,,,,,,,,,,,,,,CDH9,PTPN11,DLGAP1,PTDSS1,NOVA2
,,,,,,,,,,,,,,,,SCMH1,,,,ASXL1,BCOR,TLK2,,NALCN,GRIN2B,KIDINS220,DPF2,,,,CDC42BPB,MLANA,RALGAPB,CNOT1,COG4,EEF1A2,ARHGEF2,BPTF,,,,,,,,,,,,,,CDK16,RAI1,DLGAP2,PTPRS,NR2F1
,,,,,,,,,,,,,,,,SCUBE3,,,,ASXL2,BCS1L,TNPO3,,NF1,GSK3B,KIF11,DPYSL2,,,,CDH10,MNT,RELN,CNOT3,COG6,EEFSEC,ARHGEF4,BRAF,,,,,,,,,,,,,,CDK19,RALGAPB,DLGAP3,PUF60,NR3C2
,,,,,,,,,,,,,,,,SERPINH1,,,,ASXL3,BFSP2,TRAF2,,NFIA,H3F3A,KIF1A,DPYSL5,,,,CDH11,MSANTD2,RERE,CNR1,COG7,EFTUD2,ARHGEF40,BRAT1,,,,,,,,,,,,,,CDK5RAP2,RELN,DLL1,RAB11FIP4,NSD1
,,,,,,,,,,,,,,,,SHANK1,,,,ATAD3A,BGN,TRIP12,,NFIX,HDAC2,KIF2A,DRD2,,,,CDH13,MSR1,RFX3,CNTN3,COG8,EHMT1,ARHGEF6,BRD4,,,,,,,,,,,,,,CDKL5,RERE,DLX2,RALGAPA1,NSD2
,,,,,,,,,,,,,,,,SHOX,,,,ATG4D,BHLHA9,TSC1,,NLGN2,HDAC4,KIF5C,DSCAM,,,,CDH2,MYH10,RIMS1,CNTN4,COL18A1,EIF2B1,ARHGEF9,BRF1,,,,,,,,,,,,,,CDON,RFX3,DLX3,RANBP9,NTNG1
,,,,,,,,,,,,,,,,SIX6,,,,ATG7,BICD2,UBR1,,NOTCH1,HECTD4,KLF7,DUS1L,,,,CDH22,MYH4,RNU2-2,CNTN5,COL4A1,EIF2B2,ARID1A,BRPF1,,,,,,,,,,,,,,CECR2,RIMS1,DLX6,RAP1A,NTNG2
,,,,,,,,,,,,,,,,SLC13A1,,,,ATIC,BICRA,UBR5,,NR4A2,HECW2,KLHL20,DUSP16,,,,CDH8,MYH9,RNU4-2,CNTN6,COL4A2,EIF2B3,ARID1B,BRSK2,,,,,,,,,,,,,,CELF2,RNU2-2,DMWD,RAPGEF2,NTRK2
,,,,,,,,,,,,,,,,SLC22A5,,,,ATL1,BIN1,USP49,,NSD1,HIST1H1E,KMT2A,DYNC1H1,,,,CDH9,MYO1E,RNU5B-1,CNTNAP2,COL4A3BP,EIF2B4,ARID2,BRWD3,,,,,,,,,,,,,,CELF4,RNU4-2,DMXL2,RFX4,OCRL
,,,,,,,,,,,,,,,,SLC27A3,,,,ATM,BLM,VEZF1,,ODC1,HIST1H2AC,KMT2B,DYRK1A,,,,CDK13,MYO5C,RORB,CNTNAP3,COLGALT1,EIF2B5,ARIH1,BSCL2,,,,,,,,,,,,,,CELF6,RNU5B-1,DNAH10,RFX7,PABPC1
,,,,,,,,,,,,,,,,SMG7,,,,ATN1,BLOC1S6,WAC,,OTX2,HIST1H2AE,KMT2C,EBF3,,,,CDK16,NAV3,RUNX1T1,CNTNAP4,COQ2,EIF2S3,ARL13B,BTD,,,,,,,,,,,,,,CEP135,RORB,DNAH17,RICTOR,PACS1
,,,,,,,,,,,,,,,,SMOC1,,,,ATOH7,BMP4,XPO1,,PACS1,HIST1H4J,KMT2D,EEF1A2,,,,CDK19,NCKAP5,SATB1,CNTNAP5,COQ4,EIF3F,ARL14EP,BUB1,,,,,,,,,,,,,,CEP290,RUNX1T1,DNAH3,RIMS2,PACS2
,,,,,,,,,,,,,,,,SMOX,,,,ATP13A2,BMPER,YWHAG,,PACS2,HIVEP2,KMT2E,EFTUD2,,,,CDK5RAP2,NCOA1,SATB2,COL28A1,COQ5,EIF4A2,ARL6,BUB1B,,,,,,,,,,,,,,CEP41,SATB1,DNER,RPH3A,PAK1
,,,,,,,,,,,,,,,,SMURF2,,,,ATP1A1,BMPR1B,ZBTB20,,PAFAH1B1,HK1,KRAS,EHMT1,,,,CDK8,NEO1,SCN1A,CORO1A,COQ6,ELFN1,ARMC4,C12ORF4,,,,,,,,,,,,,,CERT1,SATB2,DOCK1,RSF1,PAX6
,,,,,,,,,,,,,,,,SNED1,,,,ATP1A2,BNC2,ZMYM2,,PBX1,HNRNPD,LONP1,EIF3B,,,,CDKL5,NF1,SCN2A,CPEB4,COQ9,EMC10,ARMC9,C12ORF57,,,,,,,,,,,,,,CGNL1,SCN1A,DOCK4,SCGN,PCCA
,,,,,,,,,,,,,,,,SPSB3,,,,ATP1A3,BOLA3,ZMYND11,,PCBP2,HNRNPK,LZTR1,EIF3G,,,,CDON,NINL,SCN8A,CPSF7,COX10,EML1,ARSA,C12ORF65,,,,,,,,,,,,,,CHAMP1,SCN2A,DOCK8,SCN3A,PCCB
,,,,,,,,,,,,,,,,SREK1,,,,ATP2B1,BRAF,ZMYND8,,PDE4D,HNRNPU,MAGEL2,EIF4A2,,,,CECR2,NIPA1,SETBP1,CPT2,COX11,ENTPD1,ARSB,C12ORF66,,,,,,,,,,,,,,CHD1,SCN8A,DOT1L,SENP1,PCDH19
,,,,,,,,,,,,,,,,STC2,,,,ATP5F1A,BRAT1,ZNF292,,PHF12,HRAS,MAP2K1,EIF5A,,,,CELF2,NIPA2,SETD1A,CPZ,COX15,EPB41L3,ARSE,C2CD3,,,,,,,,,,,,,,CHD2,SETBP1,DPP10,SENP6,PDZD8
,,,,,,,,,,,,,,,,TET1,,,,ATP5F1D,BRCA1,ZNF462,,PHF21A,INF2,MAP3K7,ELAVL3,,,,CELF4,NPAS2,SETD2,CREBBP,CPA6,EPG5,ARSF,C2ORF69,,,,,,,,,,,,,,CHD3,SETD1A,DPP3,SH3RF1,PHF21A
,,,,,,,,,,,,,,,,TGFB3,,,,ATP6AP2,BRCA2,,,PHIP,INHBA,MAPK8IP3,ELAVL4,,,,CELF6,NR1D1,SETD5,CSDE1,CPLX1,EPM2A,ARV1,C5ORF42,,,,,,,,,,,,,,CHD4,SETD2,DPP4,SLC1A2,PHF8
,,,,,,,,,,,,,,,,THBS3,,,,ATP6V0A1,BRD4,,,PIK3CA,IRF2BPL,MARK2,EML6,,,,CEP135,NTRK1,SF1,CSMD1,CPSF3,ESAM,ARX,CA2,,,,,,,,,,,,,,CHD7,SETD5,DPP6,SLC23A1,PHIP
,,,,,,,,,,,,,,,,TLK1,,,,ATP6V0C,BRF1,,,PIK3R1,ITPR1,MBD5,EP300,,,,CEP290,NTRK3,SHANK2,CSNK1E,CREBBP,ETHE1,ASAH1,CA8,,,,,,,,,,,,,,CHD8,SF1,DPYD,SLC9A1,PIK3R2
,,,,,,,,,,,,,,,,TRIM68,,,,ATP6V1A,BRIP1,,,PIK3R2,JAG1,MED13,ERF,,,,CEP41,NUAK1,SHANK3,CSNK2A1,CRELD1,EXOSC3,ASB12,CACNA1A,,,,,,,,,,,,,,CHD9,SHANK2,DPYSL3,SLFN5,PJA1
,,,,,,,,,,,,,,,,TRPC4AP,,,,ATP6V1B1,BRPF1,,,PIP5K1C,KANSL1,MED13L,ERLIN1,,,,CERT1,NUDCD2,SIN3A,CTCF,CRH,EXT2,ASCC3,CACNA1B,,,,,,,,,,,,,,CHM,SHANK3,DRD1,SNCAIP,POGZ
,,,,,,,,,,,,,,,,TRPM7,,,,ATP6V1B2,BRSK2,,,POGZ,KAT6A,MED23,ESRRG,,,,CGNL1,NUP133,SKI,CTNNA3,CRNKL1,FAR1,ASCL1,CACNA1C,,,,,,,,,,,,,,CHMP1A,SIN3A,DRD2,SPTAN1,POLR2A
,,,,,,,,,,,,,,,,TRPS1,,,,ATP6V1E1,BRWD3,,,POLR3B,KAT6B,MEF2C,ETF1,,,,CHAMP1,NUP155,SLC6A1,CTNNB1,CSNK1G1,FARS2,ASH1L,CACNA1D,,,,,,,,,,,,,,CHRM3,SKI,DRD3,SRSF1,POLR3A
,,,,,,,,,,,,,,,,TTN,,,,ATP7A,BTD,,,POU3F3,KAT8,MEIS2,EXT1,,,,CHD1,NXPH1,SLC9A6,CTNND1,CSNK2A1,FASTKD2,ASL,CACNA1E,,,,,,,,,,,,,,CHRNA7,SLC6A1,DST,SSR4,POMGNT1
,,,,,,,,,,,,,,,,TXLNA,,,,ATP8A2,BUB1B,,,PPM1D,KBTBD6,MFN2,EZH2,,,,CHD2,OR2T10,SMARCA1,CTNND2,CSNK2B,FBXL4,ASMT,CACNA1G,,,,,,,,,,,,,,CHRNB3,SLC9A6,DUSP15,SYBU,POU3F3
,,,,,,,,,,,,,,,,UGGT2,,,,ATP8B1,C2CD3,,,PPP1CB,KBTBD7,MIB1,FAM120A,,,,CHD3,P2RX5,SMARCA2,CTTNBP2,CSTB,FBXO11,ASMTL,CACNA1I,,,,,,,,,,,,,,CHST2,SMARCA1,DVL3,SYCE1,PPFIA3
,,,,,,,,,,,,,,,,UHRF1,,,,ATP9A,CA2,,,PPP2CA,KCNA1,MN1,FBN1,,,,CHD4,PAFAH1B2,SMARCA4,CUL3,CTNNA2,FBXO28,ASNS,CACNA2D1,,,,,,,,,,,,,,CIB2,SMARCA2,DYDC1,SYP,PPM1D
,,,,,,,,,,,,,,,,UHRF2,,,,ATR,CA5A,,,PPP2R1A,KCNA2,MORC2,FBN2,,,,CHD7,PAPOLG,SMARCC2,CUL7,CTSD,FGF12,ASPA,CAD,,,,,,,,,,,,,,CIC,SMARCA4,DYDC2,TBCB,PPP2CA
,,,,,,,,,,,,,,,,VASN,,,,ATRX,CACNA1A,,,PPP2R5D,KCNB1,MSI1,FBXO11,,,,CHD8,PAX5,SON,CUX1,CTSF,FGF13,ASPH,CAMK2A,,,,,,,,,,,,,,CLASP1,SMARCC2,ECPAS,TBX22,PPP2R5C
,,,,,,,,,,,,,,,,WDR6,,,,ATXN7L3,CACNA1B,,,PPP3CA,KCND3,MSL2,FBXO28,,,,CHD9,PBX1,SOS2,CUX2,CTU2,FGFR3,ASPM,CAMK2B,,,,,,,,,,,,,,CLCN4,SON,EFR3A,TCEAL1,PPP2R5D
,,,,,,,,,,,,,,,,WDR76,,,,AUH,CACNA1C,,,PRKAR1B,KCNH1,MTOR,FBXW7,,,,CHKB,PCM1,SOX5,CX3CR1,CUL3,FKTN,ASS1,CAMK2D,,,,,,,,,,,,,,CLIP2,SOS2,EGR3,TCF12,PPP3CA
,,,,,,,,,,,,,,,,WLS,,,,AUTS2,CACNA1D,,,PRPF8,KCNK9,MYCN,FEZF2,,,,CHM,PDCD1,SPAST,CYFIP1,CUL4B,FLNA,ASTN1,CAMK4,,,,,,,,,,,,,,CLN8,SOX5,EIF4E,TFB2M,PRKD1
,,,,,,,,,,,,,,,,XRN2,,,,AXIN1,CAD,,,PRR12,KCNMA1,MYT1L,FGF12,,,,CHMP1A,PDK2,SRCAP,CYLC2,CUX1,FLVCR1,ASXL1,CAMSAP1,,,,,,,,,,,,,,CLTC,SPAST,ELAVL2,TGM1,PRODH
,,,,,,,,,,,,,,,,XYLT1,,,,B3GALNT2,CAMK2A,,,PSMC3,KCNQ2,NAA15,FGFR1,,,,CHRM3,PER2,SRPRA,CYP11B1,CUX2,FOLR1,ASXL2,CAMTA1,,,,,,,,,,,,,,CLTCL1,SRCAP,ELOVL2,TLN2,PRPF8
,,,,,,,,,,,,,,,,ZFAT,,,,B3GALT6,CAMK2B,,,PSMC5,KCNQ3,NACC1,FGFR2,,,,CHRNA7,PHB1,STXBP1,DAGLA,CYFIP2,FOXG1,ASXL3,CAPN15,,,,,,,,,,,,,,CMIP,SRPRA,ELP2,TMEM134,PRR12
,,,,,,,,,,,,,,,,ZNF366,,,,B3GAT3,CAMK2G,,,PTCH1,KCNT1,NALCN,FGFR3,,,,CHRNB3,PHF12,SYN1,DAPP1,CYP27A1,FOXRED1,ATAD1,CAPRIN1,,,,,,,,,,,,,,CMPK2,STXBP1,ELP4,TNPO3,PSMD12
,,,,,,,,,,,,,,,,ZNF518A,,,,B4GALT1,CAMTA1,,,PTEN,KCNT2,NF1,FOSL2,,,,CHST2,PHF2,SYNGAP1,DCC,D2HGDH,FRMD5,ATAD2B,CARS,,,,,,,,,,,,,,CNGB3,SYN1,EMSY,TNS2,PTEN
,,,,,,,,,,,,,,,,ZNFX1,,,,B4GALT7,CANT1,,,PTPN11,KDM1A,NFIA,FOXG1,,,,CIB2,PHF3,TANC2,DDC,DALRD3,FRRS1L,ATAD3A,CASK,,,,,,,,,,,,,,CNKSR2,SYNGAP1,EN2,TRAP1,PTPN11
,,,,,,,,,,,,,,,,,,,,B9D1,CAPN15,,,PUF60,KDM3B,NFIB,FOXP1,,,,CIC,PHF7,TAOK1,DDHD2,DBT,FUCA1,ATCAY,CASP2,,,,,,,,,,,,,,CNOT1,TANC2,EP400,TRAPPC2L,PTPN4
,,,,,,,,,,,,,,,,,,,,BANF1,CARS2,,,PURA,KDM5B,NFIX,FOXP2,,,,CLASP1,PHRF1,TBCEL,DDX3X,DCX,FUK,ATG12,CBL,,,,,,,,,,,,,,CNOT3,TAOK1,EPC2,TRIM32,PUF60
,,,,,,,,,,,,,,,,,,,,BAP1,CASK,,,QRICH1,KDM6B,NIPBL,FRMD5,,,,CLCN4,PLCD4,TBCK,DDX53,DDC,FUT8,ATG4D,CBS,,,,,,,,,,,,,,CNR1,TBCEL,EPHA1,TRIM8,RAC1
,,,,,,,,,,,,,,,,,,,,BAZ2B,CBL,,,RAB11B,KIAA0100,NLGN2,FUS,,,,CLIP2,PLN,TBL1XR1,DEAF1,DDX3X,FZR1,ATG7,CC2D1A,,,,,,,,,,,,,,CNTN3,TBCK,EPHB2,TRPC4,RAD21
,,,,,,,,,,,,,,,,,,,,BBS1,CBS,,,RAB14,KIAA1551,NOTCH1,G3BP2,,,,CLN8,PLXNB1,TBR1,DENR,DEAF1,GABBR2,ATIC,CC2D2A,,,,,,,,,,,,,,CNTN4,TBL1XR1,EPPK1,TRPC5,RAI1
,,,,,,,,,,,,,,,,,,,,BBS10,CC2D1A,,,RAC1,KIDINS220,NR4A2,GABBR1,,,,CLTC,PNPLA7,TCF20,DHCR7,DEGS1,GABRA1,ATL1,CCBE1,,,,,,,,,,,,,,CNTN5,TBR1,ERBIN,TRPM6,RALA
,,,,,,,,,,,,,,,,,,,,BBS12,CC2D2A,,,RAI1,KIF11,NRXN1,GABBR2,,,,CLTCL1,POMT1,TCF4,DIP2A,DENND5A,GABRA2,ATM,CCDC22,,,,,,,,,,,,,,CNTN6,TCF20,ERG,TRPM7,RERE
,,,,,,,,,,,,,,,,,,,,BBS2,CCBE1,,,RFX3,KIF1A,NSD1,GABRA1,,,,CMIP,PON1,TCF7L2,DIP2C,DENND5B,GABRA5,ATN1,CCDC32,,,,,,,,,,,,,,CNTNAP2,TCF4,ERMN,TSPYL2,RFX4
,,,,,,,,,,,,,,,,,,,,BBS4,CCDC22,,,RFX7,KIF2A,NTRK2,GABRB2,,,,CMPK2,POT1,TEK,DIPK2A,DEPDC5,GABRB1,ATOH1,CCDC47,,,,,,,,,,,,,,CNTNAP3,TCF7L2,ESR2,U2AF2,RFX7
,,,,,,,,,,,,,,,,,,,,BBS5,CCDC32,,,RHOBTB2,KIF5B,ODC1,GABRB3,,,,CNGB3,PPFIA1,TLE3,DISC1,DHCR24,GABRB2,ATP11A,CCDC82,,,,,,,,,,,,,,CNTNAP4,TEK,ESRRB,UGGT1,RHEB
,,,,,,,,,,,,,,,,,,,,BBS7,CCDC39,,,RIT1,KIF5C,OTX2,GABRG2,,,,CNKSR2,PPP1R9B,TLK2,DIXDC1,DHCR7,GABRB3,ATP13A2,CCDC88A,,,,,,,,,,,,,,CNTNAP5,TLE3,ETFB,UNC5D,RIMS2
,,,,,,,,,,,,,,,,,,,,BBS9,CCDC40,,,RORA,KLF7,PACS1,GAK,,,,CNOT1,PPP5C,TM9SF4,DLG1,DHDDS,GABRD,ATP1A1,CCDC88C,,,,,,,,,,,,,,COL12A1,TLK2,EXOC3,USP24,RLIM
,,,,,,,,,,,,,,,,,,,,BCAP31,CCDC8,,,RORB,KLHL20,PACS2,GAPVD1,,,,CNOT3,PREX1,TRAF7,DLG2,DHPS,GABRG2,ATP1A2,CCND2,,,,,,,,,,,,,,COL28A1,TM9SF4,EXOC5,USP27X,RNF135
,,,,,,,,,,,,,,,,,,,,BCAS3,CCND2,,,RYR2,KMT2A,PAFAH1B1,GATA3,,,,CNR1,PRKD2,TRIM23,DLG4,DHRSX,GAD1,ATP1A3,CCT6A,,,,,,,,,,,,,,CORO1A,TRAF7,EXOC6,USP30,RNU2-2
,,,,,,,,,,,,,,,,,,,,BCKDHA,CCNO,,,SATB1,KMT2B,PAX5,GATAD2B,,,,CNTN3,PRPF39,TRIO,DLGAP1,DHX16,GALC,ATP2A2,CDC42,,,,,,,,,,,,,,CPEB4,TRIM23,EXOC6B,VCP,RNU4-2
,,,,,,,,,,,,,,,,,,,,BCKDHB,CCNQ,,,SATB2,KMT2C,PBX1,GFAP,,,,CNTN4,PRR14L,TRIP12,DLGAP2,DHX30,GALNT2,ATP2B1,CDC6,,,,,,,,,,,,,,CPSF7,TRIO,EXT1,VPS54,RNU5B-1
,,,,,,,,,,,,,,,,,,,,BCL11A,CD151,,,SCN1A,KMT2D,PCBP2,GGNBP2,,,,CNTN5,PTK7,TRRAP,DLGAP3,DIAPH1,GAMT,ATP2B2,CDH11,,,,,,,,,,,,,,CPT2,TRIP12,FABP5,VWA7,RORA
,,,,,,,,,,,,,,,,,,,,BCL11B,CDC42,,,SCN2A,KMT2E,PDE4D,GIGYF1,,,,CNTN6,PTPRC,TSC1,DLL1,DLL1,GBA,ATP2B3,CDH2,,,,,,,,,,,,,,CPZ,TRRAP,FAM47A,WDR37,RORB
,,,,,,,,,,,,,,,,,,,,BCOR,CDC45,,,SCN8A,KRAS,PHF12,GLI3,,,,CNTNAP2,PTPRT,TSC2,DLX2,DMBX1,GCSH,ATP2C2,CDK10,,,,,,,,,,,,,,CREBBP,TSC1,FAM98C,WWP1,RPS6KA3
,,,,,,,,,,,,,,,,,,,,BCORL1,CDC6,,,SEMA6B,LASP1,PHF21A,GLTSCR1,,,,CNTNAP3,RAD21L1,TSHZ1,DLX3,DMXL2,GFAP,ATP6AP1,CDK13,,,,,,,,,,,,,,CRMP1,TSC2,FAN1,XRCC6,RSRC1
,,,,,,,,,,,,,,,,,,,,BCS1L,CDH1,,,SET,LHX2,PHIP,GLYR1,,,,CNTNAP4,RALGAPB,TSHZ3,DLX6,DNAJC5,GLB1,ATP6AP2,CDK16,,,,,,,,,,,,,,CSDE1,TSHZ1,FAT1,YWHAG,SATB1
,,,,,,,,,,,,,,,,,,,,BFSP2,CDH11,,,SETBP1,LMNB1,PHLDB1,GNAI1,,,,CNTNAP5,RANBP17,UBAP2L,DMPK,DNAJC6,GLDC,ATP6V0A1,CDK19,,,,,,,,,,,,,,CSMD1,TSHZ3,FBN1,YWHAZ,SATB2
,,,,,,,,,,,,,,,,,,,,BGN,CDH23,,,SETD1A,LONP1,PIK3CA,GNAO1,,,,COL12A1,RAPGEF4,UBE3A,DMWD,DNM1,GLRA2,ATP6V0A2,CDK5RAP2,,,,,,,,,,,,,,CSMD2,UBAP2L,FBXO11,ZBTB47,SCAF4
,,,,,,,,,,,,,,,,,,,,BHLHA9,CDK13,,,SETD1B,LZTR1,PIK3R1,GNAS,,,,COL28A1,RBM27,UBR1,DMXL2,DNM1L,GLS,ATP6V0C,CDK8,,,,,,,,,,,,,,CSMD3,UBE3A,FBXO33,ZEB2,SCN1A
,,,,,,,,,,,,,,,,,,,,BICD2,CDK19,,,SETD2,MAEA,PIK3R2,GNB1,,,,CORO1A,REEP3,UPF3B,DNAH10,DOCK7,GLUD1,ATP6V1A,CDK9,,,,,,,,,,,,,,CSNK1E,UBR1,FBXO40,ZFHX3,SETD1A
,,,,,,,,,,,,,,,,,,,,BICRA,CDK5RAP2,,,SETD5,MAGEL2,PIP5K1C,GNB2,,,,CPEB4,RGS7,USP9X,DNAH17,DOLK,GLUL,ATP6V1B1,CDKL5,,,,,,,,,,,,,,CSNK1G1,UPF3B,FCRL6,ZFHX4,SETD1B
,,,,,,,,,,,,,,,,,,,,BIN1,CDK8,,,SHANK3,MAP2K1,PLXNA1,GOLGA4,,,,CPSF7,RIMS3,VEZF1,DNAH3,DPAGT1,GM2A,ATP6V1B2,CDON,,,,,,,,,,,,,,CSNK2A1,USP9X,FEZF2,ZFX,SETD5
,,,,,,,,,,,,,,,,,,,,BLM,CDKN1C,,,SHOC2,MAP3K7,POGZ,GPR4,,,,CPT2,RIT2,VPS13B,DNER,DPH5,GNAO1,ATP7A,CELF2,,,,,,,,,,,,,,CTCF,VEZF1,FGA,ZFYVE9,SGSH
,,,,,,,,,,,,,,,,,,,,BLOC1S6,CDON,,,SIN3A,MAP4K4,POLR3B,GRIA2,,,,CPZ,RNF25,WAC,DNMT3A,DPM1,GNAQ,ATP7B,CENPF,,,,,,,,,,,,,,CTNNA3,VPS13B,FGFR1,ZNF532,SHANK3
,,,,,,,,,,,,,,,,,,,,BLTP1,CDT1,,,SKI,MAPK8IP3,POU3F3,GRIK2,,,,CREBBP,RNF38,WDFY3,DOCK1,DPM2,GNB1,ATP8A2,CENPJ,,,,,,,,,,,,,,CTNNB1,WAC,FHIT,ZNF536,SIK1
,,,,,,,,,,,,,,,,,,,,BMP2,CELF2,,,SLC2A1,MARK2,PPM1D,GRIN1,,,,CRMP1,RP11-1407O15.2,YY1,DOCK4,DPYD,GNB5,ATP8B1,CEP104,,,,,,,,,,,,,,CTNND1,WDFY3,FRG1,ZNF644,SIN3A
,,,,,,,,,,,,,,,,,,,,BMP4,CENPF,,,SLC6A1,MAX,PPP1CB,GRIN2A,,,,CSDE1,SACS,ZBTB20,DOCK8,DROSHA,GOSR2,ATP9A,CEP120,,,,,,,,,,,,,,CTNND2,YY1,FRK,,SIN3B
,,,,,,,,,,,,,,,,,,,,BMPER,CEP104,,,SMAD4,MBD5,PPP2CA,GRIN2B,,,,CSMD1,SAE1,ZBTB21,DOT1L,DTYMK,GOT2,ATR,CEP135,,,,,,,,,,,,,,CTPS1,ZBTB20,G3BP2,,SLC45A1
,,,,,,,,,,,,,,,,,,,,BMPR1B,CEP135,,,SMAD6,MED13,PPP2R1A,GRN,,,,CSMD2,SAMD11,ZMYND8,DPP10,DYNC1H1,GPAA1,ATRX,CEP152,,,,,,,,,,,,,,CTR9,ZBTB21,GABBR2,,SLC6A1
,,,,,,,,,,,,,,,,,,,,BNC2,CEP152,,,SMARCA2,MED13L,PPP2R5D,GSK3B,,,,CSMD3,SASH1,ZNF292,DPP3,DYRK1A,GPHN,ATXN1,CEP290,,,,,,,,,,,,,,CTTNBP2,ZMYND8,GABRA4,,SLC9A1
,,,,,,,,,,,,,,,,,,,,BOLA3,CEP290,,,SMARCA4,MEF2C,PPP3CA,H3F3A,,,,CSNK1E,SBF1,ZNF462,DPP4,EARS2,GRIA2,ATXN10,CEP41,,,,,,,,,,,,,,CUL2,ZNF292,GABRG3,,SLC9A6
,,,,,,,,,,,,,,,,,,,,BORCS8,CEP41,,,SMARCB1,MEIS2,PRKAR1B,HCN1,,,,CSNK1G1,SCAF1,ZNF865,DPP6,EEF1A2,GRIA4,ATXN2,CEP55,,,,,,,,,,,,,,CUL3,ZNF462,GALNT10,,SLITRK2
,,,,,,,,,,,,,,,,,,,,BPNT2,CEP57,,,SMC3,MFN2,PRPF8,HDAC2,,,,CSNK2A1,SCFD2,,DPYD,EEFSEC,GRIK2,ATXN2L,CEP57,,,,,,,,,,,,,,CUL4B,ZNF865,GALNT13,,SMARCA2
,,,,,,,,,,,,,,,,,,,,BPTF,CEP63,,,SNAP25,MIB1,PRR12,HDAC4,,,,CSNK2B,SCN4A,,DPYSL2,EFHC1,GRIN1,ATXN3,CEP83,,,,,,,,,,,,,,CUL7,,GALNT14,,SMARCC2
,,,,,,,,,,,,,,,,,,,,BRAF,CEP83,,,SON,MIP,PSMC3,HDLBP,,,,CTCF,SCN9A,,DPYSL3,EFTUD2,GRIN2A,ATXN3L,CEP85L,,,,,,,,,,,,,,CUX1,,GALNT8,,SMC1A
,,,,,,,,,,,,,,,,,,,,BRAT1,CEP85L,,,SOS1,MN1,PSMC5,HECTD1,,,,CTNNA2,SCP2,,DRD1,EHMT1,GRIN2B,ATXN7,CHAMP1,,,,,,,,,,,,,,CUX2,,GAS2,,SMC3
,,,,,,,,,,,,,,,,,,,,BRCA1,CERT1,,,SOX10,MORC2,PTCH1,HECTD4,,,,CTNNA3,SF3B1,,DRD2,EIF2A,GRIN2D,ATXN7L3,CHD2,,,,,,,,,,,,,,CX3CR1,,GBE1,,SNX14
,,,,,,,,,,,,,,,,,,,,BRCA2,CFAP298,,,SOX11,MSI1,PTEN,HECW2,,,,CTNNB1,SLC22A9,,DRD3,EIF2AK2,GRM7,AUH,CHD3,,,,,,,,,,,,,,CXXC5,,GDA,,SON
,,,,,,,,,,,,,,,,,,,,BRD4,CFAP300,,,SOX2,MSL2,PTPN11,HIC2,,,,CTNND1,SLC24A2,,DSCAM,EIF2B1,GRN,AUTS2,CHD4,,,,,,,,,,,,,,CYFIP1,,GGNBP2,,SOX5
,,,,,,,,,,,,,,,,,,,,BRF1,CFAP410,,,SOX5,MTOR,PTPRD,HIST1H1E,,,,CTNND2,SLC25A12,,DST,EIF2B2,GTF3C3,AVP,CHD5,,,,,,,,,,,,,,CYFIP2,,GLIS1,,SOX6
,,,,,,,,,,,,,,,,,,,,BRIP1,CFAP418,,,SPAST,MYCN,PUF60,HIST1H2AC,,,,CTPS1,SLC25A27,,DUSP15,EIF2B3,GTPBP2,AVPR2,CHD7,,,,,,,,,,,,,,CYLC2,,GLO1,,SPTBN1
,,,,,,,,,,,,,,,,,,,,BRPF1,CFC1,,,SPEN,MYH3,PURA,HIST1H2AE,,,,CTR9,SLC25A39,,DVL3,EIF2B4,H3F3A,AWAT2,CHD8,,,,,,,,,,,,,,CYP11B1,,GLRA2,,SRRM2
,,,,,,,,,,,,,,,,,,,,BRSK2,CFL2,,,SPOP,MYRF,QRICH1,HIST1H4J,,,,CTTNBP2,SLC29A4,,DYDC1,EIF2B5,H3F3B,B3GALNT2,CHKA,,,,,,,,,,,,,,DAGLA,,GNAS,,SRSF1
,,,,,,,,,,,,,,,,,,,,BRWD3,CHAMP1,,,SPTAN1,MYT1L,RAB11B,HIVEP2,,,,CUL2,SLC35B1,,DYDC2,EIF2S3,HACE1,B3GALT6,CHKB,,,,,,,,,,,,,,DAPP1,,GNB1L,,STAG1
,,,,,,,,,,,,,,,,,,,,BSN,CHD1,,,SPTBN1,NAA15,RAB14,HK1,,,,CUL3,SLC35G1,,DYNC1H1,EIF3F,HAX1,B3GLCT,CHMP1A,,,,,,,,,,,,,,DCC,,GPC4,,STXBP1
,,,,,,,,,,,,,,,,,,,,BSND,CHD2,,,SRCAP,NACC1,RAC1,HNF4A,,,,CUL4B,SLC4A10,,DYRK1A,EIF4A2,HCFC1,B4GALNT1,CIAO1,,,,,,,,,,,,,,DDC,,GPC6,,SUPT16H
,,,,,,,,,,,,,,,,,,,,BTD,CHD3,,,SRRM2,NALCN,RAI1,HNRNPA2B1,,,,CUL7,SLC6A4,,EBF3,ELAVL2,HCN1,B4GALT1,CIC,,,,,,,,,,,,,,DDHD2,,GPD2,,SYNGAP1
,,,,,,,,,,,,,,,,,,,,BUB1,CHD4,,,SRSF1,NARS,RALA,HNRNPD,,,,CUX1,SLC7A7,,ECPAS,ELFN1,HCN2,B4GALT7,CIT,,,,,,,,,,,,,,DDX3X,,GPHN,,SYT1
,,,,,,,,,,,,,,,,,,,,BUB1B,CHD7,,,STAG1,NCL,RFX3,HNRNPK,,,,CUX2,SMURF1,,EFR3A,EMC10,HECTD4,B9D1,CKAP2L,,,,,,,,,,,,,,DDX53,,GPR37,,TAF1
,,,,,,,,,,,,,,,,,,,,C12ORF57,CHD8,,,STXBP1,NEDD8,RFX7,HNRNPU,,,,CX3CR1,SNTG2,,EGR3,EML1,HECW2,B9D2,CLCN3,,,,,,,,,,,,,,DEAF1,,GPR85,,TAF4
,,,,,,,,,,,,,,,,,,,,C1QBP,CHM,,,SUV420H1,NF1,RHOBTB2,HNRNPUL2,,,,CXXC5,SNX5,,EHMT1,EMX2,HEPACAM,BAIAP2,CLCN4,,,,,,,,,,,,,,DENND2B,,GPX1,,TANC2
,,,,,,,,,,,,,,,,,,,,C2CD3,CHMP1A,,,SYNCRIP,NFIA,RIT1,HRAS,,,,CYFIP1,SPP2,,EIF3G,ENTPD1,HERC2,BAP1,CLCN6,,,,,,,,,,,,,,DENR,,GRIA1,,TAOK1
,,,,,,,,,,,,,,,,,,,,CA2,CHRDL1,,,SYNGAP1,NFIB,RORA,HSP90AB1,,,,CYFIP2,SRGAP3,,EIF4E,EPB41L3,HEXA,BAZ2B,CLDN11,,,,,,,,,,,,,,DGKI,,GRID1,,TBC1D23
,,,,,,,,,,,,,,,,,,,,CA5A,CHRNA1,,,SYT1,NFIX,RORB,INF2,,,,CYLC2,SRPRA,,ELAVL2,EPG5,HEXB,BBS1,CLDN5,,,,,,,,,,,,,,DHCR7,,GRID2,,TBCK
,,,,,,,,,,,,,,,,,,,,CA8,CHRNA2,,,TAB2,NIPBL,RYR2,INHBA,,,,CYP11B1,SRSF11,,ELAVL3,EPM2A,HID1,BBS10,CLEC16A,,,,,,,,,,,,,,DHX9,,GRID2IP,,TBX1
,,,,,,,,,,,,,,,,,,,,CACNA1A,CHRNA3,,,TAOK1,NKX2-1,SATB1,INO80D,,,,CYP27A1,SSRP1,,ELOVL2,ESAM,HMGCL,BBS12,CLN3,,,,,,,,,,,,,,DIP2A,,GRIK2,,TCEAL1
,,,,,,,,,,,,,,,,,,,,CACNA1B,CHRNA4,,,TBL1XR1,NLGN2,SATB2,INTS3,,,,DAGLA,ST7,,ELP2,ETHE1,HNRNPH2,BBS2,CLN5,,,,,,,,,,,,,,DIP2C,,GRIK3,,TCF20
,,,,,,,,,,,,,,,,,,,,CACNA1C,CHRNB1,,,TBR1,NOTCH1,SCN1A,IRF2BPL,,,,DAPP1,STXBP5,,ELP4,EXOC7,HNRNPR,BBS4,CLN6,,,,,,,,,,,,,,DIPK2A,,GRIK4,,TCF4
,,,,,,,,,,,,,,,,,,,,CACNA1D,CHRNB2,,,TCF12,NOTCH2,SCN2A,ITPR1,,,,DCC,SYAP1,,EMSY,EXOSC3,HNRNPU,BBS5,CLN8,,,,,,,,,,,,,,DISC1,,GRIK5,,TET3
,,,,,,,,,,,,,,,,,,,,CACNA1E,CHST3,,,TCF20,NR4A2,SCN8A,ITPR3,,,,DDC,SYNJ1,,EN2,EXT2,HPDL,BBS7,CLP1,,,,,,,,,,,,,,DIXDC1,,GRIP1,,TFE3
,,,,,,,,,,,,,,,,,,,,CACNA1G,CHSY1,,,TCF3,NSD1,SEMA6B,ITSN1,,,,DDHD2,TBCEL,,EP300,FAM50A,HRAS,BBS9,CLPB,,,,,,,,,,,,,,DLG1,,GRK4,,TLK2
,,,,,,,,,,,,,,,,,,,,CACNA1H,CHUK,,,TCF4,NTRK2,SET,JAG1,,,,DDX23,TBL1X,,EP400,FAR1,HSD17B10,BCAP31,CLTC,,,,,,,,,,,,,,DLG2,,GRM5,,TM4SF20
,,,,,,,,,,,,,,,,,,,,CACNA2D1,CIB2,,,TCF7L2,ODC1,SETBP1,KANSL1,,,,DDX3X,TBR1,,EPC2,FARS2,HSD17B4,BCAS3,CNKSR2,,,,,,,,,,,,,,DLG3,,GRM7,,TRAF7
,,,,,,,,,,,,,,,,,,,,CACNB4,CIC,,,TLK2,OTUD7A,SETD1A,KAT5,,,,DDX53,TECTA,,EPHA1,FASTKD2,HTRA2,BCKDHA,CNNM2,,,,,,,,,,,,,,DLG4,,GSE1,,TRAPPC6B
,,,,,,,,,,,,,,,,,,,,CAD,CISD2,,,TNPO3,OTX2,SETD1B,KAT6A,,,,DEAF1,TEK,,EPHB2,FBXL4,IER3IP1,BCKDHB,CNOT1,,,,,,,,,,,,,,DLGAP1,,GSTM1,,TRIM8
,,,,,,,,,,,,,,,,,,,,CAMK2A,CIT,,,TNRC6B,PACS1,SETD2,KAT6B,,,,DENND2B,TERB2,,EPPK1,FBXO11,IFIH1,BCKDK,CNOT2,,,,,,,,,,,,,,DLGAP2,,GTF2I,,TRIP12
,,,,,,,,,,,,,,,,,,,,CAMK2B,CLCN3,,,TRAF7,PACS2,SETD5,KAT8,,,,DENR,TM4SF19,,ERBIN,FBXO28,IKBKG,BCL11A,CNOT3,,,,,,,,,,,,,,DLGAP3,,GUCY1A2,,TRPM3
,,,,,,,,,,,,,,,,,,,,CAMK2D,CLCN4,,,TRIO,PAFAH1B1,SF3B2,KBTBD6,,,,DEPDC5,TM9SF4,,ERG,FDFT1,INPP4A,BCL11B,CNOT9,,,,,,,,,,,,,,DLL1,,H2BC11,,TRRAP
,,,,,,,,,,,,,,,,,,,,CAMK2G,CLCN6,,,TRIP12,PAK1,SHANK2,KBTBD7,,,,DGKI,TMEM39B,,ERMN,FGF12,IQSEC2,BCOR,CNTNAP1,,,,,,,,,,,,,,DLX2,,HDAC4,,TSC1
,,,,,,,,,,,,,,,,,,,,CAMSAP1,CLCN7,,,TRPM3,PAX2,SHANK3,KCNA1,,,,DHCR7,TNRC6C,,ESR2,FGF13,IRF2BPL,BCORL1,CNTNAP2,,,,,,,,,,,,,,DLX3,,HECW2,,TSC2
,,,,,,,,,,,,,,,,,,,,CAMTA1,CLDN19,,,TRRAP,PBX1,SHOC2,KCNA2,,,,DHX30,TRIM23,,ESRRB,FGFR3,ITPA,BCS1L,COASY,,,,,,,,,,,,,,DLX6,,HERC1,,TTI2
,,,,,,,,,,,,,,,,,,,,CANT1,CLMP,,,U2AF2,PBX3,SIN3A,KCNB1,,,,DHX9,TRPC6,,ETFB,FH,KARS,BDP1,COG1,,,,,,,,,,,,,,DMPK,,HIVEP3,,TTN
,,,,,,,,,,,,,,,,,,,,CAPN10,CLN3,,,UBE3A,PCBP2,SKI,KCNC1,,,,DIP2A,TRPM1,,EXOC3,FIG4,KAT5,BEAN1,COG4,,,,,,,,,,,,,,DMWD,,HLA-A,,UBE3A
,,,,,,,,,,,,,,,,,,,,CAPN15,CLN5,,,UBTF,PDE4D,SLC2A1,KCND3,,,,DIP2C,TSPAN17,,EXOC5,FKRP,KAT8,BFSP2,COG5,,,,,,,,,,,,,,DMXL2,,HLA-B,,UGGT1
,,,,,,,,,,,,,,,,,,,,CAPRIN1,CLN6,,,UPF1,PFN2,SLC6A1,KCNH1,,,,DIPK2A,TSPAN4,,EXOC6,FKTN,KCNA1,BGN,COG6,,,,,,,,,,,,,,DNAH10,,HLA-DPB1,,UNC13A
,,,,,,,,,,,,,,,,,,,,CARS1,CLN8,,,USP7,PHF12,SMAD4,KCNH7,,,,DISC1,TSPOAP1,,EXOC6B,FLNA,KCNA2,BHLHA9,COG7,,,,,,,,,,,,,,DNAH17,,HLA-DRB1,,UPF3B
,,,,,,,,,,,,,,,,,,,,CARS2,CLP1,,,VAMP2,PHF21A,SMAD6,KCNJ6,,,,DIXDC1,UBN2,,EXT1,FLVCR1,KCNA3,BHLHE22,COG8,,,,,,,,,,,,,,DNAH3,,HLA-G,,USP7
,,,,,,,,,,,,,,,,,,,,CASK,CLPP,,,VCP,PHIP,SMARCA2,KCNMA1,,,,DLG1,UBR1,,FABP5,FOLR1,KCNB1,BICD2,COL4A1,,,,,,,,,,,,,,DNAJC5,,HMGN1,,USP9X
,,,,,,,,,,,,,,,,,,,,CASP2,CLTC,,,VEZF1,PHLDB1,SMARCA4,KCNQ2,,,,DLG2,UBR3,,FAM47A,FOXG1,KCNC1,BICRA,COL4A2,,,,,,,,,,,,,,DNER,,HNRNPD,,VAMP2
,,,,,,,,,,,,,,,,,,,,CAV1,CNKSR2,,,WAC,PIAS2,SMARCB1,KCNQ3,,,,DLG4,UIMC1,,FAM98C,FOXRED1,KCNC2,BIN1,COL4A3BP,,,,,,,,,,,,,,DNM1,,HNRNPF,,VPS13B
,,,,,,,,,,,,,,,,,,,,CBFB,CNNM2,,,WDR26,PIK3CA,SMARCC2,KCNT1,,,,DLGAP1,USH2A,,FAN1,FRMD5,KCND2,BLM,COLEC11,,,,,,,,,,,,,,DNMT3A,,HNRNPK,,WAC
,,,,,,,,,,,,,,,,,,,,CBL,CNOT1,,,WHSC1,PIK3R1,SMARCE1,KCNT2,,,,DLGAP2,USP15,,FAT1,FRRS1L,KCND3,BLOC1S1,COPB2,,,,,,,,,,,,,,DOCK1,,HNRNPR,,WASF1
,,,,,,,,,,,,,,,,,,,,CBS,CNOT2,,,XPO1,PIK3R2,SMC3,KDM1A,,,,DLGAP3,USP45,,FBN1,FSD1L,KCNH1,BMP15,COQ4,,,,,,,,,,,,,,DOCK4,,HNRNPUL2,,WDR26
,,,,,,,,,,,,,,,,,,,,CBX1,CNOT3,,,YWHAG,PIP5K1C,SNAP25,KDM3B,,,,DLL1,VASH1,,FBXO11,FTL,KCNH5,BMP4,COQ8A,,,,,,,,,,,,,,DOCK8,,HOMER1,,WDR5
,,,,,,,,,,,,,,,,,,,,CC2D1A,CNPY3,,,YY1,PISD,SON,KDM5B,,,,DLX2,VEZF1,,FBXO33,FUCA1,KCNJ10,BMPER,COX10,,,,,,,,,,,,,,DOP1A,,HS3ST5,,XPC
,,,,,,,,,,,,,,,,,,,,CC2D2A,CNTNAP1,,,ZBTB10,POGZ,SOS1,KDM6B,,,,DLX3,VIL1,,FBXO40,FUK,KCNJ11,BMPR1B,COX11,,,,,,,,,,,,,,DOT1L,,HSD11B1,,YWHAG
,,,,,,,,,,,,,,,,,,,,CCBE1,CNTNAP2,,,ZBTB18,POLR3B,SOX10,KIAA0100,,,,DLX6,VSIG4,,FCRL6,FUT2,KCNK4,BOLA3,COX15,,,,,,,,,,,,,,DPP10,,HTR1B,,YY1
,,,,,,,,,,,,,,,,,,,,CCDC22,COA8,,,ZBTB20,POU3F3,SOX11,KIAA1109,,,,DMD,WDFY4,,FEZF2,FUT8,KCNMA1,BORCS5,CPE,,,,,,,,,,,,,,DPP3,,HTR3A,,ZBTB18
,,,,,,,,,,,,,,,,,,,,CCDC32,COASY,,,ZBTB7A,PPFIA2,SOX2,KIAA1551,,,,DMPK,WNK3,,FGA,FZR1,KCNQ2,BORCS8,CPLX1,,,,,,,,,,,,,,DPP4,,HYDIN,,ZBTB20
,,,,,,,,,,,,,,,,,,,,CCDC39,COG1,,,ZEB2,PPM1D,SOX5,KIDINS220,,,,DMWD,YWHAE,,FGFR1,GABBR2,KCNQ3,BPIFB6,CPS1,,,,,,,,,,,,,,DPP6,,ICA1,,ZBTB7A
,,,,,,,,,,,,,,,,,,,,CCDC40,COG4,,,ZFHX3,PPP1CB,SOX9,KIF11,,,,DMXL2,ZBTB21,,FHIT,GABRA1,KCNQ5,BPTF,CRADD,,,,,,,,,,,,,,DPYD,,IL1R2,,ZFHX3
,,,,,,,,,,,,,,,,,,,,CCDC47,COG5,,,ZFHX4,PPP2CA,SPAST,KIF1A,,,,DNAH10,ZC3H11A,,FMR1,GABRA2,KCNT1,BRAF,CRB2,,,,,,,,,,,,,,DPYSL2,,IL1RAPL1,,ZFHX4
,,,,,,,,,,,,,,,,,,,,CCDC78,COG7,,,ZMIZ1,PPP2R1A,SPEN,KIF1B,,,,DNAH17,ZC3H4,,FOXG1,GABRA3,KCNT2,BRAT1,CREBBP,,,,,,,,,,,,,,DPYSL3,,IL1RAPL2,,ZFX
,,,,,,,,,,,,,,,,,,,,CCDC8,COG8,,,ZMYM2,PPP2R5D,SPOP,KIF2A,,,,DNAH3,ZFYVE26,,FOXP1,GABRA5,KCTD3,BRCA1,CRELD1,,,,,,,,,,,,,,DPYSL5,,ILF2,,ZMIZ1
,,,,,,,,,,,,,,,,,,,,CCDC88A,COL11A1,,,ZMYND11,PPP3CA,SPTAN1,KIF5B,,,,DNAJC5,ZNF18,,FOXP2,GABRB1,KCTD7,BRCA2,CRNKL1,,,,,,,,,,,,,,DRD1,,IMMP2L,,ZMYM2
,,,,,,,,,,,,,,,,,,,,CCDC88C,COL11A2,,,ZNF148,PRKAR1A,SPTBN1,KIF5C,,,,DNER,ZNF517,,FRG1,GABRB2,KDM6B,BRD4,CSDE1,,,,,,,,,,,,,,DRD2,,INPP1,,ZMYM3
,,,,,,,,,,,,,,,,,,,,CCNA2,COL13A1,,,ZNF292,PRKAR1B,SRCAP,KLF7,,,,DNM1,ZNF548,,FRK,GABRB3,KIAA1109,BRF1,CSNK1G1,,,,,,,,,,,,,,DRD3,,INTS6,,ZMYND8
,,,,,,,,,,,,,,,,,,,,CCND2,COL18A1,,,,PRKCB,SRP54,KLHDC3,,,,DNMT3A,ZNF559,,G3BP2,GABRD,KIF1A,BRF2,CSNK2A1,,,,,,,,,,,,,,DSCAM,,IQGAP3,,ZNF292
,,,,,,,,,,,,,,,,,,,,CCNK,COL1A1,,,,PRKCE,SRPR,KLHL20,,,,DOCK1,ZNF626,,GABBR2,GABRG2,KIF2A,BRIP1,CSNK2B,,,,,,,,,,,,,,DST,,ITGB3,,ZNF462
,,,,,,,,,,,,,,,,,,,,CCNO,COL27A1,,,,PRKD1,SRRM2,KLHL6,,,,DOCK4,ZNF711,,GABRA4,GAD1,KIF5C,BRPF1,CSPP1,,,,,,,,,,,,,,DUSP15,,ITPR1,,ZSWIM6
,,,,,,,,,,,,,,,,,,,,CCNQ,COL2A1,,,,PRKG1,SRSF1,KMT2A,,,,DOCK8,ZNF713,,GABRB2,GAL,KLHL20,BRSK1,CSTB,,,,,,,,,,,,,,DVL3,,ITSN1,,
,,,,,,,,,,,,,,,,,,,,CCT3,COL4A1,,,,PROC,STAG1,KMT2B,,,,DOLK,ZNF774,,GABRB3,GALC,KMT2E,BRSK2,CTBP1,,,,,,,,,,,,,,DYDC1,,JARID2,,
,,,,,,,,,,,,,,,,,,,,CCT4,COL4A3,,,,PRPF8,STXBP1,KMT2C,,,,DOT1L,ZWILCH,,GABRG3,GALNT2,KPTN,BRWD3,CTCF,,,,,,,,,,,,,,DYDC2,,JMJD1C,,
,,,,,,,,,,,,,,,,,,,,CCT5,COL4A4,,,,PRR12,SUV420H1,KMT2D,,,,DPP10,,,GALNT10,GAMT,KRAS,BSCL2,CTDP1,,,,,,,,,,,,,,DYNC1H1,,KANK1,,
,,,,,,,,,,,,,,,,,,,,CCT6A,COL6A1,,,,PSMC3,SYNCRIP,KMT2E,,,,DPP3,,,GALNT13,GATAD2B,LAMC3,BSN,CTNNA2,,,,,,,,,,,,,,DYRK1A,,KAT2B,,
,,,,,,,,,,,,,,,,,,,,CCT7,COL6A2,,,,PSMC5,SYNGAP1,KPNA1,,,,DPP4,,,GALNT14,GATM,LARS,BSND,CTNNB1,,,,,,,,,,,,,,EBF3,,KAT6A,,
,,,,,,,,,,,,,,,,,,,,CCT8,COL6A3,,,,PTCH1,SYT1,KRAS,,,,DPP6,,,GALNT8,GBA,LETM1,BTD,CTNND1,,,,,,,,,,,,,,ECPAS,,KATNAL1,,
,,,,,,,,,,,,,,,,,,,,CD151,COL9A1,,,,PTEN,TAB2,LARP1,,,,DPYD,,,GAS2,GCH1,LGI1,BTK,CTR9,,,,,,,,,,,,,,EFR3A,,KCNC1,,
,,,,,,,,,,,,,,,,,,,,CD96,COL9A2,,,,PTPN11,TANC2,LASP1,,,,DPYSL2,,,GBE1,GCSH,LIAS,BUB1,CTSA,,,,,,,,,,,,,,EGR3,,KCND2,,
,,,,,,,,,,,,,,,,,,,,CDC40,COL9A3,,,,PTPRD,TAOK1,LDB1,,,,DPYSL3,,,GDA,GFAP,LMBRD2,BUB1B,CTSD,,,,,,,,,,,,,,EHMT1,,KCND3,,
,,,,,,,,,,,,,,,,,,,,CDC42,COLEC10,,,,PUF60,TBL1XR1,LEF1,,,,DPYSL5,,,GFAP,GFM1,LNPK,C12ORF4,CTU2,,,,,,,,,,,,,,EIF3F,,KCNJ10,,
,,,,,,,,,,,,,,,,,,,,CDC42BPB,COLEC11,,,,PUM2,TBR1,LEO1,,,,DRD1,,,GGNBP2,GLB1,LSS,C12ORF57,CUL3,,,,,,,,,,,,,,EIF3G,,KCNJ15,,
,,,,,,,,,,,,,,,,,,,,CDC45,COPB2,,,,PURA,TCF12,LHX2,,,,DRD2,,,GIGYF1,GLDC,MACF1,C12ORF65,CUL4B,,,,,,,,,,,,,,EIF4E,,KCNK7,,
,,,,,,,,,,,,,,,,,,,,CDC6,COQ2,,,,QRICH1,TCF20,LMNB1,,,,DRD3,,,GIGYF2,GLI3,MADD,C12ORF66,CUX1,,,,,,,,,,,,,,EIF4G1,,KCNMA1,,
,,,,,,,,,,,,,,,,,,,,CDH1,COQ8A,,,,RAB11A,TCF3,LONP1,,,,DSCAM,,,GLIS1,GLRA1,MAF,C16ORF62,CUX2,,,,,,,,,,,,,,EIF5A,,KCNS3,,
,,,,,,,,,,,,,,,,,,,,CDH11,COQ9,,,,RAB11B,TCF4,LRFN3,,,,DST,,,GLO1,GLRA2,MAP2K1,C19ORF12,CWC27,,,,,,,,,,,,,,ELAVL2,,KCTD13,,
,,,,,,,,,,,,,,,,,,,,CDH15,COX10,,,,RAB14,TCF7L2,LRRC4,,,,DUSP15,,,GLRA2,GLRB,MAP2K2,C1QA,CWF19L1,,,,,,,,,,,,,,ELAVL3,,KDM1B,,
,,,,,,,,,,,,,,,,,,,,CDH2,COX15,,,,RAC1,TFAP4,LZTR1,,,,DVL3,,,GNAI1,GLS,MARK2,C1QC,CXORF56,,,,,,,,,,,,,,ELOVL2,,KDM4B,,
,,,,,,,,,,,,,,,,,,,,CDH23,COX16,,,,RAF1,TLE3,MAEA,,,,DYDC1,,,GNAS,GLUD1,MAST3,C20ORF24,CYB5R3,,,,,,,,,,,,,,ELP2,,KDM4C,,
,,,,,,,,,,,,,,,,,,,,CDH3,COX6B1,,,,RAI1,TLK2,MAFB,,,,DYDC2,,,GNB1L,GLUL,MAST4,C2CD3,CYC1,,,,,,,,,,,,,,ELP4,,KDM5A,,
,,,,,,,,,,,,,,,,,,,,CDK10,COX7B,,,,RALA,TNPO3,MAGEL2,,,,DYNC1H1,,,GPC4,GLYCTK,MBD5,C2ORF69,CYFIP2,,,,,,,,,,,,,,EMSY,,KDM6A,,
,,,,,,,,,,,,,,,,,,,,CDK13,CPAMD8,,,,RAP1B,TNRC6B,MAP2,,,,DYRK1A,,,GPC6,GM2A,MBOAT7,C2ORF71,D2HGDH,,,,,,,,,,,,,,EN2,,KHDRBS2,,
,,,,,,,,,,,,,,,,,,,,CDK16,CPAP,,,,RARB,TOP2B,MAP2K1,,,,EBF3,,,GPD2,GNAO1,MDH2,C3ORF58,DAG1,,,,,,,,,,,,,,ENOX2,,KIAA1586,,
,,,,,,,,,,,,,,,,,,,,CDK19,CPLANE1,,,,RBBP4,TRAF7,MAP3K7,,,,ECPAS,,,GPHN,GNAQ,MECP2,C4ORF26,DAGLA,,,,,,,,,,,,,,ENPP1,,KIF13B,,
,,,,,,,,,,,,,,,,,,,,CDK5RAP2,CPS1,,,,RFX3,TRIM8,MAP4K4,,,,EEF1A2,,,GPR37,GNB1,MED11,C5ORF42,DARS,,,,,,,,,,,,,,EP300,,KIF14,,
,,,,,,,,,,,,,,,,,,,,CDK8,CRB1,,,,RFX7,TRIO,MAPK8IP3,,,,EFR3A,,,GPR85,GNB2,MED12,C8ORF37,DARS2,,,,,,,,,,,,,,EP400,,KIF1A,,
,,,,,,,,,,,,,,,,,,,,CDKL5,CRB2,,,,RHOBTB2,TRIP12,MARK2,,,,EGR3,,,GPX1,GNB5,MED27,C9ORF72,DBT,,,,,,,,,,,,,,EPC2,,KIF5C,,
,,,,,,,,,,,,,,,,,,,,CDKN1C,CREBBP,,,,RIT1,TRPM3,MAX,,,,EHMT1,,,GRIA1,GOSR2,MEF2C,CA2,DCAF17,,,,,,,,,,,,,,EPHA1,,KIRREL3,,
,,,,,,,,,,,,,,,,,,,,CDO1,CRPPA,,,,RMND5A,TRRAP,MBD5,,,,EIF3F,,,GRIA2,GOT2,MFF,CA5A,DCHS1,,,,,,,,,,,,,,EPHB1,,KLF16,,
,,,,,,,,,,,,,,,,,,,,CDON,CRX,,,,RORA,TSC1,MCOLN1,,,,EIF3G,,,GRID1,GPAA1,MFSD8,CA8,DCPS,,,,,,,,,,,,,,EPHB2,,KRR1,,
,,,,,,,,,,,,,,,,,,,,CDT1,CRYAB,,,,RORB,U2AF2,MED13,,,,EIF4E,,,GRID2,GPHN,MINPP1,CACNA1A,DCX,,,,,,,,,,,,,,EPPK1,,KRT26,,
,,,,,,,,,,,,,,,,,,,,CELF2,CRYBA1,,,,RPL10A,UBE3A,MED13L,,,,EIF4G1,,,GRID2IP,GRIA2,MLC1,CACNA1B,DDB1,,,,,,,,,,,,,,ERBIN,,LAMA1,,
,,,,,,,,,,,,,,,,,,,,CELF4,CRYBA4,,,,RPL19,UBR5,MED23,,,,EIF5A,,,GRIK2,GRIA4,MMACHC,CACNA1C,DDC,,,,,,,,,,,,,,ERG,,LAMB1,,
,,,,,,,,,,,,,,,,,,,,CELSR1,CRYBB2,,,,RYR2,UBTF,MED24,,,,ELAVL2,,,GRIK3,GRIK2,MMADHC,CACNA1D,DDHD2,,,,,,,,,,,,,,ERMN,,LEMD3,,
,,,,,,,,,,,,,,,,,,,,CELSR3,CRYBB3,,,,SALL3,UPF1,MEF2C,,,,ELAVL3,,,GRIK4,GRIN1,MOCS1,CACNA1E,DDX11,,,,,,,,,,,,,,ESR2,,LEO1,,
,,,,,,,,,,,,,,,,,,,,CENPF,CRYGC,,,,SATB1,USP7,MEIS2,,,,ELOVL2,,,GRIK5,GRIN2A,MOCS2,CACNA1F,DDX17,,,,,,,,,,,,,,ESRRB,,LEP,,
,,,,,,,,,,,,,,,,,,,,CEP104,CRYGD,,,,SATB2,VAMP2,METTL2A,,,,ELP2,,,GRIN1,GRIN2B,MOGS,CACNA1G,DDX23,,,,,,,,,,,,,,ETFB,,LHX2,,
,,,,,,,,,,,,,,,,,,,,CEP135,CSNK2A1,,,,SCN1A,VCP,MFN2,,,,ELP4,,,GRIN2A,GRIN2D,MPDU1,CACNA1H,DDX39B,,,,,,,,,,,,,,EXOC3,,LILRB2,,
,,,,,,,,,,,,,,,,,,,,CEP152,CSNK2B,,,,SCN2A,VEZF1,MIB1,,,,EMSY,,,GRIN2B,GRM7,MT-TK,CACNA1I,DDX3X,,,,,,,,,,,,,,EXOC5,,LIN7B,,
,,,,,,,,,,,,,,,,,,,,CEP290,CSPP1,,,,SCN3A,WAC,MIP,,,,EN2,,,GRIP1,GRN,MTHFR,CACNA1S,DDX59,,,,,,,,,,,,,,EXOC6,,LMX1B,,
,,,,,,,,,,,,,,,,,,,,CEP41,CSTB,,,,SCN4A,WDR26,MKL1,,,,ENOX2,,,GRK4,GSS,MTHFS,CACNA2D1,DDX6,,,,,,,,,,,,,,EXOC6B,,LRBA,,
,,,,,,,,,,,,,,,,,,,,CEP57,CTC1,,,,SCN8A,WDR48,MKX,,,,ENPP1,,,GRM5,GTF3C3,MTOR,CACNA2D2,DEAF1,,,,,,,,,,,,,,EXT1,,LRFN2,,
,,,,,,,,,,,,,,,,,,,,CEP63,CTCF,,,,SCUBE3,WHSC1,MLXIP,,,,EP300,,,GRM7,GTPBP1,NACC1,CACNA2D3,DEGS1,,,,,,,,,,,,,,FABP4,,LRFN5,,
,,,,,,,,,,,,,,,,,,,,CEP83,CTNNA2,,,,SEC16A,XPO1,MN1,,,,EP400,,,GSTM1,GTPBP2,NAGA,CACNB4,DENND5B,,,,,,,,,,,,,,FABP5,,LRP1,,
,,,,,,,,,,,,,,,,,,,,CEP85L,CTNNB1,,,,SEMA6B,YWHAG,MORC2,,,,EPC2,,,GTF2I,GTPBP3,NAPB,CACNG2,DEPDC5,,,,,,,,,,,,,,FAM47A,,LRP2,,
,,,,,,,,,,,,,,,,,,,,CERT1,CTNND1,,,,SET,YY1,MRFAP1,,,,EPHA1,,,GUCY1A2,GUF1,NARS,CAD,DHCR24,,,,,,,,,,,,,,FAM53C,,LRRC1,,
,,,,,,,,,,,,,,,,,,,,CFAP298,CTNND2,,,,SETBP1,ZBTB10,MSANTD2,,,,EPHB1,,,H2BC11,H3F3A,NARS2,CAMK2A,DHCR7,,,,,,,,,,,,,,FAM98C,,LRRC4,,
,,,,,,,,,,,,,,,,,,,,CFAP300,CTNS,,,,SETD1A,ZBTB18,MSI1,,,,EPHB2,,,HDAC4,H3F3B,NBEA,CAMK2B,DHDDS,,,,,,,,,,,,,,FAN1,,LZTS2,,
,,,,,,,,,,,,,,,,,,,,CFAP410,CTSA,,,,SETD1B,ZBTB20,MSL2,,,,EPPK1,,,HDLBP,HACE1,NDE1,CAMK2D,DHFR,,,,,,,,,,,,,,FAT1,,MACROD2,,
,,,,,,,,,,,,,,,,,,,,CFAP418,CTSD,,,,SETD2,ZBTB7A,MTOR,,,,ERBIN,,,HECTD4,HAX1,NDUFA1,CAMK2G,DHPS,,,,,,,,,,,,,,FBN1,,MAOA,,
,,,,,,,,,,,,,,,,,,,,CFC1,CTSK,,,,SETD5,ZEB2,MYCN,,,,ERG,,,HECW2,HCCS,NDUFA10,CAMK4,DHRSX,,,,,,,,,,,,,,FBXL13,,MAOB,,
,,,,,,,,,,,,,,,,,,,,CFL2,CUL3,,,,SF3B2,ZFHX3,MYH3,,,,ERMN,,,HERC1,HCFC1,NDUFAF2,CAMSAP1,DHTKD1,,,,,,,,,,,,,,FBXO11,,MAP1B,,
,,,,,,,,,,,,,,,,,,,,CHAMP1,CUL7,,,,SF3B3,ZFHX4,MYO18A,,,,ESR2,,,HIVEP2,HCN1,NDUFAF5,CAMTA1,DHX30,,,,,,,,,,,,,,FBXO33,,MAP4K4,,
,,,,,,,,,,,,,,,,,,,,CHD1,CUX2,,,,SHANK2,ZMIZ1,MYRF,,,,ESRRB,,,HIVEP3,HCN2,NDUFS4,CANT1,DHX37,,,,,,,,,,,,,,FBXO40,,MAPK3,,
,,,,,,,,,,,,,,,,,,,,CHD2,CYB5R3,,,,SHANK3,ZMYM2,MYT1L,,,,ETFB,,,HLA-A,HEATR5B,NDUFS8,CAP1,DHX9,,,,,,,,,,,,,,FCRL6,,MAPK8IP3,,
,,,,,,,,,,,,,,,,,,,,CHD3,CYP27A1,,,,SHH,ZMYND11,NAA15,,,,EXOC3,,,HLA-B,HECTD4,NDUFV1,CAPN10,DIAPH1,,,,,,,,,,,,,,FEZF2,,MAPT-AS1,,
,,,,,,,,,,,,,,,,,,,,CHD4,CYP2U1,,,,SHOC2,ZMYND8,NAA25,,,,EXOC5,,,HLA-DPB1,HECW2,NEDD4L,CAPN15,DIS3L2,,,,,,,,,,,,,,FGA,,MARK1,,
,,,,,,,,,,,,,,,,,,,,CHD5,DAG1,,,,SIN3A,ZNF148,NACA,,,,EXOC6,,,HLA-DRB1,HEPACAM,NEUROD2,CAPRIN1,DKC1,,,,,,,,,,,,,,FGF13,,MARK2,,
,,,,,,,,,,,,,,,,,,,,CHD7,DARS1,,,,SKI,ZNF292,NACC1,,,,EXOC6B,,,HLA-G,HERC2,NEXMIF,CAPZA2,DLD,,,,,,,,,,,,,,FGF14,,MBD1,,
,,,,,,,,,,,,,,,,,,,,CHD8,DARS2,,,,SLC2A1,ZNF462,NALCN,,,,EXT1,,,HMGN1,HEXA,NGLY1,CARS,DLG3,,,,,,,,,,,,,,FGFR1,,MBD3,,
,,,,,,,,,,,,,,,,,,,,CHKA,DBT,,,,SLC39A8,ZNF865,NAMPT,,,,FABP4,,,HNRNPD,HEXB,NHLRC1,CARS2,DLG4,,,,,,,,,,,,,,FHIT,,MBD4,,
,,,,,,,,,,,,,,,,,,,,CHM,DCDC2,,,,SLC6A1,,NARS,,,,FABP5,,,HNRNPF,HID1,NOTCH3,CASK,DLL1,,,,,,,,,,,,,,FLNA,,MBD6,,
,,,,,,,,,,,,,,,,,,,,CHMP1A,DCHS1,,,,SLC9A1,,NAV3,,,,FAM47A,,,HNRNPH2,HLCS,NPRL2,CASP2,DMD,,,,,,,,,,,,,,FMR1,,MCM4,,
,,,,,,,,,,,,,,,,,,,,CHRDL1,DCX,,,,SMAD4,,NCKAP1,,,,FAM98C,,,HNRNPK,HMGCL,NPRL3,CASR,DMXL2,,,,,,,,,,,,,,FOXG1,,MCM6,,
,,,,,,,,,,,,,,,,,,,,CHRM1,DDB1,,,,SMAD6,,NCL,,,,FAN1,,,HNRNPR,HNRNPH2,NR4A2,CBL,DNAJC12,,,,,,,,,,,,,,FOXP1,,MCPH1,,
,,,,,,,,,,,,,,,,,,,,CHRNA1,DDC,,,,SMARCA2,,NEDD8,,,,FAT1,,,HNRNPU,HNRNPR,NRROS,CBS,DNAJC19,,,,,,,,,,,,,,FOXP2,,MDGA2,,
,,,,,,,,,,,,,,,,,,,,CHRNA2,DDHD1,,,,SMARCA4,,NEO1,,,,FBN1,,,HNRNPUL2,HNRNPU,NRXN1,CC2D1A,DNM1,,,,,,,,,,,,,,FRG1,,MED12L,,
,,,,,,,,,,,,,,,,,,,,CHRNA3,DDHD2,,,,SMARCB1,,NF1,,,,FBRSL1,,,HOMER1,HOXA1,NSD1,CC2D2A,DNM1L,,,,,,,,,,,,,,FRK,,MED23,,
,,,,,,,,,,,,,,,,,,,,CHRNA4,DDOST,,,,SMARCE1,,NFIA,,,,FBXL13,,,HRAS,HPDL,NSDHL,CCBE1,DNMT3A,,,,,,,,,,,,,,FRMD5,,MEGF10,,
,,,,,,,,,,,,,,,,,,,,CHRNB1,DDR2,,,,SMC3,,NFIB,,,,FBXO11,,,HS3ST5,HPRT1,NSRP1,CCDC103,DNMT3B,,,,,,,,,,,,,,FRRS1L,,MEGF11,,
,,,,,,,,,,,,,,,,,,,,CHRNB2,DDX11,,,,SNAP25,,NFIX,,,,FBXO33,,,HSD11B1,HRAS,NTRK2,CCDC114,DOCK3,,,,,,,,,,,,,,FRYL,,MEMO1,,
,,,,,,,,,,,,,,,,,,,,CHRNG,DDX3X,,,,SOGA1,,NIPBL,,,,FBXO40,,,HTR1B,HSD17B10,NUP214,CCDC115,DOCK4,,,,,,,,,,,,,,FXN,,MET,,
,,,,,,,,,,,,,,,,,,,,CHST14,DDX59,,,,SON,,NKX2-1,,,,FCRL6,,,HTR3A,HSD17B4,NUS1,CCDC174,DOCK6,,,,,,,,,,,,,,G3BP2,,METTL26,,
,,,,,,,,,,,,,,,,,,,,CHST3,DDX6,,,,SOS1,,NLGN2,,,,FEZF2,,,HYDIN,HSPD1,OCLN,CCDC186,DOCK7,,,,,,,,,,,,,,GABBR2,,MFRP,,
,,,,,,,,,,,,,,,,,,,,CHSY1,DEAF1,,,,SOX10,,NOTCH1,,,,FGA,,,ICA1,HTRA2,OGDHL,CCDC22,DOHH,,,,,,,,,,,,,,GABRA2,,MIB1,,
,,,,,,,,,,,,,,,,,,,,CHUK,DENND5A,,,,SOX11,,NOTCH2,,,,FGF13,,,IL1R2,IDH2,OPHN1,CCDC32,DOLK,,,,,,,,,,,,,,GABRA4,,MIR137,,
,,,,,,,,,,,,,,,,,,,,CIAO1,DEPDC5,,,,SOX2,,NPR1,,,,FGF14,,,IL1RAPL1,IER3IP1,OTUD6B,CCDC39,DPAGT1,,,,,,,,,,,,,,GABRB2,,MLANA,,
,,,,,,,,,,,,,,,,,,,,CIB2,DHCR24,,,,SOX4,,NPTN,,,,FGFR1,,,IL1RAPL2,IFIH1,OTUD7A,CCDC40,DPF2,,,,,,,,,,,,,,GABRB3,,MNT,,
,,,,,,,,,,,,,,,,,,,,CIC,DHCR7,,,,SOX5,,NR3C2,,,,FHIT,,,ILF2,IKBKG,OXR1,CCDC47,DPH1,,,,,,,,,,,,,,GABRG2,,MRTFB,,
,,,,,,,,,,,,,,,,,,,,CISD2,DHDDS,,,,SOX9,,NR4A2,,,,FLNA,,,IMMP2L,INO80,P4HTM,CCDC65,DPH5,,,,,,,,,,,,,,GABRG3,,MSANTD2,,
,,,,,,,,,,,,,,,,,,,,CIT,DHFR,,,,SPAST,,NRXN1,,,,FMR1,,,INPP1,INPP4A,PABPC1,CCDC78,DPM1,,,,,,,,,,,,,,GALNT10,,MSNP1AS,,
,,,,,,,,,,,,,,,,,,,,CKAP2L,DHODH,,,,SPEN,,NRXN3,,,,FOXG1,,,INTS6,IQSEC2,PACS1,CCDC8,DPM2,,,,,,,,,,,,,,GALNT13,,MSR1,,
,,,,,,,,,,,,,,,,,,,,CLCN3,DHPS,,,,SPI1,,NSD1,,,,FOXP1,,,IQGAP3,IRF2BPL,PACS2,CCDC82,DPYD,,,,,,,,,,,,,,GALNT14,,MTF1,,
,,,,,,,,,,,,,,,,,,,,CLCN4,DHTKD1,,,,SPOP,,NTRK2,,,,FOXP2,,,IQSEC2,ISPD,PAFAH1B1,CCDC88A,DPYS,,,,,,,,,,,,,,GALNT8,,MTHFR,,
,,,,,,,,,,,,,,,,,,,,CLCN6,DHX30,,,,SPTAN1,,OBSCN,,,,FRG1,,,IRF2BPL,ITPA,PAH,CCDC88C,DPYSL5,,,,,,,,,,,,,,GAS2,,MUC12,,
,,,,,,,,,,,,,,,,,,,,CLCN7,DIS3L2,,,,SPTBN1,,ODC1,,,,FRK,,,ITGB3,JAKMIP1,PAK1,CCNA2,DTYMK,,,,,,,,,,,,,,GBE1,,MUC4,,
,,,,,,,,,,,,,,,,,,,,CLCNKA,DKC1,,,,SPTBN2,,OTUD7A,,,,FRMD5,,,ITPR1,JKAMP,PARS2,CCNB3,DYM,,,,,,,,,,,,,,GDA,,MYH10,,
,,,,,,,,,,,,,,,,,,,,CLCNKB,DLAT,,,,SRCAP,,OTX2,,,,FRMPD4,,,ITSN1,KARS,PCCA,CCND2,DYNC1H1,,,,,,,,,,,,,,GFAP,,MYH4,,
,,,,,,,,,,,,,,,,,,,,CLDN19,DLD,,,,SRP54,,PACS1,,,,FRRS1L,,,JARID2,KAT5,PCCB,CCNK,DYRK1A,,,,,,,,,,,,,,GGNBP2,,MYH9,,
,,,,,,,,,,,,,,,,,,,,CLDN5,DLG3,,,,SRRM2,,PACS2,,,,FRYL,,,JMJD1C,KAT8,PCDH12,CCNO,EARS2,,,,,,,,,,,,,,GIGYF1,,MYO16,,
,,,,,,,,,,,,,,,,,,,,CLDND1,DLG4,,,,SRSF1,,PAFAH1B1,,,,FXN,,,KANK1,KATNB1,PCDH19,CCT3,EBF3,,,,,,,,,,,,,,GIGYF2,,MYO1E,,
,,,,,,,,,,,,,,,,,,,,CLIC2,DLL3,,,,STAG1,,PAK1,,,,G3BP2,,,KANSL1,KCNA1,PCDHGC4,CCT5,EBP,,,,,,,,,,,,,,GLI3,,MYO5A,,
,,,,,,,,,,,,,,,,,,,,CLMP,DLL4,,,,STAT1,,PAPOLA,,,,GABBR2,,,KAT2B,KCNA2,PCYT2,CCT6A,EDEM3,,,,,,,,,,,,,,GLIS1,,MYO5C,,
,,,,,,,,,,,,,,,,,,,,CLN3,DMD,,,,STX1B,,PAPOLG,,,,GABRA2,,,KAT6A,KCNA3,PDHA1,CCT7,EED,,,,,,,,,,,,,,GLO1,,MYO9B,,
,,,,,,,,,,,,,,,,,,,,CLN5,DMP1,,,,STXBP1,,PAX2,,,,GABRA3,,,KATNAL1,KCNB1,PDHX,CCT8,EEF1A2,,,,,,,,,,,,,,GLRA2,,NAALADL2,,
,,,,,,,,,,,,,,,,,,,,CLN6,DMPK,,,,SUPT16H,,PAX5,,,,GABRA4,,,KATNAL2,KCNB2,PET100,CD96,EEF1D,,,,,,,,,,,,,,GLS,,NAV2,,
,,,,,,,,,,,,,,,,,,,,CLN8,DNAAF11,,,,SUV420H1,,PBX1,,,,GABRB2,,,KCNB1,KCNC1,PGM2L1,CD99,EEFSEC,,,,,,,,,,,,,,GNAI1,,NAV3,,
,,,,,,,,,,,,,,,,,,,,CLP1,DNAAF19,,,,SYNCRIP,,PBX3,,,,GABRB3,,,KCNC1,KCNC2,PHACTR1,CDC40,EFTUD2,,,,,,,,,,,,,,GNAS,,NCKAP5,,
,,,,,,,,,,,,,,,,,,,,CLPB,DNAAF3,,,,SYNGAP1,,PCBP2,,,,GABRG2,,,KCND2,KCND2,PHGDH,CDC42,EHMT1,,,,,,,,,,,,,,GNB1L,,NCOR1,,
,,,,,,,,,,,,,,,,,,,,CLPP,DNAAF4,,,,SYT1,,PCSK2,,,,GABRG3,,,KCND3,KCND3,PI4K2A,CDC42BPB,EIF2AK2,,,,,,,,,,,,,,GPC4,,NDUFA5,,
,,,,,,,,,,,,,,,,,,,,CLTC,DNAAF5,,,,TAB2,,PDE10A,,,,GALNT10,,,KCNJ10,KCNH1,PIDD1,CDC45,EIF2AK3,,,,,,,,,,,,,,GPC5,,NEGR1,,
,,,,,,,,,,,,,,,,,,,,CNKSR1,DNAAF6,,,,TANC2,,PDE4D,,,,GALNT13,,,KCNJ15,KCNH5,PIGA,CDC6,EIF2S3,,,,,,,,,,,,,,GPC6,,NEO1,,
,,,,,,,,,,,,,,,,,,,,CNKSR2,DNAH5,,,,TAOK1,,PHF12,,,,GALNT14,,,KCNK7,KCNH8,PIGB,CDH11,EIF3F,,,,,,,,,,,,,,GPD2,,NFE2L3,,
,,,,,,,,,,,,,,,,,,,,CNNM2,DNAH9,,,,TBL1XR1,,PHF2,,,,GALNT2,,,KCNMA1,KCNJ10,PIGC,CDH15,EIF4A2,,,,,,,,,,,,,,GPHN,,NFIA,,
,,,,,,,,,,,,,,,,,,,,CNOT1,DNM1L,,,,TBR1,,PHF21A,,,,GALNT8,,,KCNQ2,KCNJ11,PIGG,CDH2,EIF4A3,,,,,,,,,,,,,,GPR37,,NFIB,,
,,,,,,,,,,,,,,,,,,,,CNOT2,DNMT3A,,,,TBX3,,PHIP,,,,GAS2,,,KCNQ3,KCNJ4,PIGH,CDH23,EIF5A,,,,,,,,,,,,,,GPR85,,NINL,,
,,,,,,,,,,,,,,,,,,,,CNOT3,DNMT3B,,,,TCF12,,PHLDB1,,,,GATM,,,KCNS3,KCNK4,PIGK,CDH3,ELAC2,,,,,,,,,,,,,,GPX1,,NIPA1,,
,,,,,,,,,,,,,,,,,,,,CNOT9,DOCK2,,,,TCF20,,PIK3CA,,,,GBE1,,,KCTD13,KCNMA1,PIGM,CDK10,ELFN1,,,,,,,,,,,,,,GRB10,,NIPA2,,
,,,,,,,,,,,,,,,,,,,,CNPY3,DOCK6,,,,TCF3,,PIK3R1,,,,GDA,,,KDM1B,KCNQ2,PIGN,CDK13,ELOVL4,,,,,,,,,,,,,,GRIA1,,NLGN1,,
,,,,,,,,,,,,,,,,,,,,CNTNAP1,DOCK8,,,,TCF4,,PIK3R2,,,,GFAP,,,KDM2B,KCNQ3,PIGO,CDK16,ELP2,,,,,,,,,,,,,,GRIA2,,NLGN4Y,,
,,,,,,,,,,,,,,,,,,,,CNTNAP2,DOLK,,,,TCF7L2,,PIP5K1C,,,,GGNBP2,,,KDM3B,KCNQ5,PIGP,CDK19,EMC1,,,,,,,,,,,,,,GRID1,,NOTCH1,,
,,,,,,,,,,,,,,,,,,,,COA5,DPAGT1,,,,TERF2IP,,PISD,,,,GIGYF1,,,KDM4B,KCNT1,PIGQ,CDK20,EMC10,,,,,,,,,,,,,,GRID2,,NPAS2,,
,,,,,,,,,,,,,,,,,,,,COA8,DPF2,,,,TLK2,,PLXNA1,,,,GIGYF2,,,KDM4C,KCNT2,PIGT,CDK5R1,EML1,,,,,,,,,,,,,,GRID2IP,,NR1D1,,
,,,,,,,,,,,,,,,,,,,,COASY,DPM1,,,,TMEM63B,,PLXNA2,,,,GLI3,,,KDM5A,KCTD3,PIGU,CDK5RAP2,ENTPD1,,,,,,,,,,,,,,GRIK2,,NR2F1,,
,,,,,,,,,,,,,,,,,,,,COG1,DPM3,,,,TNFRSF21,,POGZ,,,,GLIS1,,,KDM5B,KCTD7,PIGW,CDK8,EP300,,,,,,,,,,,,,,GRIK3,,NRCAM,,
,,,,,,,,,,,,,,,,,,,,COG4,DPYSL5,,,,TNNC2,,POLR3B,,,,GLO1,,,KDM5C,KDM2A,PIK3R2,CDK9,EPB41L3,,,,,,,,,,,,,,GRIK4,,NRP2,,
,,,,,,,,,,,,,,,,,,,,COG5,DRC1,,,,TNPO2,,POU3F3,,,,GLRA2,,,KDM6A,KDM6B,PIP5K1C,CDKL5,EPG5,,,,,,,,,,,,,,GRIK5,,NSD2,,
,,,,,,,,,,,,,,,,,,,,COG7,DRC2,,,,TNPO3,,PPARG,,,,GNAI1,,,KDM6B,KIAA1109,PLA2G6,CDKN1C,ERBB4,,,,,,,,,,,,,,GRIN1,,NSMCE3,,
,,,,,,,,,,,,,,,,,,,,COG8,DRC4,,,,TNRC6B,,PPFIA2,,,,GNAS,,,KHDRBS2,KIF1A,PLAA,CDON,ERCC1,,,,,,,,,,,,,,GRIN2A,,NTNG1,,
,,,,,,,,,,,,,,,,,,,,COL10A1,DSPP,,,,TOP2B,,PPM1D,,,,GNB1L,,,KIAA0232,KIF1BP,PLCB1,CDT1,ERCC2,,,,,,,,,,,,,,GRIN2B,,NTRK1,,
,,,,,,,,,,,,,,,,,,,,COL11A1,DSTYK,,,,TP53BP2,,PPP1CB,,,,GNB2,,,KIAA1586,KIF2A,PLK1,CELF2,ERCC3,,,,,,,,,,,,,,GRIP1,,NTRK3,,
,,,,,,,,,,,,,,,,,,,,COL11A2,DVL1,,,,TRAF7,,PPP1R9B,,,,GPC4,,,KIF13B,KIF5C,PLPBP,CELF4,ERCC5,,,,,,,,,,,,,,GRK4,,NUAK1,,
,,,,,,,,,,,,,,,,,,,,COL13A1,DVL3,,,,TRIM8,,PPP2CA,,,,GPC5,,,KIF14,KLHL20,PLXNA1,CELSR3,ERCC6,,,,,,,,,,,,,,GRM5,,NUDCD2,,
,,,,,,,,,,,,,,,,,,,,COL18A1,DYM,,,,TRIO,,PPP2R1A,,,,GPC6,,,KIF1A,KMT2E,PMM2,CENPF,ERCC6L2,,,,,,,,,,,,,,GRM7,,NUP133,,
,,,,,,,,,,,,,,,,,,,,COL1A1,DYNC1H1,,,,TRIP12,,PPP2R5D,,,,GPD2,,,KIF5C,KMT5B,PMPCB,CENPJ,ERCC8,,,,,,,,,,,,,,GSE1,,NXPH1,,
,,,,,,,,,,,,,,,,,,,,COL25A1,DYNC1I2,,,,TRPM3,,PPP3CA,,,,GPHN,,,KIRREL3,KPTN,PNKP,CEP104,ERI1,,,,,,,,,,,,,,GSPT2,,OFD1,,
,,,,,,,,,,,,,,,,,,,,COL27A1,DYNC2H1,,,,TRRAP,,PRDM16,,,,GPR37,,,KLF16,KRAS,PNPLA8,CEP120,ERLIN2,,,,,,,,,,,,,,GSTM1,,OPHN1,,
,,,,,,,,,,,,,,,,,,,,COL2A1,DYNC2I1,,,,TSC2,,PRH1,,,,GPR85,,,KLHL20,LAMC3,PNPO,CEP135,ESAM,,,,,,,,,,,,,,GTF2I,,OR1C1,,
,,,,,,,,,,,,,,,,,,,,COL4A1,DYNC2I2,,,,TTBK1,,PRKAR1A,,,,GPX1,,,KMT2A,LARGE1,PNPT1,CEP152,ESCO2,,,,,,,,,,,,,,GUCY1A2,,OR2M4,,
,,,,,,,,,,,,,,,,,,,,COL4A2,DYNC2LI1,,,,U2AF2,,PRKAR1B,,,,GRB10,,,KMT2C,LARS,POLG,CEP290,ETFA,,,,,,,,,,,,,,H2BC11,,OR2T10,,
,,,,,,,,,,,,,,,,,,,,COL4A3,DYRK1A,,,,UBA2,,PRKCB,,,,GRIA1,,,KMT2E,LETM1,POMGNT1,CEP295,ETFB,,,,,,,,,,,,,,H3-3B,,OR52M1,,
,,,,,,,,,,,,,,,,,,,,COL4A4,EBP,,,,UBE3A,,PRKCE,,,,GRIA2,,,KMT5B,LGI1,POMT1,CEP41,ETFDH,,,,,,,,,,,,,,HACE1,,OTUD7A,,
,,,,,,,,,,,,,,,,,,,,COL6A1,ECHS1,,,,UBTF,,PRKD1,,,,GRIA3,,,KRR1,LIAS,PPFIBP1,CEP55,ETHE1,,,,,,,,,,,,,,HCN1,,OTX1,,
,,,,,,,,,,,,,,,,,,,,COL6A2,ECM1,,,,UPF1,,PRKG1,,,,GRID1,,,KRT26,LIPT1,PPIL1,CEP57,EXOSC3,,,,,,,,,,,,,,HDAC4,,OXT,,
,,,,,,,,,,,,,,,,,,,,COL6A3,EDA,,,,USP7,,PROC,,,,GRID2,,,LAMA1,LIPT2,PPOX,CEP63,EXOSC8,,,,,,,,,,,,,,HDLBP,,OXTR,,
,,,,,,,,,,,,,,,,,,,,COL9A1,EDAR,,,,VAMP2,,PRPF8,,,,GRID2IP,,,LAMB1,LMAN2L,PPP1R3F,CEP83,EXT2,,,,,,,,,,,,,,HECTD1,,P2RX5,,
,,,,,,,,,,,,,,,,,,,,COL9A2,EDEM3,,,,VCP,,PRR12,,,,GRIK2,,,LDB1,LMBRD2,PPP2CA,CEP85L,EXTL3,,,,,,,,,,,,,,HECTD4,,P4HA2,,
,,,,,,,,,,,,,,,,,,,,COL9A3,EDN1,,,,VEZF1,,PSMA3,,,,GRIK3,,,LEMD3,LMNB1,PPP2R2B,CFAP47,EZH1,,,,,,,,,,,,,,HECW2,,PAFAH1B2,,
,,,,,,,,,,,,,,,,,,,,COLEC10,EDNRA,,,,VPS4A,,PSMC3,,,,GRIK4,,,LEO1,LMNB2,PPP2R5C,CFP,EZH2,,,,,,,,,,,,,,HERC1,,PAK2,,
,,,,,,,,,,,,,,,,,,,,COLEC11,EDNRB,,,,WAC,,PSMC5,,,,GRIK5,,,LEP,LNPK,PPP3CA,CHAMP1,FAM126A,,,,,,,,,,,,,,HIVEP2,,PAPOLG,,
,,,,,,,,,,,,,,,,,,,,COMP,EED,,,,WDR26,,PSMD11,,,,GRIN1,,,LHX2,LSS,PPT1,CHD1,FAM177A1,,,,,,,,,,,,,,HIVEP3,,PARD3B,,
,,,,,,,,,,,,,,,,,,,,COPB1,EEF1A2,,,,WDR48,,PSMD12,,,,GRIN2A,,,LILRB2,LYST,PRMT7,CHD2,FAM20C,,,,,,,,,,,,,,HLA-A,,PATJ,,
,,,,,,,,,,,,,,,,,,,,COPB2,EFEMP2,,,,WHSC1,,PTCH1,,,,GRIN2B,,,LIN7B,MACF1,PRPF8,CHD3,FAM50A,,,,,,,,,,,,,,HLA-B,,PBX1,,
,,,,,,,,,,,,,,,,,,,,COQ2,EFL1,,,,XPO1,,PTEN,,,,GRIP1,,,LMX1B,MADD,PRRT2,CHD4,FAR1,,,,,,,,,,,,,,HLA-DPB1,,PCDH10,,
,,,,,,,,,,,,,,,,,,,,COQ4,EFNB1,,,,XPR1,,PTGDR2,,,,GRK4,,,LRBA,MAF,PSAP,CHD5,FARS2,,,,,,,,,,,,,,HLA-DRB1,,PCDH11X,,
,,,,,,,,,,,,,,,,,,,,COQ5,EFTUD2,,,,YWHAG,,PTPN11,,,,GRM5,,,LRFN2,MAGI2,PTCD3,CHD7,FARSA,,,,,,,,,,,,,,HLA-G,,PCDH15,,
,,,,,,,,,,,,,,,,,,,,COQ8A,EHMT1,,,,YY1,,PTPRD,,,,GRM7,,,LRFN5,MANBA,PTEN,CHD8,FAT4,,,,,,,,,,,,,,HMGN1,,PCDH9,,
,,,,,,,,,,,,,,,,,,,,COQ9,EIF2AK3,,,,ZBTB10,,PTPRF,,,,GSTM1,,,LRP1,MAP2K1,PTPN23,CHKA,FBRSL1,,,,,,,,,,,,,,HNRNPD,,PCDHA1,,
,,,,,,,,,,,,,,,,,,,,COX10,EIF2B4,,,,ZBTB18,,PUF60,,,,GTF2I,,,LRP2,MAP2K2,PTS,CHKB,FBXL3,,,,,,,,,,,,,,HNRNPF,,PCDHA10,,
,,,,,,,,,,,,,,,,,,,,COX14,EIF2B5,,,,ZBTB20,,PUM2,,,,GUCY1A2,,,LRRC1,MAPK10,PUM1,CHL1,FBXL4,,,,,,,,,,,,,,HNRNPH2,,PCDHA11,,
,,,,,,,,,,,,,,,,,,,,COX15,EIF2S3,,,,ZBTB7A,,PURA,,,,H1-4,,,LRRC4,MARK2,PURA,CHM,FBXO11,,,,,,,,,,,,,,HNRNPK,,PCDHA12,,
,,,,,,,,,,,,,,,,,,,,COX16,EIF3F,,,,ZDBF2,,QRICH1,,,,H2BC11,,,LRRC4C,MAST1,QARS,CHMP1A,FBXO22,,,,,,,,,,,,,,HNRNPL,,PCDHA13,,
,,,,,,,,,,,,,,,,,,,,COX18,EIF4A3,,,,ZDHHC5,,RAB11A,,,,H3-3B,,,LZTR1,MAST3,RAB11B,CHMP3,FBXO28,,,,,,,,,,,,,,HNRNPR,,PCDHA2,,
,,,,,,,,,,,,,,,,,,,,COX6B1,EIF5A,,,,ZEB2,,RAB11B,,,,H4C11,,,LZTS2,MAST4,RAB18,CHRDL1,FBXO31,,,,,,,,,,,,,,HNRNPU,,PCDHA3,,
,,,,,,,,,,,,,,,,,,,,COX7B,ELMO2,,,,ZFHX3,,RAB11FIP4,,,,H4C3,,,MACROD2,MATN4,RAB5C,CHRM1,FBXW11,,,,,,,,,,,,,,HNRNPUL2,,PCDHA4,,
,,,,,,,,,,,,,,,,,,,,CPAMD8,ELN,,,,ZFHX4,,RAB14,,,,H4C5,,,MAGEC3,MBD5,RAC3,CHRNA2,FBXW7,,,,,,,,,,,,,,HOMER1,,PCDHA5,,
,,,,,,,,,,,,,,,,,,,,CPAP,EMC10,,,,ZMIZ1,,RAB43,,,,HACE1,,,MAGEL2,MBOAT7,RALA,CHRNA4,FEM1B,,,,,,,,,,,,,,HRAS,,PCDHA6,,
,,,,,,,,,,,,,,,,,,,,CPLANE1,EMG1,,,,ZMYM2,,RAC1,,,,HCFC1,,,MAOA,MCM3AP,RALGAPA1,CHRNB2,FGD1,,,,,,,,,,,,,,HS3ST5,,PCDHA7,,
,,,,,,,,,,,,,,,,,,,,CPS1,ENPP1,,,,ZMYND11,,RAF1,,,,HCN1,,,MAOB,MDH2,RARS,CHRNG,FGF12,,,,,,,,,,,,,,HSD11B1,,PCDHA8,,
,,,,,,,,,,,,,,,,,,,,CPSF3,EOGT,,,,ZMYND8,,RAI1,,,,HDAC4,,,MAP1A,MECP2,RARS2,CHST14,FH,,,,,,,,,,,,,,HTR1B,,PCDHA9,,
,,,,,,,,,,,,,,,,,,,,CRADD,EP300,,,,ZNF148,,RALA,,,,HDAC8,,,MAP1B,MED11,RELN,CHST3,FIBP,,,,,,,,,,,,,,HTR2C,,PCDHAC1,,
,,,,,,,,,,,,,,,,,,,,CRB1,EPRS1,,,,ZNF292,,RALGAPB,,,,HDLBP,,,MAP4K4,MED12,RFT1,CHSY1,FIG4,,,,,,,,,,,,,,HTR3A,,PCDHAC2,,
,,,,,,,,,,,,,,,,,,,,CRB2,ERBB3,,,,ZNF462,,RAP1B,,,,HECTD1,,,MAPK3,MED17,RHEB,CHUK,FILIP1,,,,,,,,,,,,,,HTR3C,,PCLO,,
,,,,,,,,,,,,,,,,,,,,CRBN,ERCC1,,,,ZNF644,,RARA,,,,HECTD4,,,MAPK8IP3,MED27,RHOBTB2,CIAO1,FKRP,,,,,,,,,,,,,,HYDIN,,PCM1,,
,,,,,,,,,,,,,,,,,,,,CREBBP,ERCC2,,,,ZNF865,,RARB,,,,HECW2,,,MAPT-AS1,MEF2C,RMND1,CIB2,FKTN,,,,,,,,,,,,,,ICA1,,PDCD1,,
,,,,,,,,,,,,,,,,,,,,CRELD1,ERCC4,,,,,,RBBP4,,,,HEPACAM,,,MARK1,MFF,RNASEH2A,CIC,FLVCR1,,,,,,,,,,,,,,IGF1,,PDE1C,,
,,,,,,,,,,,,,,,,,,,,CRIM1,ERCC6,,,,,,RBM12,,,,HERC1,,,MARK2,MFSD8,RNASEH2B,CISD2,FLVCR2,,,,,,,,,,,,,,IKZF1,,PDK2,,
,,,,,,,,,,,,,,,,,,,,CRIPT,ERCC6L2,,,,,,RFX3,,,,HERC2,,,MBD1,MINPP1,RNASEH2C,CIT,FMN2,,,,,,,,,,,,,,IL1R2,,PER1,,
,,,,,,,,,,,,,,,,,,,,CRKL,ERCC8,,,,,,RFX7,,,,HIVEP2,,,MBD3,MLC1,RNASET2,CKAP2L,FMR1,,,,,,,,,,,,,,IL1RAPL1,,PER2,,
,,,,,,,,,,,,,,,,,,,,CRLS1,ERF,,,,,,RHOBTB2,,,,HIVEP3,,,MBD4,MMACHC,RNF113A,CLCN2,FOLR1,,,,,,,,,,,,,,IL1RAPL2,,PEX7,,
,,,,,,,,,,,,,,,,,,,,CRPPA,ESCO2,,,,,,RIT1,,,,HLA-A,,,MBD5,MMADHC,RNF13,CLCN3,FOSL2,,,,,,,,,,,,,,ILF2,,PHB1,,
,,,,,,,,,,,,,,,,,,,,CRX,ETFA,,,,,,RMND5A,,,,HLA-B,,,MBD6,MOCS1,RNU2-2P,CLCN4,FOXG1,,,,,,,,,,,,,,IMMP2L,,PHF7,,
,,,,,,,,,,,,,,,,,,,,CRYAA,ETFB,,,,,,ROPN1,,,,HLA-DPB1,,,MBOAT7,MOCS2,RNU4-2,CLCN5,FOXP1,,,,,,,,,,,,,,INPP1,,PHRF1,,
,,,,,,,,,,,,,,,,,,,,CRYAB,ETFDH,,,,,,RORA,,,,HLA-DRB1,,,MCM4,MOGS,RNU5B-1,CLCN6,FOXP2,,,,,,,,,,,,,,INTS6,,PIK3CG,,
,,,,,,,,,,,,,,,,,,,,CRYBA1,ETHE1,,,,,,RORB,,,,HLA-G,,,MCM6,MPDU1,ROGDI,CLCN7,FOXRED1,,,,,,,,,,,,,,IQGAP3,,PITX1,,
,,,,,,,,,,,,,,,,,,,,CRYBA4,EXOSC3,,,,,,RPL10A,,,,HMGN1,,,MCPH1,MT-CO3,RORA,CLCNKA,FRA10AC1,,,,,,,,,,,,,,IQSEC2,,PLAUR,,
,,,,,,,,,,,,,,,,,,,,CRYBB1,EXOSC9,,,,,,RPL19,,,,HNRNPD,,,MDGA2,MT-TK,RORB,CLCNKB,FRMD5,,,,,,,,,,,,,,IRF2BPL,,PLCB1,,
,,,,,,,,,,,,,,,,,,,,CRYBB2,EXPH5,,,,,,RTN4RL2,,,,HNRNPF,,,MECP2,MT-TL1,RTN4IP1,CLDN11,FRMPD4,,,,,,,,,,,,,,IRX5,,PLCD4,,
,,,,,,,,,,,,,,,,,,,,CRYBB3,EXT1,,,,,,RUNX1T1,,,,HNRNPH2,,,MED12L,MTHFR,RTTN,CLDN19,FTCD,,,,,,,,,,,,,,ITGA8,,PLN,,
,,,,,,,,,,,,,,,,,,,,CRYGC,EXT2,,,,,,RUSC1,,,,HNRNPK,,,MED13,MTHFS,SAMHD1,CLDN5,FTSJ1,,,,,,,,,,,,,,ITGB3,,PLXNA3,,
,,,,,,,,,,,,,,,,,,,,CRYGD,EXTL3,,,,,,RYR2,,,,HNRNPL,,,MED13L,MTOR,SARS,CLEC16A,FUCA1,,,,,,,,,,,,,,ITPR1,,PLXNA4,,
,,,,,,,,,,,,,,,,,,,,CSDE1,EYA1,,,,,,SALL3,,,,HNRNPR,,,MED23,MTR,SATB1,CLIC2,FUK,,,,,,,,,,,,,,ITSN1,,PLXNB1,,
,,,,,,,,,,,,,,,,,,,,CSF1R,EZH2,,,,,,SATB1,,,,HNRNPU,,,MEF2C,MYO1H,SATB2,CLN3,FUT8,,,,,,,,,,,,,,JARID2,,PNPLA7,,
,,,,,,,,,,,,,,,,,,,,CSNK1G1,FAH,,,,,,SATB2,,,,HNRNPUL2,,,MEGF10,NACC1,SCAF4,CLN5,FZR1,,,,,,,,,,,,,,JMJD1C,,POLA2,,
,,,,,,,,,,,,,,,,,,,,CSNK2A1,FAM111A,,,,,,SBNO2,,,,HOMER1,,,MEGF11,NAGA,SCAMP5,CLN6,GABBR2,,,,,,,,,,,,,,KANK1,,POMT1,,
,,,,,,,,,,,,,,,,,,,,CSNK2B,FAM149B1,,,,,,SCAF1,,,,HOXA1,,,MEIS2,NAPB,SCARB2,CLN8,GABRA1,,,,,,,,,,,,,,KANSL1,,PON1,,
,,,,,,,,,,,,,,,,,,,,CSPP1,FAM161A,,,,,,SCAF4,,,,HRAS,,,MEMO1,NARS,SCN1A,CLP1,GABRA2,,,,,,,,,,,,,,KAT2B,,POT1,,
,,,,,,,,,,,,,,,,,,,,CSTA,FAM20A,,,,,,SCAPER,,,,HS3ST5,,,MET,NARS2,SCN1B,CLPB,GABRA5,,,,,,,,,,,,,,KAT6A,,PPFIA1,,
,,,,,,,,,,,,,,,,,,,,CSTB,FAM20C,,,,,,SCN1A,,,,HSD11B1,,,METTL26,NBEA,SCN2A,CLPP,GABRB2,,,,,,,,,,,,,,KAT6B,,PPM1D,,
,,,,,,,,,,,,,,,,,,,,CTBP1,FANCA,,,,,,SCN2A,,,,HTR1B,,,MFRP,NCDN,SCN3A,CLTC,GABRB3,,,,,,,,,,,,,,KATNAL1,,PPP1R1B,,
,,,,,,,,,,,,,,,,,,,,CTC1,FANCB,,,,,,SCN3A,,,,HTR2C,,,MIB1,NDE1,SCN8A,CMC4,GABRD,,,,,,,,,,,,,,KATNAL2,,PPP2R1B,,
,,,,,,,,,,,,,,,,,,,,CTCF,FANCC,,,,,,SCN4A,,,,HTR3A,,,MIR137,NDP,SEMA6B,CMIP,GABRG2,,,,,,,,,,,,,,KCNA2,,PREX1,,
,,,,,,,,,,,,,,,,,,,,CTDP1,FANCD2,,,,,,SCN8A,,,,HTR3C,,,MKX,NDUFA1,SEPSECS,CNKSR1,GAD1,,,,,,,,,,,,,,KCNA3,,PRICKLE1,,
,,,,,,,,,,,,,,,,,,,,CTNNA2,FANCE,,,,,,SCUBE3,,,,HUWE1,,,MLANA,NDUFA10,SERPINI1,CNKSR2,GALC,,,,,,,,,,,,,,KCNB1,,PRICKLE2,,
,,,,,,,,,,,,,,,,,,,,CTNNB1,FANCF,,,,,,SEC16A,,,,HYDIN,,,MNT,NDUFA11,SETBP1,CNNM2,GALE,,,,,,,,,,,,,,KCNC1,,PRKAR1B,,
,,,,,,,,,,,,,,,,,,,,CTNND1,FANCG,,,,,,SEMA6B,,,,ICA1,,,MRTFB,NDUFA2,SETD1A,CNOT1,GALNT2,,,,,,,,,,,,,,KCNC2,,PRKCA,,
,,,,,,,,,,,,,,,,,,,,CTNND2,FANCI,,,,,,SET,,,,IGF1,,,MSANTD2,NDUFAF2,SETD1B,CNOT2,GALT,,,,,,,,,,,,,,KCND2,,PRKCB,,
,,,,,,,,,,,,,,,,,,,,CTNS,FANCL,,,,,,SETBP1,,,,IKZF1,,,MSL3,NDUFAF3,SETD5,CNOT3,GAMT,,,,,,,,,,,,,,KCND3,,PRKD2,,
,,,,,,,,,,,,,,,,,,,,CTR9,FANCM,,,,,,SETD1A,,,,IL1R2,,,MSNP1AS,NDUFAF4,SGSH,CNOT9,GAN,,,,,,,,,,,,,,KCNH1,,PRKDC,,
,,,,,,,,,,,,,,,,,,,,CTSA,FARS2,,,,,,SETD1B,,,,IL1RAPL1,,,MSR1,NDUFAF5,SHQ1,CNPY3,GATAD2B,,,,,,,,,,,,,,KCNH5,,PRKN,,
,,,,,,,,,,,,,,,,,,,,CTSD,FAT4,,,,,,SETD2,,,,IL1RAPL2,,,MTF1,NDUFS1,SIK1,CNTN3,GATM,,,,,,,,,,,,,,KCNH7,,PRODH,,
,,,,,,,,,,,,,,,,,,,,CTSK,FBN1,,,,,,SETD5,,,,ILF2,,,MTHFR,NDUFS2,SLC12A5,CNTN4,GCDH,,,,,,,,,,,,,,KCNJ10,,PRPF39,,
,,,,,,,,,,,,,,,,,,,,CTU2,FBN2,,,,,,SF1,,,,IMMP2L,,,MTOR,NDUFS4,SLC13A3,CNTNAP1,GCH1,,,,,,,,,,,,,,KCNJ15,,PRUNE2,,
,,,,,,,,,,,,,,,,,,,,CUL3,FBXO11,,,,,,SF3B1,,,,INPP1,,,MUC12,NDUFS6,SLC13A5,CNTNAP2,GCSH,,,,,,,,,,,,,,KCNK7,,PSD3,,
,,,,,,,,,,,,,,,,,,,,CUL4B,FBXO28,,,,,,SF3B2,,,,INTS1,,,MUC4,NDUFS7,SLC16A2,COA3,GDI1,,,,,,,,,,,,,,KCNMA1,,PTBP2,,
,,,,,,,,,,,,,,,,,,,,CUL7,FBXW11,,,,,,SF3B3,,,,INTS6,,,MYCBP2,NDUFS8,SLC1A2,COA5,GEMIN4,,,,,,,,,,,,,,KCNN2,,PTCHD1-AS,,
,,,,,,,,,,,,,,,,,,,,CUX1,FCSK,,,,,,SF3B4,,,,IQGAP3,,,MYH10,NDUFV1,SLC1A4,COASY,GEMIN5,,,,,,,,,,,,,,KCNQ2,,PTGS2,,
,,,,,,,,,,,,,,,,,,,,CUX2,FDXR,,,,,,SHANK2,,,,IQSEC2,,,MYH4,NECAP1,SLC25A1,COG1,GFAP,,,,,,,,,,,,,,KCNQ3,,PTPRB,,
,,,,,,,,,,,,,,,,,,,,CWC27,FEZF1,,,,,,SHANK3,,,,IRF2BPL,,,MYH9,NEDD4L,SLC25A12,COG3,GFER,,,,,,,,,,,,,,KCNS3,,PTPRC,,
,,,,,,,,,,,,,,,,,,,,CWF19L1,FGD1,,,,,,SHOC2,,,,IRX5,,,MYO16,NEUROD2,SLC25A22,COG4,GFM1,,,,,,,,,,,,,,KCTD13,,PTPRD,,
,,,,,,,,,,,,,,,,,,,,CYB5R3,FGF10,,,,,,SIN3A,,,,ITGA8,,,MYO1E,NEXMIF,SLC2A1,COG5,GJC2,,,,,,,,,,,,,,KDM1A,,PTPRT,,
,,,,,,,,,,,,,,,,,,,,CYC1,FGF12,,,,,,SKI,,,,ITGB3,,,MYO5A,NGLY1,SLC32A1,COG6,GK,,,,,,,,,,,,,,KDM1B,,PXDN,,
,,,,,,,,,,,,,,,,,,,,CYFIP2,FGF13,,,,,,SLC15A3,,,,ITPR1,,,MYO5C,NHLRC1,SLC35A2,COG7,GLB1,,,,,,,,,,,,,,KDM2A,,PYHIN1,,
,,,,,,,,,,,,,,,,,,,,CYP1B1,FGF14,,,,,,SLC2A1,,,,ITSN1,,,MYO9B,NID1,SLC38A3,COG8,GLDC,,,,,,,,,,,,,,KDM2B,,QRICH1,,
,,,,,,,,,,,,,,,,,,,,CYP24A1,FGF9,,,,,,SLC39A8,,,,JARID2,,,MYT1L,NOTCH3,SLC39A8,COL10A1,GLI2,,,,,,,,,,,,,,KDM3A,,RAB11FIP5,,
,,,,,,,,,,,,,,,,,,,,CYP27A1,FGFR1,,,,,,SLC4A4,,,,JMJD1C,,,NAA15,NPRL2,SLC4A10,COL11A1,GLIS3,,,,,,,,,,,,,,KDM3B,,RAB2A,,
,,,,,,,,,,,,,,,,,,,,CYP2U1,FGFR2,,,,,,SLC6A1,,,,KANK1,,,NAALADL2,NPRL3,SLC6A1,COL11A2,GLRA2,,,,,,,,,,,,,,KDM4B,,RAB39B,,
,,,,,,,,,,,,,,,,,,,,D2HGDH,FGFR3,,,,,,SLC6A2,,,,KANSL1,,,NACC1,NR4A2,SLC6A8,COL18A1,GLUL,,,,,,,,,,,,,,KDM4C,,RAB43,,
,,,,,,,,,,,,,,,,,,,,DACT1,FH,,,,,,SLC9A3,,,,KAT2B,,,NAV2,NRAS,SLC9A6,COL1A1,GLYCTK,,,,,,,,,,,,,,KDM5A,,RAD21L1,,
,,,,,,,,,,,,,,,,,,,,DAG1,FHL1,,,,,,SMAD4,,,,KAT6A,,,NAV3,NRDC,SMARCA2,COL1A2,GM2A,,,,,,,,,,,,,,KDM5B,,RANBP17,,
,,,,,,,,,,,,,,,,,,,,DARS1,FKBP10,,,,,,SMAD6,,,,KAT6B,,,NBEA,NRROS,SMARCC2,COL25A1,GMPPA,,,,,,,,,,,,,,KDM5C,,RAPGEF4,,
,,,,,,,,,,,,,,,,,,,,DARS2,FKRP,,,,,,SMARCA2,,,,KATNAL1,,,NCKAP1,NRXN1,SMC1A,COL2A1,GMPPB,,,,,,,,,,,,,,KDM6A,,RASSF5,,
,,,,,,,,,,,,,,,,,,,,DAW1,FKTN,,,,,,SMARCA4,,,,KATNAL2,,,NCKAP5,NSD1,SMS,COL4A1,GNAI1,,,,,,,,,,,,,,KDM6B,,RBBP5,,
,,,,,,,,,,,,,,,,,,,,DBT,FLAD1,,,,,,SMARCB1,,,,KCNA2,,,NCOA1,NSDHL,SNAP25,COL4A2,GNAI2,,,,,,,,,,,,,,KHDRBS2,,RBFOX1,,
,,,,,,,,,,,,,,,,,,,,DCAF17,FLNA,,,,,,SMARCC2,,,,KCNA3,,,NCOR1,NSF,SNIP1,COL4A3,GNAO1,,,,,,,,,,,,,,KIAA0232,,RBM27,,
,,,,,,,,,,,,,,,,,,,,DCC,FLNB,,,,,,SMARCE1,,,,KCNB1,,,NDUFA5,NSRP1,SNORD118,COL4A3BP,GNAS,,,,,,,,,,,,,,KIAA1586,,REEP3,,
,,,,,,,,,,,,,,,,,,,,DCDC2,FLT4,,,,,,SMC3,,,,KCNC1,,,NEGR1,NTRK2,SPATA5,COL4A4,GNB1,,,,,,,,,,,,,,KIF13B,,RGS7,,
,,,,,,,,,,,,,,,,,,,,DCHS1,FLVCR2,,,,,,SNAP25,,,,KCNC2,,,NEO1,NUBPL,SPATA5L1,COL4A6,GNB2,,,,,,,,,,,,,,KIF14,,RHOXF1,,
,,,,,,,,,,,,,,,,,,,,DCX,FMN2,,,,,,SNRNP200,,,,KCND2,,,NEXMIF,NUP214,SPOUT1,COL6A1,GNB5,,,,,,,,,,,,,,KIF1A,,RIMS3,,
,,,,,,,,,,,,,,,,,,,,DDB1,FMR1,,,,,,SOGA1,,,,KCND3,,,NF1,NUS1,SPTAN1,COL6A3,GNPAT,,,,,,,,,,,,,,KIF5C,,RIT2,,
,,,,,,,,,,,,,,,,,,,,DDB2,FN1,,,,,,SON,,,,KCNH1,,,NFE2L3,OCLN,SPTBN1,COL9A1,GNPTAB,,,,,,,,,,,,,,KIRREL3,,RNF135,,
,,,,,,,,,,,,,,,,,,,,DDC,FOLR1,,,,,,SOS1,,,,KCNH5,,,NFIA,OGDHL,ST3GAL3,COL9A2,GNPTG,,,,,,,,,,,,,,KIZ,,RNF25,,
,,,,,,,,,,,,,,,,,,,,DDHD1,FOXC1,,,,,,SOX10,,,,KCNH7,,,NFIB,OLA1,ST3GAL5,COL9A3,GNS,,,,,,,,,,,,,,KLF16,,RNF38,,
,,,,,,,,,,,,,,,,,,,,DDHD2,FOXC2,,,,,,SOX11,,,,KCNJ10,,,NINL,OPHN1,STAG1,COLEC10,GPAA1,,,,,,,,,,,,,,KLF7,,ROBO2,,
,,,,,,,,,,,,,,,,,,,,DDOST,FOXE1,,,,,,SOX2,,,,KCNJ15,,,NIPA1,OTUD6B,STAMBP,COLEC11,GPATCH11,,,,,,,,,,,,,,KLHL20,,RP11-1407O15.2,,
,,,,,,,,,,,,,,,,,,,,DDR2,FOXE3,,,,,,SOX4,,,,KCNK7,,,NIPA2,OTUD7A,STRADA,COMP,GPC3,,,,,,,,,,,,,,KMT2A,,RPL10,,
,,,,,,,,,,,,,,,,,,,,DDX11,FOXF1,,,,,,SOX5,,,,KCNMA1,,,NIPBL,OTX2,STX1B,COPB1,GPC4,,,,,,,,,,,,,,KMT2B,,RPS10P2-AS1,,
,,,,,,,,,,,,,,,,,,,,DDX17,FOXG1,,,,,,SOX6,,,,KCNN2,,,NLGN1,OXR1,STXBP1,COPB2,GPT2,,,,,,,,,,,,,,KMT2C,,RPS6KA2,,
,,,,,,,,,,,,,,,,,,,,DDX23,FOXJ1,,,,,,SOX9,,,,KCNQ2,,,NLGN2,P4HTM,SUCLA2,COQ2,GRIA1,,,,,,,,,,,,,,KMT2D,,RPS6KA3,,
,,,,,,,,,,,,,,,,,,,,DDX3X,FOXN1,,,,,,SPAST,,,,KCNQ3,,,NLGN3,PABPC1,SUOX,COQ4,GRIA2,,,,,,,,,,,,,,KMT2E,,SACS,,
,,,,,,,,,,,,,,,,,,,,DDX54,FOXP1,,,,,,SPEN,,,,KCNS3,,,NLGN4X,PACS1,SURF1,COQ5,GRIA3,,,,,,,,,,,,,,KMT5B,,SAE1,,
,,,,,,,,,,,,,,,,,,,,DDX59,FOXP2,,,,,,SPI1,,,,KCTD13,,,NLGN4Y,PACS2,SYN1,COQ8A,GRIA4,,,,,,,,,,,,,,KNG1,,SAMD11,,
,,,,,,,,,,,,,,,,,,,,DDX6,FOXP3,,,,,,SPOP,,,,KDM1A,,,NOTCH1,PAFAH1B1,SYNGAP1,COQ9,GRID2,,,,,,,,,,,,,,KRR1,,SASH1,,
,,,,,,,,,,,,,,,,,,,,DEAF1,FOXRED1,,,,,,SPRY2,,,,KDM1B,,,NPAS2,PAH,SYNJ1,COX10,GRIK2,,,,,,,,,,,,,,KRT26,,SBF1,,
,,,,,,,,,,,,,,,,,,,,DEGS1,FRA10AC1,,,,,,SPTAN1,,,,KDM2A,,,NR1D1,PAK1,SZT2,COX11,GRIN1,,,,,,,,,,,,,,KSR2,,SCAF1,,
,,,,,,,,,,,,,,,,,,,,DENND5A,FRAS1,,,,,,SPTBN1,,,,KDM2B,,,NR2F1,PAK2,TAF8,COX14,GRIN2A,,,,,,,,,,,,,,LAMA1,,SCAF4,,
,,,,,,,,,,,,,,,,,,,,DENND5B,FREM1,,,,,,SPTBN2,,,,KDM3A,,,NR3C2,PARP6,TANGO2,COX15,GRIN2B,,,,,,,,,,,,,,LAMB1,,SCFD2,,
,,,,,,,,,,,,,,,,,,,,DEPDC5,FREM2,,,,,,SRCAP,,,,KDM3B,,,NR4A2,PARS2,TARS2,COX6B1,GRIN2D,,,,,,,,,,,,,,LARP1,,SCN4A,,
,,,,,,,,,,,,,,,,,,,,DGAT1,FRMPD4,,,,,,SRP54,,,,KDM4B,,,NRCAM,PCCA,TBC1D24,COX7B,GRM1,,,,,,,,,,,,,,LAS1L,,SCN9A,,
,,,,,,,,,,,,,,,,,,,,DHCR24,FRRS1L,,,,,,SRPR,,,,KDM4C,,,NRP2,PCCB,TBC1D2B,CP,GRM7,,,,,,,,,,,,,,LDB1,,SCP2,,
,,,,,,,,,,,,,,,,,,,,DHCR7,FTCD,,,,,,SRRM2,,,,KDM5A,,,NRXN1,PCDH12,TBCD,CPA6,GTF2E2,,,,,,,,,,,,,,LDLR,,SDC2,,
,,,,,,,,,,,,,,,,,,,,DHDDS,FTL,,,,,,SRRM3,,,,KDM5B,,,NRXN2,PCDH19,TBCK,CPD,GTF2H5,,,,,,,,,,,,,,LEMD3,,SEMA5A,,
,,,,,,,,,,,,,,,,,,,,DHFR,FTSJ1,,,,,,SRSF1,,,,KDM5C,,,NRXN3,PCDHB4,TBL1XR1,CPE,GTF3C3,,,,,,,,,,,,,,LEO1,,SERPINE1,,
,,,,,,,,,,,,,,,,,,,,DHODH,FUCA1,,,,,,SRSF7,,,,KDM6A,,,NSD1,PCDHGC4,TCF4,CPLX1,GTF3C5,,,,,,,,,,,,,,LEP,,SET,,
,,,,,,,,,,,,,,,,,,,,DHPS,FUT8,,,,,,STAG1,,,,KDM6B,,,NSD2,PCLO,TDP2,CPS1,GTPBP2,,,,,,,,,,,,,,LHX2,,SETD1B,,
,,,,,,,,,,,,,,,,,,,,DHRS3,FXN,,,,,,STAT1,,,,KHDRBS2,,,NSMCE3,PCYT2,TFE3,CPSF3,GTPBP3,,,,,,,,,,,,,,LILRB2,,SETDB1,,
,,,,,,,,,,,,,,,,,,,,DHTKD1,FXR1,,,,,,STX1B,,,,KIAA0232,,,NTNG1,PDHA1,TIAM1,CPXCR1,GUSB,,,,,,,,,,,,,,LIN7B,,SETDB2,,
,,,,,,,,,,,,,,,,,,,,DHX16,FYCO1,,,,,,STXBP1,,,,KIAA1586,,,NTRK1,PDHX,TIMM50,CRADD,H3F3A,,,,,,,,,,,,,,LMTK3,,SEZ6L2,,
,,,,,,,,,,,,,,,,,,,,DHX30,FZD5,,,,,,SUPT16H,,,,KIF13B,,,NTRK3,PDSS2,TMEM167A,CRB1,H3F3B,,,,,,,,,,,,,,LMX1B,,SF3B1,,
,,,,,,,,,,,,,,,,,,,,DHX34,FZD6,,,,,,SUPT6H,,,,KIF14,,,NUAK1,PET100,TMEM222,CRB2,HACE1,,,,,,,,,,,,,,LRBA,,SF3B3,,
,,,,,,,,,,,,,,,,,,,,DHX37,FZR1,,,,,,SUV420H1,,,,KIF1A,,,NUDCD2,PEX1,TMEM63B,CRBN,HADHA,,,,,,,,,,,,,,LRFN2,,SGSM3,,
,,,,,,,,,,,,,,,,,,,,DHX9,GAA,,,,,,SVEP1,,,,KIF5C,,,NUP133,PEX10,TMX2,CREBBP,HCCS,,,,,,,,,,,,,,LRFN5,,SH3RF3,,
,,,,,,,,,,,,,,,,,,,,DIP2B,GABBR2,,,,,,SYK,,,,KIRREL3,,,NUP155,PEX12,TNPO2,CRELD1,HCFC1,,,,,,,,,,,,,,LRP1,,SHANK1,,
,,,,,,,,,,,,,,,,,,,,DIP2C,GABRA1,,,,,,SYNCRIP,,,,KIZ,,,NXPH1,PEX13,TPP1,CRLF2,HCN1,,,,,,,,,,,,,,LRP2,,SHOX,,
,,,,,,,,,,,,,,,,,,,,DIS3L2,GABRA2,,,,,,SYNGAP1,,,,KLF16,,,OFD1,PEX19,TRA2B,CRMP1,HDAC3,,,,,,,,,,,,,,LRRC1,,SIN3B,,
,,,,,,,,,,,,,,,,,,,,DISP1,GABRB2,,,,,,SYT1,,,,KLF7,,,OPHN1,PEX2,TRAK1,CRNKL1,HDAC4,,,,,,,,,,,,,,LRRC4,,SLC12A5,,
,,,,,,,,,,,,,,,,,,,,DKC1,GABRB3,,,,,,TAB2,,,,KLHL20,,,OR1C1,PEX3,TRAPPC12,CRX,HDAC8,,,,,,,,,,,,,,LRRC4C,,SLC1A1,,
,,,,,,,,,,,,,,,,,,,,DLAT,GALC,,,,,,TAF4,,,,KMT2A,,,OR2M4,PEX5,TRAPPC4,CRYAA,HECTD4,,,,,,,,,,,,,,LZTR1,,SLC22A15,,
,,,,,,,,,,,,,,,,,,,,DLD,GALE,,,,,,TANC2,,,,KMT2B,,,OR2T10,PEX6,TREX1,CRYBA1,HECW2,,,,,,,,,,,,,,LZTS2,,SLC22A9,,
,,,,,,,,,,,,,,,,,,,,DLG2,GALK1,,,,,,TAOK1,,,,KMT2C,,,OR52M1,PEX7,TRIM8,CRYBA4,HEPACAM,,,,,,,,,,,,,,MACF1,,SLC24A2,,
,,,,,,,,,,,,,,,,,,,,DLG3,GALNS,,,,,,TAOK3,,,,KMT2D,,,OTUD7A,PGBD5,TRIT1,CRYBB1,HERC1,,,,,,,,,,,,,,MACROD2,,SLC25A12,,
,,,,,,,,,,,,,,,,,,,,DLG4,GALT,,,,,,TBCEL,,,,KMT2E,,,OTX1,PGM2L1,TRPM3,CRYBB2,HERC2,,,,,,,,,,,,,,MADD,,SLC25A27,,
,,,,,,,,,,,,,,,,,,,,DLG5,GAMT,,,,,,TBL1XR1,,,,KMT5B,,,OXT,PHACTR1,TRPM6,CRYBB3,HESX1,,,,,,,,,,,,,,MAGEC3,,SLC25A39,,
,,,,,,,,,,,,,,,,,,,,DLL1,GAN,,,,,,TBR1,,,,KNG1,,,OXTR,PHGDH,TRPM7,CRYGC,HEXA,,,,,,,,,,,,,,MAGEL2,,SLC27A4,,
,,,,,,,,,,,,,,,,,,,,DLL3,GAS2L2,,,,,,TBX3,,,,KPTN,,,P2RX5,PI4K2A,TSC1,CRYGD,HEXB,,,,,,,,,,,,,,MAN1B1,,SLC29A4,,
,,,,,,,,,,,,,,,,,,,,DLL4,GATA2,,,,,,TCF12,,,,KRR1,,,P4HA2,PIDD1,TSC2,CSDE1,HGSNAT,,,,,,,,,,,,,,MAOA,,SLC35B1,,
,,,,,,,,,,,,,,,,,,,,DLX5,GATA4,,,,,,TCF20,,,,KRT26,,,PACS1,PIGA,TSEN54,CSF1R,HIBCH,,,,,,,,,,,,,,MAOB,,SLC35G1,,
,,,,,,,,,,,,,,,,,,,,DMD,GATA6,,,,,,TCF3,,,,LAMA1,,,PAFAH1B2,PIGB,TUBA1A,CSF2RA,HID1,,,,,,,,,,,,,,MAP1A,,SLC38A10,,
,,,,,,,,,,,,,,,,,,,,DMP1,GATAD2B,,,,,,TCF4,,,,LAMB1,,,PAH,PIGC,TUBB2A,CSNK1G1,HIST1H1E,,,,,,,,,,,,,,MAP1B,,SLC4A10,,
,,,,,,,,,,,,,,,,,,,,DMPK,GATM,,,,,,TCF7L2,,,,LARP1,,,PAK2,PIGG,TUBB2B,CSNK2A1,HIST1H4C,,,,,,,,,,,,,,MAP4K1,,SLC6A3,,
,,,,,,,,,,,,,,,,,,,,DNA2,GBA1,,,,,,TERF2IP,,,,LAS1L,,,PAPOLG,PIGH,TUBB3,CSNK2B,HIST1H4E,,,,,,,,,,,,,,MAP4K4,,SLC6A4,,
,,,,,,,,,,,,,,,,,,,,DNAAF11,GBA2,,,,,,TFAP2B,,,,LDB1,,,PARD3B,PIGK,TUBB4A,CSPP1,HIVEP2,,,,,,,,,,,,,,MAPK3,,SLC6A8,,
,,,,,,,,,,,,,,,,,,,,DNAAF19,GBE1,,,,,,TFAP4,,,,LDLR,,,PATJ,PIGM,TUBG1,CSTB,HK1,,,,,,,,,,,,,,MAPK8IP1,,SLC7A3,,
,,,,,,,,,,,,,,,,,,,,DNAAF3,GCDH,,,,,,TLE3,,,,LEMD3,,,PAX5,PIGN,TUBGCP2,CSTF2,HLCS,,,,,,,,,,,,,,MAPK8IP3,,SLC7A5,,
,,,,,,,,,,,,,,,,,,,,DNAAF4,GCH1,,,,,,TLE4,,,,LEO1,,,PBX1,PIGO,U2AF2,CTBP1,HMGB1,,,,,,,,,,,,,,MAPT,,SLC7A7,,
,,,,,,,,,,,,,,,,,,,,DNAAF5,GCSH,,,,,,TLK2,,,,LEP,,,PCCB,PIGP,UBA5,CTC1,HMGCL,,,,,,,,,,,,,,MAPT-AS1,,SLC9A9,,
,,,,,,,,,,,,,,,,,,,,DNAAF6,GDF5,,,,,,TM9SF4,,,,LHX2,,,PCDH10,PIGQ,UBAP2L,CTCF,HNMT,,,,,,,,,,,,,,MARK1,,SLCO1B3,,
,,,,,,,,,,,,,,,,,,,,DNAH14,GDF6,,,,,,TMEM63B,,,,LILRB2,,,PCDH11X,PIGS,UBE2A,CTDP1,HNRNPC,,,,,,,,,,,,,,MARK2,,SLITRK5,,
,,,,,,,,,,,,,,,,,,,,DNAH5,GEMIN5,,,,,,TNFRSF11A,,,,LIN7B,,,PCDH15,PIGT,UBE3A,CTGF,HNRNPH1,,,,,,,,,,,,,,MAST1,,SMAD4,,
,,,,,,,,,,,,,,,,,,,,DNAH9,GFAP,,,,,,TNFRSF21,,,,LMTK3,,,PCDH19,PIGU,UBR5,CTNNA2,HNRNPH2,,,,,,,,,,,,,,MAST3,,SMAP2,,
,,,,,,,,,,,,,,,,,,,,DNAJB13,GFM1,,,,,,TNNC2,,,,LMX1B,,,PCDH9,PIGW,UBR7,CTNNB1,HNRNPK,,,,,,,,,,,,,,MBD1,,SMC3,,
,,,,,,,,,,,,,,,,,,,,DNAJB4,GHR,,,,,,TNPO2,,,,LNPK,,,PCDHA1,PIK3CA,UFM1,CTNND1,HNRNPR,,,,,,,,,,,,,,MBD3,,SMG6,,
,,,,,,,,,,,,,,,,,,,,DNAJC12,GJA1,,,,,,TNPO3,,,,LRBA,,,PCDHA10,PIK3R2,UFSP2,CTNND2,HNRNPU,,,,,,,,,,,,,,MBD4,,SMURF1,,
,,,,,,,,,,,,,,,,,,,,DNM1,GJA3,,,,,,TNRC6A,,,,LRFN2,,,PCDHA11,PIP5K1C,UGDH,CTNS,HOXA1,,,,,,,,,,,,,,MBD5,,SNAP25,,
,,,,,,,,,,,,,,,,,,,,DNM1L,GJA8,,,,,,TNRC6B,,,,LRFN5,,,PCDHA12,PLA2G6,UGGT1,CTPS2,HPD,,,,,,,,,,,,,,MBD6,,SND1,,
,,,,,,,,,,,,,,,,,,,,DNMT3A,GJB3,,,,,,TOP2B,,,,LRP1,,,PCDHA13,PLAA,UGP2,CTR9,HPDL,,,,,,,,,,,,,,MBOAT7,,SNTG2,,
,,,,,,,,,,,,,,,,,,,,DNMT3B,GK,,,,,,TRAF2,,,,LRP2,,,PCDHA2,PLCB1,UNC13A,CTSA,HPRT1,,,,,,,,,,,,,,MCM4,,SNX5,,
,,,,,,,,,,,,,,,,,,,,DOCK2,GLDC,,,,,,TRAF7,,,,LRRC1,,,PCDHA3,PLK1,UNC80,CTSD,HRAS,,,,,,,,,,,,,,MCM6,,SOD1,,
,,,,,,,,,,,,,,,,,,,,DOCK3,GLDN,,,,,,TRIM8,,,,LRRC4,,,PCDHA4,PLPBP,USP18,CTSF,HSD17B10,,,,,,,,,,,,,,MCPH1,,SORCS3,,
,,,,,,,,,,,,,,,,,,,,DOCK4,GLI2,,,,,,TRIO,,,,LRRC4C,,,PCDHA5,PLXNA1,VAMP2,CTSK,HSD17B4,,,,,,,,,,,,,,MDGA1,,SPARCL1,,
,,,,,,,,,,,,,,,,,,,,DOCK6,GLI3,,,,,,TRIP12,,,,LZTR1,,,PCDHA6,PMM2,VARS,CTTNBP2,HSPD1,,,,,,,,,,,,,,MDGA2,,SPEN,,
,,,,,,,,,,,,,,,,,,,,DOCK7,GLIS2,,,,,,TRPM3,,,,LZTS2,,,PCDHA7,PMPCB,VPS11,CTU2,HTRA2,,,,,,,,,,,,,,MECP2,,SPP2,,
,,,,,,,,,,,,,,,,,,,,DOCK8,GLIS3,,,,,,TRRAP,,,,MACF1,,,PCDHA8,PNKP,WARS2,CUL3,HUWE1,,,,,,,,,,,,,,MED12L,,SPRY2,,
,,,,,,,,,,,,,,,,,,,,DOHH,GLMN,,,,,,TSC1,,,,MACROD2,,,PCDHA9,PNPLA8,WASF1,CUL4B,IARS,,,,,,,,,,,,,,MED13,,SPTBN1,,
,,,,,,,,,,,,,,,,,,,,DOLK,GLRA1,,,,,,TSC2,,,,MAGEC3,,,PCDHAC1,PNPO,WDR37,CUL7,IBA57,,,,,,,,,,,,,,MED13L,,SRGAP3,,
,,,,,,,,,,,,,,,,,,,,DOT1L,GLRB,,,,,,U2AF2,,,,MAGEL2,,,PCDHAC2,PNPT1,WDR45,CUX1,IDH2,,,,,,,,,,,,,,MED23,,SRRM2,,
,,,,,,,,,,,,,,,,,,,,DPAGT1,GLUD1,,,,,,UBA2,,,,MAOA,,,PCLO,POLG,WDR45B,CUX2,IDS,,,,,,,,,,,,,,MEF2C,,SRSF11,,
,,,,,,,,,,,,,,,,,,,,DPF2,GLUL,,,,,,UBE3A,,,,MAOB,,,PCM1,POLG2,WDR47,CWC27,IDUA,,,,,,,,,,,,,,MEGF10,,SSRP1,,
,,,,,,,,,,,,,,,,,,,,DPH5,GMNN,,,,,,UBR1,,,,MAP1A,,,PDCD1,POMGNT1,WDR73,CWF19L1,IER3IP1,,,,,,,,,,,,,,MEGF11,,ST7,,
,,,,,,,,,,,,,,,,,,,,DPM1,GMPPB,,,,,,UBR5,,,,MAP1B,,,PDE1C,POMT1,WNK3,CXORF56,IFIH1,,,,,,,,,,,,,,MEIS2,,ST8SIA2,,
,,,,,,,,,,,,,,,,,,,,DPM3,GNA11,,,,,,UBTF,,,,MAP4K1,,,PDK2,POMT2,WWOX,CXORF58,IFT172,,,,,,,,,,,,,,MEMO1,,STK39,,
,,,,,,,,,,,,,,,,,,,,DPYSL5,GNA14,,,,,,UPF1,,,,MAP4K4,,,PER1,PPFIBP1,YIPF5,CYB5R3,IGF1,,,,,,,,,,,,,,MET,,STX1A,,
,,,,,,,,,,,,,,,,,,,,DRC1,GNAI3,,,,,,USP46,,,,MAPK3,,,PER2,PPIL1,YWHAG,CYC1,IGF1R,,,,,,,,,,,,,,METTL14,,STXBP5,,
,,,,,,,,,,,,,,,,,,,,DRC2,GNAO1,,,,,,USP49,,,,MAPK8IP1,,,PEX7,PPOX,ZBTB18,CYFIP1,IKBKG,,,,,,,,,,,,,,METTL26,,STYK1,,
,,,,,,,,,,,,,,,,,,,,DRC4,GNAQ,,,,,,USP7,,,,MAPK8IP3,,,PHB1,PPP1R3F,ZBTB47,CYFIP2,IL1RAPL1,,,,,,,,,,,,,,MFRP,,SUPT16H,,
,,,,,,,,,,,,,,,,,,,,DRG1,GNAS,,,,,,VAMP2,,,,MAPT,,,PHF12,PPP2CA,ZDHHC9,CYP1B1,IMPDH2,,,,,,,,,,,,,,MIB1,,SYAP1,,
,,,,,,,,,,,,,,,,,,,,DSE,GNB2,,,,,,VCP,,,,MAPT-AS1,,,PHF2,PPP2R1A,ZEB2,CYP27A1,INPP4A,,,,,,,,,,,,,,MINK1,,SYN2,,
,,,,,,,,,,,,,,,,,,,,DSG1,GNB5,,,,,,VEZF1,,,,MARK1,,,PHF21A,PPP2R2B,ZNF142,CYP2U1,INPP5E,,,,,,,,,,,,,,MIR137,,SYNCRIP,,
,,,,,,,,,,,,,,,,,,,,DSP,GNPAT,,,,,,VPS4A,,,,MARK2,,,PHF3,PPP2R5C,ZNF335,CYP7B1,INPP5K,,,,,,,,,,,,,,MKRN1,,SYNE1,,
,,,,,,,,,,,,,,,,,,,,DSPP,GNPTAB,,,,,,WAC,,,,MAST1,,,PHF7,PPP3CA,ZNFX1,D2HGDH,INTS1,,,,,,,,,,,,,,MKX,,SYNJ1,,
,,,,,,,,,,,,,,,,,,,,DSTYK,GNPTG,,,,,,WAPAL,,,,MAST3,,,PHIP,PPT1,,DAB1,INTS11,,,,,,,,,,,,,,MLANA,,SYT17,,
,,,,,,,,,,,,,,,,,,,,DVL1,GNS,,,,,,WDFY3,,,,MBD1,,,PHRF1,PRDM8,,DACT1,IQSEC2,,,,,,,,,,,,,,MNT,,TAF1C,,
,,,,,,,,,,,,,,,,,,,,DVL3,GORAB,,,,,,WDR26,,,,MBD3,,,PIK3CG,PRICKLE1,,DAG1,IREB2,,,,,,,,,,,,,,MRTFB,,TAF4,,
,,,,,,,,,,,,,,,,,,,,DYM,GOT2,,,,,,WDR37,,,,MBD4,,,PITX1,PRICKLE2,,DAGLA,IRF2BPL,,,,,,,,,,,,,,MSANTD2,,TAF6,,
,,,,,,,,,,,,,,,,,,,,DYNC1H1,GPC3,,,,,,WDR48,,,,MBD5,,,PLAUR,PRMT7,,DALRD3,IRX5,,,,,,,,,,,,,,MSL2,,TAOK2,,
,,,,,,,,,,,,,,,,,,,,DYNC1I2,GPC4,,,,,,WHSC1,,,,MBD6,,,PLCB1,PRMT9,,DAP3,ISPD,,,,,,,,,,,,,,MSL3,,TBC1D31,,
,,,,,,,,,,,,,,,,,,,,DYNC2H1,GPC6,,,,,,XPO1,,,,MBOAT7,,,PLCD4,PRODH,,DARS,ITPA,,,,,,,,,,,,,,MSNP1AS,,TBC1D5,,
,,,,,,,,,,,,,,,,,,,,DYNC2I1,GREB1L,,,,,,YWHAG,,,,MCM4,,,PLN,PROSC,,DARS2,ITPR1,,,,,,,,,,,,,,MSR1,,TBL1X,,
,,,,,,,,,,,,,,,,,,,,DYNC2I2,GRHL2,,,,,,YY1,,,,MCM6,,,PLXNA3,PRPF8,,DBT,ITSN1,,,,,,,,,,,,,,MSRA,,TDO2,,
,,,,,,,,,,,,,,,,,,,,DYNC2LI1,GRHL3,,,,,,ZBTB1,,,,MCPH1,,,PLXNA4,PRRT2,,DCAF17,IVD,,,,,,,,,,,,,,MSX2,,TECTA,,
,,,,,,,,,,,,,,,,,,,,DYRK1A,GRIA2,,,,,,ZBTB10,,,,MDGA2,,,PLXNB1,PSAP,,DCC,JAM3,,,,,,,,,,,,,,MTF1,,TERB2,,
,,,,,,,,,,,,,,,,,,,,EBF3,GRIA3,,,,,,ZBTB18,,,,MECP2,,,PNPLA7,PSAT1,,DCHS1,JARID2,,,,,,,,,,,,,,MTHFR,,TERF2,,
,,,,,,,,,,,,,,,,,,,,EBP,GRID2,,,,,,ZBTB20,,,,MED12L,,,POGZ,PSMB8,,DCHS2,KANSL1,,,,,,,,,,,,,,MTOR,,TET2,,
,,,,,,,,,,,,,,,,,,,,ECEL1,GRIK2,,,,,,ZBTB21,,,,MED13,,,POLA2,PSPH,,DCPS,KARS,,,,,,,,,,,,,,MUC12,,THBS1,,
,,,,,,,,,,,,,,,,,,,,ECHS1,GRIN1,,,,,,ZBTB34,,,,MED13L,,,POMGNT1,PTCD3,,DCTN1,KAT5,,,,,,,,,,,,,,MUC4,,THRA,,
,,,,,,,,,,,,,,,,,,,,ECM1,GRIN2B,,,,,,ZBTB7A,,,,MED23,,,POMT1,PTCH1,,DCX,KAT6A,,,,,,,,,,,,,,MYCBP2,,TM4SF19,,
,,,,,,,,,,,,,,,,,,,,EDA,GRIN2D,,,,,,ZDBF2,,,,MEF2C,,,PON1,PTEN,,DDB1,KAT6B,,,,,,,,,,,,,,MYH10,,TMEM39B,,
,,,,,,,,,,,,,,,,,,,,EDAR,GRM1,,,,,,ZDHHC5,,,,MEGF10,,,POT1,PTF1A,,DDB2,KAT8,,,,,,,,,,,,,,MYH4,,TMLHE,,
,,,,,,,,,,,,,,,,,,,,EDEM3,GRM6,,,,,,ZEB2,,,,MEGF11,,,PPFIA1,PTPMT1,,DDC,KCNA2,,,,,,,,,,,,,,MYH9,,TNRC6B,,
,,,,,,,,,,,,,,,,,,,,EDN1,GRM7,,,,,,ZFHX3,,,,MEIS2,,,PPM1D,PTPN23,,DDHD1,KCNA3,,,,,,,,,,,,,,MYLK,,TNRC6C,,
,,,,,,,,,,,,,,,,,,,,EDNRA,GTF2E2,,,,,,ZFHX4,,,,MEMO1,,,PPP1R1B,PTS,,DDHD2,KCNB1,,,,,,,,,,,,,,MYO16,,TOP2B,,
,,,,,,,,,,,,,,,,,,,,EDNRB,GTF2H5,,,,,,ZMIZ1,,,,MET,,,PPP1R9B,PUM1,,DDOST,KCNB2,,,,,,,,,,,,,,MYO1E,,TOP3B,,
,,,,,,,,,,,,,,,,,,,,EED,GTPBP2,,,,,,ZMYM2,,,,METTL14,,,PPP2R1B,PURA,,DDR2,KCNC1,,,,,,,,,,,,,,MYO5A,,TPO,,
,,,,,,,,,,,,,,,,,,,,EEF1A2,GUCY2C,,,,,,ZMYND11,,,,METTL26,,,PPP2R5D,QARS,,DDX11,KCND2,,,,,,,,,,,,,,MYO5C,,TRAPPC9,,
,,,,,,,,,,,,,,,,,,,,EEF1B2,GUSB,,,,,,ZMYND8,,,,MFRP,,,PPP5C,QDPR,,DDX17,KCNH1,,,,,,,,,,,,,,MYO7A,,TRIM33,,
,,,,,,,,,,,,,,,,,,,,EEF2,H1-4,,,,,,ZNF148,,,,MIB1,,,PREX1,RAB11A,,DDX23,KCNH5,,,,,,,,,,,,,,MYO9B,,TRPC6,,
,,,,,,,,,,,,,,,,,,,,EFEMP2,H3-3A,,,,,,ZNF292,,,,MINK1,,,PRICKLE1,RAB11B,,DDX39B,KCNJ10,,,,,,,,,,,,,,MYOCD,,TRPM1,,
,,,,,,,,,,,,,,,,,,,,EFL1,H4C3,,,,,,ZNF423,,,,MIR137,,,PRICKLE2,RAB18,,DDX3X,KCNJ11,,,,,,,,,,,,,,MYT1L,,TSPAN17,,
,,,,,,,,,,,,,,,,,,,,EFNB1,HACD1,,,,,,ZNF462,,,,MKRN1,,,PRKAR1B,RAB3GAP1,,DDX53,KCNJ6,,,,,,,,,,,,,,NAA10,,TSPAN4,,
,,,,,,,,,,,,,,,,,,,,EFTUD2,HACE1,,,,,,ZNF536,,,,MKX,,,PRKCA,RAB3GAP2,,DDX58,KCNK3,,,,,,,,,,,,,,NAA15,,TSPAN7,,
,,,,,,,,,,,,,,,,,,,,EGR2,HADH,,,,,,ZNF644,,,,MLANA,,,PRKCB,RAB5C,,DDX59,KCNK9,,,,,,,,,,,,,,NAALADL2,,TSPOAP1,,
,,,,,,,,,,,,,,,,,,,,EHMT1,HADHA,,,,,,ZNF865,,,,MNT,,,PRKD2,RAC3,,DDX6,KCNMA1,,,,,,,,,,,,,,NACC1,,TTN,,
,,,,,,,,,,,,,,,,,,,,EIF2AK1,HCFC1,,,,,,,,,,MRTFB,,,PRKDC,RALA,,DEAF1,KCNN2,,,,,,,,,,,,,,NASP,,TUBGCP5,,
,,,,,,,,,,,,,,,,,,,,EIF2AK2,HDAC4,,,,,,,,,,MSANTD2,,,PRKN,RALGAPA1,,DECR1,KCNN3,,,,,,,,,,,,,,NAV2,,UBA7,,
,,,,,,,,,,,,,,,,,,,,EIF2AK3,HDAC8,,,,,,,,,,MSL2,,,PRMT9,RALGAPB,,DEGS1,KCNQ2,,,,,,,,,,,,,,NAV3,,UBE2H,,
,,,,,,,,,,,,,,,,,,,,EIF2B4,HECW2,,,,,,,,,,MSL3,,,PRODH,RANBP2,,DENND5A,KCNQ3,,,,,,,,,,,,,,NBEA,,UBE3C,,
,,,,,,,,,,,,,,,,,,,,EIF2B5,HERC2,,,,,,,,,,MSNP1AS,,,PRPF39,RARS,,DENND5B,KCNQ5,,,,,,,,,,,,,,NCAPH2,,UBN2,,
,,,,,,,,,,,,,,,,,,,,EIF2S3,HESX1,,,,,,,,,,MSR1,,,PRR12,RARS2,,DEPDC5,KCNT1,,,,,,,,,,,,,,NCKAP1,,UBR3,,
,,,,,,,,,,,,,,,,,,,,EIF3A,HEXA,,,,,,,,,,MSRA,,,PRR14L,RELN,,DGKH,KCNT2,,,,,,,,,,,,,,NCKAP5,,UBR5,,
,,,,,,,,,,,,,,,,,,,,EIF3B,HEXB,,,,,,,,,,MSX2,,,PRUNE2,RFT1,,DHCR24,KCTD3,,,,,,,,,,,,,,NCOA1,,UIMC1,,
,,,,,,,,,,,,,,,,,,,,EIF3F,HGSNAT,,,,,,,,,,MTF1,,,PSD3,RHEB,,DHCR7,KCTD7,,,,,,,,,,,,,,NCOR1,,UNC13A,,
,,,,,,,,,,,,,,,,,,,,EIF4A2,HIBCH,,,,,,,,,,MTHFR,,,PSMD11,RHOBTB2,,DHDDS,KDM1A,,,,,,,,,,,,,,NDUFA5,,UNC79,,
,,,,,,,,,,,,,,,,,,,,EIF4A3,HINT1,,,,,,,,,,MTOR,,,PSMD12,RMND1,,DHFR,KDM2B,,,,,,,,,,,,,,NEDD4,,UNC80,,
,,,,,,,,,,,,,,,,,,,,EIF5A,HIVEP2,,,,,,,,,,MTSS2,,,PSMD6,RNASEH2A,,DHODH,KDM3B,,,,,,,,,,,,,,NEGR1,,UPF2,,
,,,,,,,,,,,,,,,,,,,,ELAC2,HK1,,,,,,,,,,MUC12,,,PTBP2,RNASEH2B,,DHPS,KDM4B,,,,,,,,,,,,,,NEO1,,USH2A,,
,,,,,,,,,,,,,,,,,,,,ELFN1,HLCS,,,,,,,,,,MUC4,,,PTCHD1,RNASEH2C,,DHRSX,KDM5A,,,,,,,,,,,,,,NEXMIF,,USP15,,
,,,,,,,,,,,,,,,,,,,,ELMO2,HMGCL,,,,,,,,,,MYCBP2,,,PTCHD1-AS,RNASET2,,DHTKD1,KDM5B,,,,,,,,,,,,,,NF1,,USP45,,
,,,,,,,,,,,,,,,,,,,,ELN,HMGCS2,,,,,,,,,,MYH10,,,PTEN,RNF113A,,DHX30,KDM5C,,,,,,,,,,,,,,NFE2L3,,USP7,,
,,,,,,,,,,,,,,,,,,,,ELOVL4,HMX1,,,,,,,,,,MYH4,,,PTGS2,RNF13,,DHX32,KDM6A,,,,,,,,,,,,,,NFIA,,USP9Y,,
,,,,,,,,,,,,,,,,,,,,ELP2,HNF1B,,,,,,,,,,MYH9,,,PTK7,RNF2,,DHX37,KDM6B,,,,,,,,,,,,,,NFIB,,VASH1,,
,,,,,,,,,,,,,,,,,,,,EMC1,HNF4A,,,,,,,,,,MYLK,,,PTPN11,RNU12,,DHX9,KIAA0556,,,,,,,,,,,,,,NINL,,VDR,,
,,,,,,,,,,,,,,,,,,,,EMC10,HNRNPA2B1,,,,,,,,,,MYO16,,,PTPRB,RNU2-2P,,DIAPH1,KIAA0586,,,,,,,,,,,,,,NIPA1,,VIL1,,
,,,,,,,,,,,,,,,,,,,,EMG1,HNRNPH1,,,,,,,,,,MYO1E,,,PTPRC,RNU4-2,,DIAPH2,KIAA1109,,,,,,,,,,,,,,NIPA2,,VSIG4,,
,,,,,,,,,,,,,,,,,,,,EMX2,HNRNPH2,,,,,,,,,,MYO5A,,,PTPRD,RNU4ATAC,,DIP2B,KIDINS220,,,,,,,,,,,,,,NIPBL,,WDFY4,,
,,,,,,,,,,,,,,,,,,,,ENPP1,HNRNPK,,,,,,,,,,MYO5C,,,PTPRT,RNU5A-1,,DIS3L2,KIF11,,,,,,,,,,,,,,NKX2-2,,WNK3,,
,,,,,,,,,,,,,,,,,,,,ENTPD1,HNRNPR,,,,,,,,,,MYO7A,,,PXDN,RNU5B-1,,DKC1,KIF14,,,,,,,,,,,,,,NLGN1,,WNT1,,
,,,,,,,,,,,,,,,,,,,,EOGT,HNRNPU,,,,,,,,,,MYO9B,,,PYHIN1,RNU6ATAC,,DLAT,KIF1A,,,,,,,,,,,,,,NLGN2,,WWOX,,
,,,,,,,,,,,,,,,,,,,,EOMES,HOXA1,,,,,,,,,,MYOCD,,,QRICH1,ROGDI,,DLD,KIF1BP,,,,,,,,,,,,,,NLGN3,,XPO1,,
,,,,,,,,,,,,,,,,,,,,EP300,HOXA13,,,,,,,,,,MYT1L,,,RAB11FIP5,RORA,,DLG1,KIF21B,,,,,,,,,,,,,,NLGN4X,,YEATS2,,
,,,,,,,,,,,,,,,,,,,,EPB41L1,HOXC13,,,,,,,,,,NAA10,,,RAB2A,RORB,,DLG2,KIF2A,,,,,,,,,,,,,,NLGN4Y,,YTHDC2,,
,,,,,,,,,,,,,,,,,,,,EPB41L3,HOXD13,,,,,,,,,,NAA15,,,RAB39B,RPIA,,DLG3,KIF4A,,,,,,,,,,,,,,NMT1,,YWHAE,,
,,,,,,,,,,,,,,,,,,,,EPCAM,HPD,,,,,,,,,,NAALADL2,,,RAB43,RPS6KC1,,DLG4,KIF5A,,,,,,,,,,,,,,NOTCH1,,ZBTB16,,
,,,,,,,,,,,,,,,,,,,,EPG5,HPDL,,,,,,,,,,NACC1,,,RAD21L1,RRM2B,,DLGAP2,KIF5C,,,,,,,,,,,,,,NPAS2,,ZC3H11A,,
,,,,,,,,,,,,,,,,,,,,EPHB4,HPGD,,,,,,,,,,NASP,,,RAI1,RTEL1,,DLL1,KIF7,,,,,,,,,,,,,,NPAS3,,ZC3H4,,
,,,,,,,,,,,,,,,,,,,,EPRS1,HPRT1,,,,,,,,,,NAV2,,,RALGAPB,RTN4IP1,,DLL3,KLF7,,,,,,,,,,,,,,NPFFR2,,ZFYVE26,,
,,,,,,,,,,,,,,,,,,,,ERBB3,HPS1,,,,,,,,,,NAV3,,,RANBP17,RTTN,,DLL4,KLHL20,,,,,,,,,,,,,,NPTN,,ZMIZ1,,
,,,,,,,,,,,,,,,,,,,,ERCC1,HPSE2,,,,,,,,,,NBEA,,,RAPGEF4,RUBCN,,DMD,KLHL7,,,,,,,,,,,,,,NR1D1,,ZMYM2,,
,,,,,,,,,,,,,,,,,,,,ERCC2,HR,,,,,,,,,,NCAPH2,,,RASSF5,RUSC2,,DMP1,KMT2A,,,,,,,,,,,,,,NR2F1,,ZMYND11,,
,,,,,,,,,,,,,,,,,,,,ERCC3,HRAS,,,,,,,,,,NCKAP1,,,RBBP5,RYR2,,DMPK,KMT2B,,,,,,,,,,,,,,NR3C2,,ZNF18,,
,,,,,,,,,,,,,,,,,,,,ERCC4,HS2ST1,,,,,,,,,,NCKAP5,,,RBFOX1,RYR3,,DMXL2,KMT2C,,,,,,,,,,,,,,NR4A2,,ZNF385B,,
,,,,,,,,,,,,,,,,,,,,ERCC5,HSD17B10,,,,,,,,,,NCOA1,,,RBM27,SAMD12,,DNA2,KMT2D,,,,,,,,,,,,,,NRCAM,,ZNF517,,
,,,,,,,,,,,,,,,,,,,,ERCC6,HSD17B4,,,,,,,,,,NCOR1,,,REEP3,SAMHD1,,DNAAF3,KMT2E,,,,,,,,,,,,,,NRP2,,ZNF548,,
,,,,,,,,,,,,,,,,,,,,ERCC6L2,HSF4,,,,,,,,,,NDUFA5,,,RELN,SARS,,DNAAF4,KMT5B,,,,,,,,,,,,,,NRXN1,,ZNF559,,
,,,,,,,,,,,,,,,,,,,,ERCC8,HSPD1,,,,,,,,,,NEDD4,,,RERE,SATB1,,DNAH14,KNL1,,,,,,,,,,,,,,NRXN2,,ZNF626,,
,,,,,,,,,,,,,,,,,,,,ERF,HYAL1,,,,,,,,,,NEGR1,,,RFX3,SATB2,,DNAJC12,KPTN,,,,,,,,,,,,,,NRXN3,,ZNF711,,
,,,,,,,,,,,,,,,,,,,,ERI1,HYAL2,,,,,,,,,,NEO1,,,RGS7,SCAF4,,DNAJC19,KRAS,,,,,,,,,,,,,,NSD1,,ZNF713,,
,,,,,,,,,,,,,,,,,,,,ERLIN2,HYDIN,,,,,,,,,,NEXMIF,,,RHOXF1,SCAMP5,,DNAJC3,L1CAM,,,,,,,,,,,,,,NSD2,,ZNF774,,
,,,,,,,,,,,,,,,,,,,,ERMARD,HYLS1,,,,,,,,,,NF1,,,RIMS1,SCARB2,,DNM1,L2HGDH,,,,,,,,,,,,,,NSMCE3,,ZNF804A,,
,,,,,,,,,,,,,,,,,,,,ESAM,IDS,,,,,,,,,,NFE2L3,,,RIMS3,SCN1A,,DNM1L,LAMA1,,,,,,,,,,,,,,NTNG1,,ZNF827,,
,,,,,,,,,,,,,,,,,,,,ESCO2,IDUA,,,,,,,,,,NFIA,,,RIT2,SCN1B,,DNM2,LAMA2,,,,,,,,,,,,,,NTRK1,,ZWILCH,,
,,,,,,,,,,,,,,,,,,,,ETFA,IFIH1,,,,,,,,,,NFIB,,,RNF135,SCN2A,,DNMT1,LAMB1,,,,,,,,,,,,,,NTRK3,,,,
,,,,,,,,,,,,,,,,,,,,ETFB,IFITM5,,,,,,,,,,NFIX,,,RNF25,SCN2B,,DNMT3A,LAMP2,,,,,,,,,,,,,,NUAK1,,,,
,,,,,,,,,,,,,,,,,,,,ETFDH,IFT122,,,,,,,,,,NINL,,,RNF38,SCN3A,,DNMT3B,LARGE1,,,,,,,,,,,,,,NUCLEOLIN,,,,
,,,,,,,,,,,,,,,,,,,,ETHE1,IFT140,,,,,,,,,,NIPA1,,,RNU2-2,SCN8A,,DOCK11,LARP7,,,,,,,,,,,,,,NUDCD2,,,,
,,,,,,,,,,,,,,,,,,,,EVC,IFT172,,,,,,,,,,NIPA2,,,RNU4-2,SCN9A,,DOCK3,LARS,,,,,,,,,,,,,,NUP133,,,,
,,,,,,,,,,,,,,,,,,,,EVC2,IFT43,,,,,,,,,,NIPBL,,,RNU5B-1,SCO1,,DOCK4,LETM1,,,,,,,,,,,,,,NUP155,,,,
,,,,,,,,,,,,,,,,,,,,EXOSC2,IFT74,,,,,,,,,,NKX2-2,,,ROBO2,SCO2,,DOCK6,LGI3,,,,,,,,,,,,,,NXF1,,,,
,,,,,,,,,,,,,,,,,,,,EXOSC3,IFT80,,,,,,,,,,NLGN1,,,RORB,SDHA,,DOCK7,LHX2,,,,,,,,,,,,,,NXPH1,,,,
,,,,,,,,,,,,,,,,,,,,EXOSC8,IGF1,,,,,,,,,,NLGN2,,,RP11-1407O15.2,SEC24D,,DOCK8,LIAS,,,,,,,,,,,,,,OFD1,,,,
,,,,,,,,,,,,,,,,,,,,EXOSC9,IGF2,,,,,,,,,,NLGN3,,,RPL10,SEC31A,,DOHH,LIG4,,,,,,,,,,,,,,OPHN1,,,,
,,,,,,,,,,,,,,,,,,,,EXPH5,IGFBP7,,,,,,,,,,NLGN4X,,,RPS10P2-AS1,SEMA6B,,DOLK,LINC01578,,,,,,,,,,,,,,OR1C1,,,,
,,,,,,,,,,,,,,,,,,,,EXT1,IGHMBP2,,,,,,,,,,NLGN4Y,,,RPS6KA2,SEPSECS,,DONSON,LINGO4,,,,,,,,,,,,,,OR2M4,,,,
,,,,,,,,,,,,,,,,,,,,EXT2,IGSF1,,,,,,,,,,NMT1,,,RPS6KA3,SERPINI1,,DPAGT1,LINS1,,,,,,,,,,,,,,OR2T10,,,,
,,,,,,,,,,,,,,,,,,,,EXTL3,IHH,,,,,,,,,,NOTCH1,,,RUNX1T1,SETBP1,,DPF1,LIPT1,,,,,,,,,,,,,,OR52M1,,,,
,,,,,,,,,,,,,,,,,,,,EYA1,IKBKG,,,,,,,,,,NOVA2,,,SACS,SETD1A,,DPF2,LMBRD2,,,,,,,,,,,,,,OTUD7A,,,,
,,,,,,,,,,,,,,,,,,,,EZH1,IL11RA,,,,,,,,,,NPAS2,,,SAE1,SETD1B,,DPF3,LMNB1,,,,,,,,,,,,,,OTULIN,,,,
,,,,,,,,,,,,,,,,,,,,EZH2,IL1RAPL1,,,,,,,,,,NPAS3,,,SAMD11,SETD5,,DPH1,LONP1,,,,,,,,,,,,,,OTX1,,,,
,,,,,,,,,,,,,,,,,,,,FAH,INPP5E,,,,,,,,,,NPFFR2,,,SASH1,SF3B1,,DPH2,LRP2,,,,,,,,,,,,,,OXT,,,,
,,,,,,,,,,,,,,,,,,,,FAM111A,INPPL1,,,,,,,,,,NPTN,,,SATB1,SGSH,,DPH5,LRPPRC,,,,,,,,,,,,,,OXTR,,,,
,,,,,,,,,,,,,,,,,,,,FAM149B1,IPO8,,,,,,,,,,NR1D1,,,SATB2,SHANK3,,DPM1,LRRC7,,,,,,,,,,,,,,P2RX5,,,,
,,,,,,,,,,,,,,,,,,,,FAM161A,IQSEC2,,,,,,,,,,NR2F1,,,SBF1,SHH,,DPM2,LSS,,,,,,,,,,,,,,P4HA2,,,,
,,,,,,,,,,,,,,,,,,,,FAM177A1,IRF2BPL,,,,,,,,,,NR3C2,,,SCAF1,SHQ1,,DPM3,LYRM7,,,,,,,,,,,,,,PABPC1,,,,
,,,,,,,,,,,,,,,,,,,,FAM20A,IRF6,,,,,,,,,,NR4A2,,,SCAF4,SHROOM4,,DPP6,LZTR1,,,,,,,,,,,,,,PACS1,,,,
,,,,,,,,,,,,,,,,,,,,FAM20C,ITGA8,,,,,,,,,,NRCAM,,,SCFD2,SIK1,,DPYD,MAB21L1,,,,,,,,,,,,,,PAFAH1B2,,,,
,,,,,,,,,,,,,,,,,,,,FANCA,ITPR1,,,,,,,,,,NRP2,,,SCN1A,SIX3,,DPYS,MAB21L2,,,,,,,,,,,,,,PAH,,,,
,,,,,,,,,,,,,,,,,,,,FANCB,IVD,,,,,,,,,,NRXN1,,,SCN2A,SLC12A5,,DPYSL2,MACF1,,,,,,,,,,,,,,PAK2,,,,
,,,,,,,,,,,,,,,,,,,,FANCC,JAG1,,,,,,,,,,NRXN2,,,SCN4A,SLC13A3,,DPYSL5,MADD,,,,,,,,,,,,,,PAPOLG,,,,
,,,,,,,,,,,,,,,,,,,,FANCD2,JAG2,,,,,,,,,,NRXN3,,,SCN8A,SLC13A5,,DRD2,MAF,,,,,,,,,,,,,,PARD3B,,,,
,,,,,,,,,,,,,,,,,,,,FANCE,JAGN1,,,,,,,,,,NSD1,,,SCN9A,SLC16A2,,DROSHA,MAG,,,,,,,,,,,,,,PATJ,,,,
,,,,,,,,,,,,,,,,,,,,FANCF,JARID2,,,,,,,,,,NSD2,,,SCP2,SLC1A2,,DSCAM,MAGEL2,,,,,,,,,,,,,,PAX5,,,,
,,,,,,,,,,,,,,,,,,,,FANCG,KANSL1,,,,,,,,,,NSMCE3,,,SDC2,SLC1A4,,DSCR3,MAN1B1,,,,,,,,,,,,,,PBX1,,,,
,,,,,,,,,,,,,,,,,,,,FANCI,KARS1,,,,,,,,,,NTNG1,,,SEMA5A,SLC25A1,,DSPP,MAN2B1,,,,,,,,,,,,,,PC,,,,
,,,,,,,,,,,,,,,,,,,,FANCL,KAT5,,,,,,,,,,NTNG2,,,SERPINE1,SLC25A12,,DST,MAN2C1,,,,,,,,,,,,,,PCCB,,,,
,,,,,,,,,,,,,,,,,,,,FANCM,KAT6A,,,,,,,,,,NTRK1,,,SET,SLC25A19,,DSTYK,MANBA,,,,,,,,,,,,,,PCDH10,,,,
,,,,,,,,,,,,,,,,,,,,FAR1,KAT6B,,,,,,,,,,NTRK2,,,SETBP1,SLC25A22,,DTYMK,MAOA,,,,,,,,,,,,,,PCDH11X,,,,
,,,,,,,,,,,,,,,,,,,,FARS2,KATNB1,,,,,,,,,,NTRK3,,,SETD1A,SLC2A1,,DVL1,MAP1B,,,,,,,,,,,,,,PCDH15,,,,
,,,,,,,,,,,,,,,,,,,,FASN,KBTBD13,,,,,,,,,,NUAK1,,,SETD1B,SLC31A1,,DVL3,MAP2K1,,,,,,,,,,,,,,PCDH19,,,,
,,,,,,,,,,,,,,,,,,,,FASTKD5,KCNA2,,,,,,,,,,NUDCD2,,,SETD2,SLC32A1,,DYM,MAP2K2,,,,,,,,,,,,,,PCDH9,,,,
,,,,,,,,,,,,,,,,,,,,FAT4,KCNC3,,,,,,,,,,NUP133,,,SETD5,SLC35A1,,DYNC1H1,MAP4K4,,,,,,,,,,,,,,PCDHA1,,,,
,,,,,,,,,,,,,,,,,,,,FBLN1,KCND3,,,,,,,,,,NUP155,,,SETDB1,SLC35A2,,DYNC1I2,MAPK1,,,,,,,,,,,,,,PCDHA10,,,,
,,,,,,,,,,,,,,,,,,,,FBN1,KCNE1,,,,,,,,,,NXF1,,,SETDB2,SLC35A3,,DYNC2H1,MAPK8IP3,,,,,,,,,,,,,,PCDHA11,,,,
,,,,,,,,,,,,,,,,,,,,FBN2,KCNH1,,,,,,,,,,NXPH1,,,SEZ6L2,SLC38A3,,DYRK1A,MAPKAPK5,,,,,,,,,,,,,,PCDHA12,,,,
,,,,,,,,,,,,,,,,,,,,FBP1,KCNH5,,,,,,,,,,OCRL,,,SF1,SLC39A8,,EARS2,MAPRE2,,,,,,,,,,,,,,PCDHA13,,,,
,,,,,,,,,,,,,,,,,,,,FBXL4,KCNJ10,,,,,,,,,,OFD1,,,SF3B1,SLC45A1,,EBF3,MARK2,,,,,,,,,,,,,,PCDHA2,,,,
,,,,,,,,,,,,,,,,,,,,FBXO11,KCNJ11,,,,,,,,,,OPHN1,,,SGSM3,SLC4A10,,EBP,MASP1,,,,,,,,,,,,,,PCDHA3,,,,
,,,,,,,,,,,,,,,,,,,,FBXO28,KCNJ6,,,,,,,,,,OR1C1,,,SH3RF3,SLC5A6,,ECEL1,MAST1,,,,,,,,,,,,,,PCDHA4,,,,
,,,,,,,,,,,,,,,,,,,,FBXW11,KCNJ8,,,,,,,,,,OR2M4,,,SHANK1,SLC6A1,,EDA,MAST3,,,,,,,,,,,,,,PCDHA5,,,,
,,,,,,,,,,,,,,,,,,,,FBXW4,KCNK3,,,,,,,,,,OR2T10,,,SHANK2,SLC6A19,,EDEM3,MAST4,,,,,,,,,,,,,,PCDHA6,,,,
,,,,,,,,,,,,,,,,,,,,FBXW7,KCNMA1,,,,,,,,,,OR52M1,,,SHANK3,SLC6A5,,EDNRA,MAT1A,,,,,,,,,,,,,,PCDHA7,,,,
,,,,,,,,,,,,,,,,,,,,FCSK,KCNN3,,,,,,,,,,OTUD7A,,,SHOX,SLC6A8,,EDNRB,MBD5,,,,,,,,,,,,,,PCDHA8,,,,
,,,,,,,,,,,,,,,,,,,,FDFT1,KCNQ1,,,,,,,,,,OTX1,,,SIN3A,SLC7A6OS,,EED,MBOAT7,,,,,,,,,,,,,,PCDHA9,,,,
,,,,,,,,,,,,,,,,,,,,FDXR,KCNQ2,,,,,,,,,,OXT,,,SIN3B,SLC9A6,,EEF1A2,MBTPS2,,,,,,,,,,,,,,PCDHAC1,,,,
,,,,,,,,,,,,,,,,,,,,FEM1B,KCNQ3,,,,,,,,,,OXTR,,,SKI,SMARCA2,,EEF1B2,MCCC1,,,,,,,,,,,,,,PCDHAC2,,,,
,,,,,,,,,,,,,,,,,,,,FEM1C,KCNQ5,,,,,,,,,,P2RX5,,,SLC12A5,SMARCC2,,EEF1D,MCCC2,,,,,,,,,,,,,,PCLO,,,,
,,,,,,,,,,,,,,,,,,,,FEZF1,KCNT1,,,,,,,,,,P4HA2,,,SLC1A1,SMC1A,,EEFSEC,MCM3AP,,,,,,,,,,,,,,PCM1,,,,
,,,,,,,,,,,,,,,,,,,,FEZF2,KCTD7,,,,,,,,,,PABPC1,,,SLC22A15,SMS,,EFHC1,MCOLN1,,,,,,,,,,,,,,PDCD1,,,,
,,,,,,,,,,,,,,,,,,,,FGD1,KDELR2,,,,,,,,,,PACS1,,,SLC22A9,SNAP25,,EFNB1,MCPH1,,,,,,,,,,,,,,PDE1C,,,,
,,,,,,,,,,,,,,,,,,,,FGF10,KDM1A,,,,,,,,,,PACS2,,,SLC24A2,SNF8,,EFTUD2,MDH2,,,,,,,,,,,,,,PDE3B,,,,
,,,,,,,,,,,,,,,,,,,,FGF12,KDM3B,,,,,,,,,,PAFAH1B2,,,SLC25A12,SNIP1,,EGR2,MECP2,,,,,,,,,,,,,,PDHA1,,,,
,,,,,,,,,,,,,,,,,,,,FGF13,KDM4B,,,,,,,,,,PAH,,,SLC25A27,SNORD118,,EHMT1,MED11,,,,,,,,,,,,,,PDK2,,,,
,,,,,,,,,,,,,,,,,,,,FGF14,KDM5B,,,,,,,,,,PAK1,,,SLC25A39,SNW1,,EIF1AX,MED12,,,,,,,,,,,,,,PEBP4,,,,
,,,,,,,,,,,,,,,,,,,,FGF3,KDM5C,,,,,,,,,,PAK2,,,SLC27A4,SNX27,,EIF2A,MED12L,,,,,,,,,,,,,,PER1,,,,
,,,,,,,,,,,,,,,,,,,,FGF9,KDM6A,,,,,,,,,,PAPOLG,,,SLC29A4,SP9,,EIF2AK1,MED13,,,,,,,,,,,,,,PER2,,,,
,,,,,,,,,,,,,,,,,,,,FGFR1,KDM6B,,,,,,,,,,PARD3B,,,SLC35B1,SPATA5,,EIF2AK2,MED13L,,,,,,,,,,,,,,PEX7,,,,
,,,,,,,,,,,,,,,,,,,,FGFR2,KIAA0586,,,,,,,,,,PATJ,,,SLC35G1,SPATA5L1,,EIF2AK3,MED16,,,,,,,,,,,,,,PHB1,,,,
,,,,,,,,,,,,,,,,,,,,FGFR3,KIDINS220,,,,,,,,,,PAX5,,,SLC38A10,SPOUT1,,EIF2S3,MED17,,,,,,,,,,,,,,PHF12,,,,
,,,,,,,,,,,,,,,,,,,,FH,KIF14,,,,,,,,,,PAX6,,,SLC4A10,SPR,,EIF3F,MED23,,,,,,,,,,,,,,PHF14,,,,
,,,,,,,,,,,,,,,,,,,,FHL1,KIF1A,,,,,,,,,,PBX1,,,SLC6A1,SPTAN1,,EIF4A2,MED25,,,,,,,,,,,,,,PHF2,,,,
,,,,,,,,,,,,,,,,,,,,FIBP,KIF22,,,,,,,,,,PC,,,SLC6A3,SPTBN1,,EIF4A3,MED27,,,,,,,,,,,,,,PHF21A,,,,
,,,,,,,,,,,,,,,,,,,,FICD,KIF2A,,,,,,,,,,PCCA,,,SLC6A4,SPTBN4,,EIF4G1,MEF2C,,,,,,,,,,,,,,PHF3,,,,
,,,,,,,,,,,,,,,,,,,,FIG4,KIF5A,,,,,,,,,,PCCB,,,SLC6A8,SRPX2,,EIF5A,MEIS2,,,,,,,,,,,,,,PHF7,,,,
,,,,,,,,,,,,,,,,,,,,FILIP1,KIF7,,,,,,,,,,PCDH10,,,SLC7A3,ST3GAL3,,EIPR1,METTL23,,,,,,,,,,,,,,PHIP,,,,
,,,,,,,,,,,,,,,,,,,,FKBP10,KIFBP,,,,,,,,,,PCDH11X,,,SLC7A5,ST3GAL5,,ELAC2,METTL5,,,,,,,,,,,,,,PHLPP1,,,,
,,,,,,,,,,,,,,,,,,,,FKBP14,KIT,,,,,,,,,,PCDH15,,,SLC7A7,STAG1,,ELAVL2,MFF,,,,,,,,,,,,,,PHRF1,,,,
,,,,,,,,,,,,,,,,,,,,FKRP,KLF7,,,,,,,,,,PCDH19,,,SLC9A6,STAMBP,,ELFN1,MFSD2A,,,,,,,,,,,,,,PIK3CA,,,,
,,,,,,,,,,,,,,,,,,,,FKTN,KLHL40,,,,,,,,,,PCDH9,,,SLC9A9,STARD7,,ELK1,MFSD8,,,,,,,,,,,,,,PIK3CG,,,,
,,,,,,,,,,,,,,,,,,,,FLAD1,KMT2A,,,,,,,,,,PCDHA1,,,SLCO1B3,STIL,,ELN,MGAT2,,,,,,,,,,,,,,PITX1,,,,
,,,,,,,,,,,,,,,,,,,,FLG,KMT2B,,,,,,,,,,PCDHA10,,,SLITRK5,STRADA,,ELOVL4,MICU1,,,,,,,,,,,,,,PJA1,,,,
,,,,,,,,,,,,,,,,,,,,FLNA,KMT2C,,,,,,,,,,PCDHA11,,,SMAD4,STX1B,,ELOVL5,MID1,,,,,,,,,,,,,,PKD1,,,,
,,,,,,,,,,,,,,,,,,,,FLNB,KMT2D,,,,,,,,,,PCDHA12,,,SMAP2,STXBP1,,ELP2,MINPP1,,,,,,,,,,,,,,PLAA,,,,
,,,,,,,,,,,,,,,,,,,,FLT4,KMT2E,,,,,,,,,,PCDHA13,,,SMARCA1,SUCLA2,,EMC1,MKKS,,,,,,,,,,,,,,PLAUR,,,,
,,,,,,,,,,,,,,,,,,,,FLVCR1,KMT5B,,,,,,,,,,PCDHA2,,,SMARCA2,SUCLG1,,EMC10,MKS1,,,,,,,,,,,,,,PLCB1,,,,
,,,,,,,,,,,,,,,,,,,,FLVCR2,KNL1,,,,,,,,,,PCDHA3,,,SMARCA4,SUOX,,EMG1,MLC1,,,,,,,,,,,,,,PLCD4,,,,
,,,,,,,,,,,,,,,,,,,,FMN2,KRAS,,,,,,,,,,PCDHA4,,,SMARCC2,SURF1,,EML1,MLYCD,,,,,,,,,,,,,,PLEKHA8,,,,
,,,,,,,,,,,,,,,,,,,,FMR1,KRIT1,,,,,,,,,,PCDHA5,,,SMC3,SYN1,,EMX2,MMAA,,,,,,,,,,,,,,PLN,,,,
,,,,,,,,,,,,,,,,,,,,FN1,L1CAM,,,,,,,,,,PCDHA6,,,SMG6,SYNCRIP,,EN2,MMAB,,,,,,,,,,,,,,PLPPR4,,,,
,,,,,,,,,,,,,,,,,,,,FOLR1,L2HGDH,,,,,,,,,,PCDHA7,,,SMURF1,SYNGAP1,,ENOX2,MMACHC,,,,,,,,,,,,,,PLXNA3,,,,
,,,,,,,,,,,,,,,,,,,,FOSL2,LAMA1,,,,,,,,,,PCDHA8,,,SNAP25,SYNJ1,,ENPP1,MMADHC,,,,,,,,,,,,,,PLXNA4,,,,
,,,,,,,,,,,,,,,,,,,,FOXC1,LAMA2,,,,,,,,,,PCDHA9,,,SND1,SZT2,,ENTPD1,MN1,,,,,,,,,,,,,,PLXNB1,,,,
,,,,,,,,,,,,,,,,,,,,FOXC2,LAMB1,,,,,,,,,,PCDHAC1,,,SNTG2,TAF8,,EOGT,MOCS1,,,,,,,,,,,,,,PNPLA7,,,,
,,,,,,,,,,,,,,,,,,,,FOXE1,LAMC3,,,,,,,,,,PCDHAC2,,,SNX5,TANC2,,EOMES,MOCS2,,,,,,,,,,,,,,POGZ,,,,
,,,,,,,,,,,,,,,,,,,,FOXE3,LAMP2,,,,,,,,,,PCLO,,,SOD1,TANGO2,,EP300,MOGS,,,,,,,,,,,,,,POLA2,,,,
,,,,,,,,,,,,,,,,,,,,FOXF1,LARGE1,,,,,,,,,,PCM1,,,SON,TARS2,,EPB41L1,MORC2,,,,,,,,,,,,,,POLR2A,,,,
,,,,,,,,,,,,,,,,,,,,FOXG1,LARP7,,,,,,,,,,PDCD1,,,SORCS3,TBC1D20,,EPB41L3,MPDU1,,,,,,,,,,,,,,POLR3A,,,,
,,,,,,,,,,,,,,,,,,,,FOXI3,LARS2,,,,,,,,,,PDE1C,,,SOS2,TBC1D24,,EPG5,MPLKIP,,,,,,,,,,,,,,POMGNT1,,,,
,,,,,,,,,,,,,,,,,,,,FOXJ1,LBR,,,,,,,,,,PDE3B,,,SOX5,TBC1D2B,,EPHA7,MPP5,,,,,,,,,,,,,,POMT1,,,,
,,,,,,,,,,,,,,,,,,,,FOXL2,LEMD3,,,,,,,,,,PDHA1,,,SPARCL1,TBCD,,EPM2A,MRPL49,,,,,,,,,,,,,,PON1,,,,
,,,,,,,,,,,,,,,,,,,,FOXN1,LFNG,,,,,,,,,,PDK2,,,SPAST,TBCK,,EPPK1,MRPS22,,,,,,,,,,,,,,POT1,,,,
,,,,,,,,,,,,,,,,,,,,FOXP1,LGI4,,,,,,,,,,PDZD8,,,SPEN,TBL1XR1,,ERBB4,MRPS34,,,,,,,,,,,,,,PPFIA1,,,,
,,,,,,,,,,,,,,,,,,,,FOXP2,LHX3,,,,,,,,,,PEBP4,,,SPP2,TCF4,,ERCC1,MSL2,,,,,,,,,,,,,,PPFIA3,,,,
,,,,,,,,,,,,,,,,,,,,FOXP3,LHX4,,,,,,,,,,PER1,,,SPRY2,TCP1,,ERCC2,MSL3,,,,,,,,,,,,,,PPM1D,,,,
,,,,,,,,,,,,,,,,,,,,FOXP4,LIFR,,,,,,,,,,PER2,,,SPTBN1,TDP2,,ERCC3,MSMO1,,,,,,,,,,,,,,PPP1R1B,,,,
,,,,,,,,,,,,,,,,,,,,FOXRED1,LIG4,,,,,,,,,,PEX7,,,SRCAP,TEFM,,ERCC4,MTFMT,,,,,,,,,,,,,,PPP1R9B,,,,
,,,,,,,,,,,,,,,,,,,,FRA10AC1,LINS1,,,,,,,,,,PHB1,,,SRGAP3,TELO2,,ERCC5,MTHFR,,,,,,,,,,,,,,PPP2R1A,,,,
,,,,,,,,,,,,,,,,,,,,FRAS1,LIPT1,,,,,,,,,,PHF12,,,SRPRA,TET3,,ERCC6,MTHFS,,,,,,,,,,,,,,PPP2R1B,,,,
,,,,,,,,,,,,,,,,,,,,FREM1,LIPT2,,,,,,,,,,PHF14,,,SRRM2,TFE3,,ERCC6L2,MTO1,,,,,,,,,,,,,,PPP2R5C,,,,
,,,,,,,,,,,,,,,,,,,,FREM2,LMBRD1,,,,,,,,,,PHF2,,,SRSF11,TGIF1,,ERCC8,MTOR,,,,,,,,,,,,,,PPP2R5D,,,,
,,,,,,,,,,,,,,,,,,,,FRMD5,LMNA,,,,,,,,,,PHF21A,,,SSRP1,TIAM1,,ERF,MTR,,,,,,,,,,,,,,PPP3CA,,,,
,,,,,,,,,,,,,,,,,,,,FRMD7,LMNB1,,,,,,,,,,PHF3,,,ST7,TIMM50,,ERGIC3,MTRR,,,,,,,,,,,,,,PPP5C,,,,
,,,,,,,,,,,,,,,,,,,,FRMPD4,LMNB2,,,,,,,,,,PHF7,,,ST8SIA2,TMEM106B,,ERI1,MTSS1L,,,,,,,,,,,,,,PREX1,,,,
,,,,,,,,,,,,,,,,,,,,FRRS1L,LMOD2,,,,,,,,,,PHF8,,,STK39,TMEM167A,,ERLIN2,MUT,,,,,,,,,,,,,,PRICKLE1,,,,
,,,,,,,,,,,,,,,,,,,,FRY,LMOD3,,,,,,,,,,PHIP,,,STX1A,TMEM222,,ERMARD,MVK,,,,,,,,,,,,,,PRICKLE2,,,,
,,,,,,,,,,,,,,,,,,,,FRYL,LMX1B,,,,,,,,,,PHLPP1,,,STXBP1,TMEM63B,,ESAM,MYCN,,,,,,,,,,,,,,PRKAR1B,,,,
,,,,,,,,,,,,,,,,,,,,FTCD,LONP1,,,,,,,,,,PHRF1,,,STXBP5,TMEM70,,ESCO2,MYH10,,,,,,,,,,,,,,PRKCA,,,,
,,,,,,,,,,,,,,,,,,,,FTL,LRAT,,,,,,,,,,PIK3CA,,,STYK1,TMX2,,ESX1,MYO5A,,,,,,,,,,,,,,PRKCB,,,,
,,,,,,,,,,,,,,,,,,,,FTO,LRBA,,,,,,,,,,PIK3CG,,,SUPT16H,TNK2,,ETFA,MYT1L,,,,,,,,,,,,,,PRKD2,,,,
,,,,,,,,,,,,,,,,,,,,FTSJ1,LRIG2,,,,,,,,,,PIK3R2,,,SYAP1,TNPO2,,ETFB,NAA10,,,,,,,,,,,,,,PRKDC,,,,
,,,,,,,,,,,,,,,,,,,,FUCA1,LRIT3,,,,,,,,,,PITX1,,,SYN1,TPP1,,ETFDH,NAA15,,,,,,,,,,,,,,PRKN,,,,
,,,,,,,,,,,,,,,,,,,,FUT8,LRP2,,,,,,,,,,PJA1,,,SYN2,TRA2B,,ETHE1,NAA20,,,,,,,,,,,,,,PRMT9,,,,
,,,,,,,,,,,,,,,,,,,,FXN,LRP4,,,,,,,,,,PKD1,,,SYNCRIP,TRAF7,,EVC,NACC1,,,,,,,,,,,,,,PRODH,,,,
,,,,,,,,,,,,,,,,,,,,FXR1,LRP5,,,,,,,,,,PLAA,,,SYNE1,TRAK1,,EVC2,NAGA,,,,,,,,,,,,,,PRPF19,,,,
,,,,,,,,,,,,,,,,,,,,FYCO1,LRRC56,,,,,,,,,,PLAUR,,,SYNGAP1,TRAPPC12,,EXOC2,NAGLU,,,,,,,,,,,,,,PRPF39,,,,
,,,,,,,,,,,,,,,,,,,,FZD5,LTBP1,,,,,,,,,,PLCB1,,,SYNJ1,TRAPPC4,,EXOC7,NALCN,,,,,,,,,,,,,,PRPF8,,,,
,,,,,,,,,,,,,,,,,,,,FZD6,LTBP3,,,,,,,,,,PLCD4,,,SYT17,TRAPPC6B,,EXOSC3,NANS,,,,,,,,,,,,,,PRR12,,,,
,,,,,,,,,,,,,,,,,,,,FZR1,LYSET,,,,,,,,,,PLEKHA8,,,TAF1C,TREX1,,EXOSC8,NAPB,,,,,,,,,,,,,,PRR14L,,,,
,,,,,,,,,,,,,,,,,,,,GAA,LYST,,,,,,,,,,PLN,,,TAF4,TRIM8,,EXT1,NARS,,,,,,,,,,,,,,PRR25,,,,
,,,,,,,,,,,,,,,,,,,,GABBR1,LZTR1,,,,,,,,,,PLPPR4,,,TAF6,TRIP13,,EXT2,NAV3,,,,,,,,,,,,,,PRUNE2,,,,
,,,,,,,,,,,,,,,,,,,,GABBR2,MAB21L1,,,,,,,,,,PLXNA3,,,TANC2,TRIT1,,EXTL3,NBEA,,,,,,,,,,,,,,PSD3,,,,
,,,,,,,,,,,,,,,,,,,,GABRA1,MAB21L2,,,,,,,,,,PLXNA4,,,TAOK1,TRPM3,,EYA1,NCDN,,,,,,,,,,,,,,PSMC5,,,,
,,,,,,,,,,,,,,,,,,,,GABRA2,MACF1,,,,,,,,,,PLXNB1,,,TAOK2,TRPM6,,EZH1,NCKAP1,,,,,,,,,,,,,,PSMD11,,,,
,,,,,,,,,,,,,,,,,,,,GABRA4,MADD,,,,,,,,,,PNPLA7,,,TBC1D31,TRPM7,,EZH2,NDE1,,,,,,,,,,,,,,PSMD12,,,,
,,,,,,,,,,,,,,,,,,,,GABRB2,MAF,,,,,,,,,,POGZ,,,TBC1D5,TRRAP,,F5,NDP,,,,,,,,,,,,,,PSMD6,,,,
,,,,,,,,,,,,,,,,,,,,GABRB3,MAFB,,,,,,,,,,POLA2,,,TBCEL,TSC1,,FA2H,NDST1,,,,,,,,,,,,,,PTBP2,,,,
,,,,,,,,,,,,,,,,,,,,GABRD,MAGEL2,,,,,,,,,,POLR2A,,,TBCK,TSC2,,FAAH2,NDUFA1,,,,,,,,,,,,,,PTCH1,,,,
,,,,,,,,,,,,,,,,,,,,GABRG1,MAMLD1,,,,,,,,,,POLR3A,,,TBL1X,TSEN15,,FAH,NDUFA2,,,,,,,,,,,,,,PTCHD1,,,,
,,,,,,,,,,,,,,,,,,,,GABRG2,MAN1B1,,,,,,,,,,POMGNT1,,,TBL1XR1,TSEN2,,FAM111A,NDUFS1,,,,,,,,,,,,,,PTCHD1-AS,,,,
,,,,,,,,,,,,,,,,,,,,GAD1,MAN2B1,,,,,,,,,,POMT1,,,TBR1,TSEN34,,FAM111B,NDUFS4,,,,,,,,,,,,,,PTDSS1,,,,
,,,,,,,,,,,,,,,,,,,,GALC,MAN2C1,,,,,,,,,,PON1,,,TCF20,TSEN54,,FAM120C,NDUFS7,,,,,,,,,,,,,,PTEN,,,,
,,,,,,,,,,,,,,,,,,,,GALE,MANBA,,,,,,,,,,POT1,,,TCF4,TSFM,,FAM126A,NDUFS8,,,,,,,,,,,,,,PTGS2,,,,
,,,,,,,,,,,,,,,,,,,,GALK1,MAOA,,,,,,,,,,POU3F3,,,TCF7L2,TUBA1A,,FAM160B1,NDUFV1,,,,,,,,,,,,,,PTK7,,,,
,,,,,,,,,,,,,,,,,,,,GALNS,MAP2K1,,,,,,,,,,PPFIA1,,,TDO2,TUBA3E,,FAM161A,NEDD4L,,,,,,,,,,,,,,PTPN11,,,,
,,,,,,,,,,,,,,,,,,,,GALT,MAP2K2,,,,,,,,,,PPFIA3,,,TECTA,TUBA8,,FAM177A1,NEMF,,,,,,,,,,,,,,PTPRB,,,,
,,,,,,,,,,,,,,,,,,,,GAMT,MAP3K1,,,,,,,,,,PPM1D,,,TEK,TUBB,,FAM20A,NEU1,,,,,,,,,,,,,,PTPRC,,,,
,,,,,,,,,,,,,,,,,,,,GAN,MAP3K7,,,,,,,,,,PPP1R1B,,,TERB2,TUBB2A,,FAM20C,NEUROD2,,,,,,,,,,,,,,PTPRD,,,,
,,,,,,,,,,,,,,,,,,,,GAS2L2,MAPK8IP3,,,,,,,,,,PPP1R9B,,,TERF2,TUBB2B,,FAM47B,NEUROG1,,,,,,,,,,,,,,PTPRS,,,,
,,,,,,,,,,,,,,,,,,,,GATA2,MAPKAPK5,,,,,,,,,,PPP2CA,,,TET2,TUBB3,,FAM50A,NEXMIF,,,,,,,,,,,,,,PTPRT,,,,
,,,,,,,,,,,,,,,,,,,,GATA3,MASP1,,,,,,,,,,PPP2R1B,,,THBS1,TUBB4A,,FAM58A,NF1,,,,,,,,,,,,,,PUF60,,,,
,,,,,,,,,,,,,,,,,,,,GATA4,MAST1,,,,,,,,,,PPP2R5C,,,THRA,TUBG1,,FANCA,NFASC,,,,,,,,,,,,,,PXDN,,,,
,,,,,,,,,,,,,,,,,,,,GATA6,MAT1A,,,,,,,,,,PPP2R5D,,,TLE3,TUBGCP2,,FANCB,NFIA,,,,,,,,,,,,,,PYHIN1,,,,
,,,,,,,,,,,,,,,,,,,,GATAD2B,MATN3,,,,,,,,,,PPP3CA,,,TLK2,TXN2,,FANCC,NFIX,,,,,,,,,,,,,,QRICH1,,,,
,,,,,,,,,,,,,,,,,,,,GATM,MBD5,,,,,,,,,,PPP5C,,,TM4SF19,TXNRD1,,FANCD2,NFU1,,,,,,,,,,,,,,RAB11FIP4,,,,
,,,,,,,,,,,,,,,,,,,,GBA1,MBOAT7,,,,,,,,,,PREX1,,,TM9SF4,U2AF2,,FANCE,NGLY1,,,,,,,,,,,,,,RAB11FIP5,,,,
,,,,,,,,,,,,,,,,,,,,GBA2,MC2R,,,,,,,,,,PRICKLE1,,,TMEM39B,UBA5,,FANCF,NHLRC2,,,,,,,,,,,,,,RAB2A,,,,
,,,,,,,,,,,,,,,,,,,,GBE1,MCCC1,,,,,,,,,,PRICKLE2,,,TMLHE,UBAP2L,,FANCG,NHS,,,,,,,,,,,,,,RAB39B,,,,
,,,,,,,,,,,,,,,,,,,,GCDH,MCCC2,,,,,,,,,,PRKAR1B,,,TNRC6B,UBE2A,,FANCI,NIPBL,,,,,,,,,,,,,,RAB43,,,,
,,,,,,,,,,,,,,,,,,,,GCH1,MCEE,,,,,,,,,,PRKCA,,,TNRC6C,UBE3A,,FAR1,NKAP,,,,,,,,,,,,,,RAD21L1,,,,
,,,,,,,,,,,,,,,,,,,,GCSH,MCOLN1,,,,,,,,,,PRKCB,,,TOP2B,UBR5,,FARS2,NKX2-1,,,,,,,,,,,,,,RAI1,,,,
,,,,,,,,,,,,,,,,,,,,GDF1,MCPH1,,,,,,,,,,PRKD1,,,TOP3B,UBR7,,FARSA,NLGN3,,,,,,,,,,,,,,RALGAPA1,,,,
,,,,,,,,,,,,,,,,,,,,GDF11,MDH2,,,,,,,,,,PRKD2,,,TPO,UFC1,,FARSB,NONO,,,,,,,,,,,,,,RALGAPB,,,,
,,,,,,,,,,,,,,,,,,,,GDF3,MECOM,,,,,,,,,,PRKDC,,,TRAF7,UFM1,,FASN,NOTCH3,,,,,,,,,,,,,,RANBP17,,,,
,,,,,,,,,,,,,,,,,,,,GDF5,MECP2,,,,,,,,,,PRKN,,,TRAPPC9,UFSP2,,FAT4,NOVA2,,,,,,,,,,,,,,RANBP9,,,,
,,,,,,,,,,,,,,,,,,,,GDF6,MECR,,,,,,,,,,PRMT9,,,TRIM23,UGDH,,FBLN5,NPC1,,,,,,,,,,,,,,RAP1A,,,,
,,,,,,,,,,,,,,,,,,,,GDI1,MED12,,,,,,,,,,PRODH,,,TRIM33,UGGT1,,FBN1,NPC2,,,,,,,,,,,,,,RAPGEF2,,,,
,,,,,,,,,,,,,,,,,,,,GEMIN4,MED13,,,,,,,,,,PRPF19,,,TRIO,UGP2,,FBN2,NPHP1,,,,,,,,,,,,,,RAPGEF4,,,,
,,,,,,,,,,,,,,,,,,,,GEMIN5,MED13L,,,,,,,,,,PRPF39,,,TRIP12,UNC13A,,FBP1,NR2F1,,,,,,,,,,,,,,RASSF5,,,,
,,,,,,,,,,,,,,,,,,,,GFAP,MED25,,,,,,,,,,PRPF8,,,TRPC6,UNC13B,,FBRSL1,NR2F2,,,,,,,,,,,,,,RBBP5,,,,
,,,,,,,,,,,,,,,,,,,,GFER,MED27,,,,,,,,,,PRR12,,,TRPM1,UNC79,,FBXL3,NR4A2,,,,,,,,,,,,,,RBFOX1,,,,
,,,,,,,,,,,,,,,,,,,,GFM1,MEGF8,,,,,,,,,,PRR14L,,,TRRAP,UNC80,,FBXL4,NRAS,,,,,,,,,,,,,,RBM27,,,,
,,,,,,,,,,,,,,,,,,,,GHR,MEOX1,,,,,,,,,,PRR25,,,TSC1,USP18,,FBXO11,NRCAM,,,,,,,,,,,,,,REEP3,,,,
,,,,,,,,,,,,,,,,,,,,GIGYF1,MESD,,,,,,,,,,PRUNE2,,,TSC2,USP7,,FBXO22,NRROS,,,,,,,,,,,,,,RELN,,,,
,,,,,,,,,,,,,,,,,,,,GJA1,MESP2,,,,,,,,,,PSD3,,,TSHZ1,VAMP2,,FBXO25,NRXN1,,,,,,,,,,,,,,RERE,,,,
,,,,,,,,,,,,,,,,,,,,GJA3,METTL23,,,,,,,,,,PSMC5,,,TSHZ3,VARS,,FBXO28,NSD1,,,,,,,,,,,,,,RFX3,,,,
,,,,,,,,,,,,,,,,,,,,GJA8,METTL5,,,,,,,,,,PSMD11,,,TSPAN17,VLDLR,,FBXO31,NSD2,,,,,,,,,,,,,,RFX4,,,,
,,,,,,,,,,,,,,,,,,,,GJB3,MFF,,,,,,,,,,PSMD12,,,TSPAN4,VPS11,,FBXO7,NSDHL,,,,,,,,,,,,,,RFX7,,,,
,,,,,,,,,,,,,,,,,,,,GJC2,MFRP,,,,,,,,,,PSMD6,,,TSPAN7,VPS36,,FBXO8,NSRP1,,,,,,,,,,,,,,RGS7,,,,
,,,,,,,,,,,,,,,,,,,,GK,MFSD2A,,,,,,,,,,PTBP2,,,TSPOAP1,VPS50,,FBXW11,NSUN2,,,,,,,,,,,,,,RHOXF1,,,,
,,,,,,,,,,,,,,,,,,,,GLB1,MFSD8,,,,,,,,,,PTCH1,,,TTN,WARS2,,FBXW4,NT5C2,,,,,,,,,,,,,,RICTOR,,,,
,,,,,,,,,,,,,,,,,,,,GLDC,MGAT2,,,,,,,,,,PTCHD1,,,TUBGCP5,WASF1,,FBXW7,NTNG2,,,,,,,,,,,,,,RIMS1,,,,
,,,,,,,,,,,,,,,,,,,,GLDN,MGP,,,,,,,,,,PTCHD1-AS,,,UBAP2L,WDR37,,FDFT1,NTRK1,,,,,,,,,,,,,,RIMS2,,,,
,,,,,,,,,,,,,,,,,,,,GLE1,MICU1,,,,,,,,,,PTDSS1,,,UBE2H,WDR4,,FDXR,NTRK2,,,,,,,,,,,,,,RIMS3,,,,
,,,,,,,,,,,,,,,,,,,,GLI2,MID1,,,,,,,,,,PTEN,,,UBE3A,WDR45,,FEM1B,NUBPL,,,,,,,,,,,,,,RIT2,,,,
,,,,,,,,,,,,,,,,,,,,GLI3,MIR17HG,,,,,,,,,,PTGS2,,,UBE3C,WDR45B,,FEM1C,NUDT2,,,,,,,,,,,,,,RNF135,,,,
,,,,,,,,,,,,,,,,,,,,GLIS2,MIR184,,,,,,,,,,PTK7,,,UBN2,WDR47,,FGD1,NUP214,,,,,,,,,,,,,,RNF25,,,,
,,,,,,,,,,,,,,,,,,,,GLIS3,MITF,,,,,,,,,,PTPN11,,,UBR1,WDR62,,FGD4,NUS1,,,,,,,,,,,,,,RNF38,,,,
,,,,,,,,,,,,,,,,,,,,GLMN,MKKS,,,,,,,,,,PTPN4,,,UBR3,WDR73,,FGF10,OCLN,,,,,,,,,,,,,,RNU2-2,,,,
,,,,,,,,,,,,,,,,,,,,GLRA1,MKS1,,,,,,,,,,PTPRB,,,UBR5,WNK3,,FGF12,OCRL,,,,,,,,,,,,,,RNU4-2,,,,
,,,,,,,,,,,,,,,,,,,,GLRB,MLC1,,,,,,,,,,PTPRC,,,UIMC1,WSB2,,FGF13,ODC1,,,,,,,,,,,,,,RNU5B-1,,,,
,,,,,,,,,,,,,,,,,,,,GLUD1,MLYCD,,,,,,,,,,PTPRD,,,UNC13A,WWOX,,FGF14,OFD1,,,,,,,,,,,,,,ROBO2,,,,
,,,,,,,,,,,,,,,,,,,,GLUL,MMAA,,,,,,,,,,PTPRS,,,UNC79,XK,,FGF3,OGDHL,,,,,,,,,,,,,,RORB,,,,
,,,,,,,,,,,,,,,,,,,,GM2A,MMAB,,,,,,,,,,PTPRT,,,UNC80,YIF1B,,FGFR1,OGT,,,,,,,,,,,,,,RP11-1407O15.2,,,,
,,,,,,,,,,,,,,,,,,,,GMNN,MMP13,,,,,,,,,,PUF60,,,UPF2,YIPF5,,FGFR2,OPA1,,,,,,,,,,,,,,RPH3A,,,,
,,,,,,,,,,,,,,,,,,,,GMPPA,MMP21,,,,,,,,,,PXDN,,,UPF3B,YWHAG,,FGFR3,OPA3,,,,,,,,,,,,,,RPL10,,,,
,,,,,,,,,,,,,,,,,,,,GMPPB,MMUT,,,,,,,,,,PYHIN1,,,USH2A,ZBTB18,,FH,OPHN1,,,,,,,,,,,,,,RPS10P2-AS1,,,,
,,,,,,,,,,,,,,,,,,,,GNA11,MN1,,,,,,,,,,QRICH1,,,USP15,ZBTB47,,FHL1,OSGEP,,,,,,,,,,,,,,RPS6KA2,,,,
,,,,,,,,,,,,,,,,,,,,GNA14,MNX1,,,,,,,,,,RAB11FIP4,,,USP45,ZDHHC9,,FIBP,OTC,,,,,,,,,,,,,,RPS6KA3,,,,
,,,,,,,,,,,,,,,,,,,,GNAI1,MOCS1,,,,,,,,,,RAB11FIP5,,,USP7,ZEB2,,FICD,OTUD5,,,,,,,,,,,,,,RSF1,,,,
,,,,,,,,,,,,,,,,,,,,GNAI3,MOCS2,,,,,,,,,,RAB2A,,,USP9X,ZIC2,,FIG4,OTUD6B,,,,,,,,,,,,,,RUNX1T1,,,,
,,,,,,,,,,,,,,,,,,,,GNAO1,MOGS,,,,,,,,,,RAB39B,,,USP9Y,ZMIZ1,,FILIP1,OTUD7A,,,,,,,,,,,,,,SACS,,,,
,,,,,,,,,,,,,,,,,,,,GNAQ,MORC2,,,,,,,,,,RAB43,,,VASH1,ZMYM2,,FKBP14,OTX2,,,,,,,,,,,,,,SAE1,,,,
,,,,,,,,,,,,,,,,,,,,GNAS,MPDU1,,,,,,,,,,RAC1,,,VDR,ZNF142,,FKBP6,OXR1,,,,,,,,,,,,,,SAMD11,,,,
,,,,,,,,,,,,,,,,,,,,GNB1,MPI,,,,,,,,,,RAD21,,,VEZF1,ZNF335,,FKBPL,P4HTM,,,,,,,,,,,,,,SASH1,,,,
,,,,,,,,,,,,,,,,,,,,GNB2,MPLKIP,,,,,,,,,,RAD21L1,,,VIL1,ZNFX1,,FKRP,PABPC1,,,,,,,,,,,,,,SATB1,,,,
,,,,,,,,,,,,,,,,,,,,GNB3,MPV17,,,,,,,,,,RAI1,,,VPS13B,,,FKTN,PACS1,,,,,,,,,,,,,,SATB2,,,,
,,,,,,,,,,,,,,,,,,,,GNB5,MRAS,,,,,,,,,,RALA,,,VSIG4,,,FLAD1,PACS2,,,,,,,,,,,,,,SBF1,,,,
,,,,,,,,,,,,,,,,,,,,GNE,MRE11,,,,,,,,,,RALGAPB,,,WAC,,,FLNA,PAFAH1B1,,,,,,,,,,,,,,SCAF1,,,,
,,,,,,,,,,,,,,,,,,,,GNPAT,MRPS22,,,,,,,,,,RANBP17,,,WDFY3,,,FLNB,PAH,,,,,,,,,,,,,,SCAF4,,,,
,,,,,,,,,,,,,,,,,,,,GNPTAB,MRPS34,,,,,,,,,,RAP1A,,,WDFY4,,,FLT4,PAK1,,,,,,,,,,,,,,SCFD2,,,,
,,,,,,,,,,,,,,,,,,,,GNPTG,MSL2,,,,,,,,,,RAPGEF4,,,WNK3,,,FLVCR1,PAK3,,,,,,,,,,,,,,SCGN,,,,
,,,,,,,,,,,,,,,,,,,,GNS,MSL3,,,,,,,,,,RASSF5,,,WNT1,,,FLVCR2,PAN2,,,,,,,,,,,,,,SCN1A,,,,
,,,,,,,,,,,,,,,,,,,,GOLGA2,MSX1,,,,,,,,,,RBBP5,,,WWOX,,,FMN2,PARN,,,,,,,,,,,,,,SCN2A,,,,
,,,,,,,,,,,,,,,,,,,,GON4L,MSX2,,,,,,,,,,RBFOX1,,,XPO1,,,FMR1,PAX8,,,,,,,,,,,,,,SCN3A,,,,
,,,,,,,,,,,,,,,,,,,,GORAB,MT-TP,,,,,,,,,,RBM27,,,YEATS2,,,FOLR1,PBX1,,,,,,,,,,,,,,SCN4A,,,,
,,,,,,,,,,,,,,,,,,,,GOT2,MTFMT,,,,,,,,,,REEP3,,,YTHDC2,,,FOSL2,PC,,,,,,,,,,,,,,SCN8A,,,,
,,,,,,,,,,,,,,,,,,,,GPAA1,MTHFR,,,,,,,,,,RELN,,,YWHAE,,,FOXC1,PCCA,,,,,,,,,,,,,,SCN9A,,,,
,,,,,,,,,,,,,,,,,,,,GPC3,MTM1,,,,,,,,,,RERE,,,YY1,,,FOXC2,PCCB,,,,,,,,,,,,,,SCP2,,,,
,,,,,,,,,,,,,,,,,,,,GPC4,MTO1,,,,,,,,,,RFX3,,,ZBTB16,,,FOXE1,PCDH12,,,,,,,,,,,,,,SDC2,,,,
,,,,,,,,,,,,,,,,,,,,GPC6,MTOR,,,,,,,,,,RFX4,,,ZBTB20,,,FOXE3,PCDH19,,,,,,,,,,,,,,SEMA5A,,,,
,,,,,,,,,,,,,,,,,,,,GPHN,MTR,,,,,,,,,,RFX7,,,ZBTB21,,,FOXF1,PCDHGC4,,,,,,,,,,,,,,SENP1,,,,
,,,,,,,,,,,,,,,,,,,,GPSM2,MTRFR,,,,,,,,,,RGS7,,,ZC3H11A,,,FOXG1,PCGF2,,,,,,,,,,,,,,SENP6,,,,
,,,,,,,,,,,,,,,,,,,,GPX4,MYBPC1,,,,,,,,,,RHEB,,,ZC3H4,,,FOXN1,PCNT,,,,,,,,,,,,,,SERPINE1,,,,
,,,,,,,,,,,,,,,,,,,,GREB1L,MYCN,,,,,,,,,,RHOXF1,,,ZFYVE26,,,FOXP1,PCYT2,,,,,,,,,,,,,,SET,,,,
,,,,,,,,,,,,,,,,,,,,GRHL2,MYH3,,,,,,,,,,RICTOR,,,ZMIZ1,,,FOXP2,PDE4D,,,,,,,,,,,,,,SETBP1,,,,
,,,,,,,,,,,,,,,,,,,,GRHL3,MYH8,,,,,,,,,,RIMS1,,,ZMYM2,,,FOXP3,PDGFRB,,,,,,,,,,,,,,SETD1A,,,,
,,,,,,,,,,,,,,,,,,,,GRIA1,MYH9,,,,,,,,,,RIMS2,,,ZMYND11,,,FOXP4,PDHA1,,,,,,,,,,,,,,SETD1B,,,,
,,,,,,,,,,,,,,,,,,,,GRIA2,MYLK,,,,,,,,,,RIMS3,,,ZMYND8,,,FOXR1,PDHB,,,,,,,,,,,,,,SETD2,,,,
,,,,,,,,,,,,,,,,,,,,GRIA3,MYO18B,,,,,,,,,,RIT2,,,ZNF18,,,FOXRED1,PDHX,,,,,,,,,,,,,,SETD5,,,,
,,,,,,,,,,,,,,,,,,,,GRIA4,MYO5A,,,,,,,,,,RLIM,,,ZNF292,,,FRA10AC1,PDSS1,,,,,,,,,,,,,,SETDB1,,,,
,,,,,,,,,,,,,,,,,,,,GRID2,MYO5B,,,,,,,,,,RNF135,,,ZNF385B,,,FRAS1,PDSS2,,,,,,,,,,,,,,SETDB2,,,,
,,,,,,,,,,,,,,,,,,,,GRIK2,MYO7A,,,,,,,,,,RNF25,,,ZNF462,,,FREM1,PDZD8,,,,,,,,,,,,,,SEZ6L2,,,,
,,,,,,,,,,,,,,,,,,,,GRIN1,MYOCD,,,,,,,,,,RNF38,,,ZNF517,,,FREM2,PEPD,,,,,,,,,,,,,,SF1,,,,
,,,,,,,,,,,,,,,,,,,,GRIN2A,MYT1L,,,,,,,,,,RNU2-2,,,ZNF548,,,FRMD5,PET100,,,,,,,,,,,,,,SF3B1,,,,
,,,,,,,,,,,,,,,,,,,,GRIN2B,NAA10,,,,,,,,,,RNU4-2,,,ZNF559,,,FRMD7,PEX1,,,,,,,,,,,,,,SF3B3,,,,
,,,,,,,,,,,,,,,,,,,,GRIN2D,NAA15,,,,,,,,,,RNU5B-1,,,ZNF626,,,FRMPD4,PEX10,,,,,,,,,,,,,,SGSM3,,,,
,,,,,,,,,,,,,,,,,,,,GRM1,NADSYN1,,,,,,,,,,ROBO2,,,ZNF711,,,FRRS1L,PEX11B,,,,,,,,,,,,,,SH3RF1,,,,
,,,,,,,,,,,,,,,,,,,,GRM6,NAGA,,,,,,,,,,RORA,,,ZNF713,,,FRY,PEX12,,,,,,,,,,,,,,SH3RF3,,,,
,,,,,,,,,,,,,,,,,,,,GRM7,NAGLU,,,,,,,,,,RORB,,,ZNF774,,,FRYL,PEX13,,,,,,,,,,,,,,SHANK1,,,,
,,,,,,,,,,,,,,,,,,,,GSC,NAGS,,,,,,,,,,RP11-1407O15.2,,,ZNF804A,,,FSD1L,PEX14,,,,,,,,,,,,,,SHANK2,,,,
,,,,,,,,,,,,,,,,,,,,GSPT2,NANS,,,,,,,,,,RPH3A,,,ZNF827,,,FTCD,PEX16,,,,,,,,,,,,,,SHANK3,,,,
,,,,,,,,,,,,,,,,,,,,GTF2E2,NAPB,,,,,,,,,,RPL10,,,ZNF865,,,FTL,PEX19,,,,,,,,,,,,,,SHOX,,,,
,,,,,,,,,,,,,,,,,,,,GTF2H5,NARS1,,,,,,,,,,RPS10P2-AS1,,,ZWILCH,,,FTO,PEX2,,,,,,,,,,,,,,SIN3A,,,,
,,,,,,,,,,,,,,,,,,,,GTF2IRD1,NARS2,,,,,,,,,,RPS6KA2,,,,,,FTSJ1,PEX26,,,,,,,,,,,,,,SIN3B,,,,
,,,,,,,,,,,,,,,,,,,,GTF3C3,NAXD,,,,,,,,,,RPS6KA3,,,,,,FUCA1,PEX3,,,,,,,,,,,,,,SKI,,,,
,,,,,,,,,,,,,,,,,,,,GTF3C5,NAXE,,,,,,,,,,RSRC1,,,,,,FUK,PEX5,,,,,,,,,,,,,,SLC12A5,,,,
,,,,,,,,,,,,,,,,,,,,GTPBP1,NBEA,,,,,,,,,,RUNX1T1,,,,,,FUT2,PEX6,,,,,,,,,,,,,,SLC1A1,,,,
,,,,,,,,,,,,,,,,,,,,GTPBP2,NBN,,,,,,,,,,SACS,,,,,,FUT8,PEX7,,,,,,,,,,,,,,SLC1A2,,,,
,,,,,,,,,,,,,,,,,,,,GTPBP3,NCAPG2,,,,,,,,,,SAE1,,,,,,FXN,PGAP1,,,,,,,,,,,,,,SLC22A15,,,,
,,,,,,,,,,,,,,,,,,,,GUCY2C,NCDN,,,,,,,,,,SAMD11,,,,,,FYCO1,PGAP2,,,,,,,,,,,,,,SLC22A9,,,,
,,,,,,,,,,,,,,,,,,,,GUSB,NDE1,,,,,,,,,,SASH1,,,,,,FZD3,PGAP3,,,,,,,,,,,,,,SLC23A1,,,,
,,,,,,,,,,,,,,,,,,,,GZF1,NDNF,,,,,,,,,,SATB1,,,,,,FZD6,PGK1,,,,,,,,,,,,,,SLC24A2,,,,
,,,,,,,,,,,,,,,,,,,,H1-4,NDP,,,,,,,,,,SATB2,,,,,,FZR1,PGM2L1,,,,,,,,,,,,,,SLC25A12,,,,
,,,,,,,,,,,,,,,,,,,,H2AC6,NDUFA1,,,,,,,,,,SBF1,,,,,,G6PC3,PGM3,,,,,,,,,,,,,,SLC25A27,,,,
,,,,,,,,,,,,,,,,,,,,H3-3A,NDUFA10,,,,,,,,,,SCAF1,,,,,,GAA,PHACTR1,,,,,,,,,,,,,,SLC25A39,,,,
,,,,,,,,,,,,,,,,,,,,H3-3B,NDUFA12,,,,,,,,,,SCAF4,,,,,,GAB3,PHF21A,,,,,,,,,,,,,,SLC27A4,,,,
,,,,,,,,,,,,,,,,,,,,H3-4,NDUFA6,,,,,,,,,,SCFD2,,,,,,GABBR1,PHF6,,,,,,,,,,,,,,SLC29A4,,,,
,,,,,,,,,,,,,,,,,,,,H4C11,NDUFA8,,,,,,,,,,SCGN,,,,,,GABBR2,PHF8,,,,,,,,,,,,,,SLC35B1,,,,
,,,,,,,,,,,,,,,,,,,,H4C2,NDUFAF2,,,,,,,,,,SCN1A,,,,,,GABRA1,PHGDH,,,,,,,,,,,,,,SLC35G1,,,,
,,,,,,,,,,,,,,,,,,,,H4C3,NDUFAF8,,,,,,,,,,SCN2A,,,,,,GABRA2,PHIP,,,,,,,,,,,,,,SLC38A10,,,,
,,,,,,,,,,,,,,,,,,,,HAAO,NDUFB11,,,,,,,,,,SCN3A,,,,,,GABRA3,PI4K2A,,,,,,,,,,,,,,SLC4A10,,,,
,,,,,,,,,,,,,,,,,,,,HACD1,NDUFB3,,,,,,,,,,SCN4A,,,,,,GABRA5,PI4KA,,,,,,,,,,,,,,SLC6A1,,,,
,,,,,,,,,,,,,,,,,,,,HACE1,NDUFB8,,,,,,,,,,SCN8A,,,,,,GABRB2,PIBF1,,,,,,,,,,,,,,SLC6A3,,,,
,,,,,,,,,,,,,,,,,,,,HADH,NDUFS1,,,,,,,,,,SCN9A,,,,,,GABRB3,PIDD1,,,,,,,,,,,,,,SLC6A4,,,,
,,,,,,,,,,,,,,,,,,,,HADHA,NDUFS4,,,,,,,,,,SCP2,,,,,,GABRD,PIGA,,,,,,,,,,,,,,SLC6A8,,,,
,,,,,,,,,,,,,,,,,,,,HARS1,NDUFS7,,,,,,,,,,SDC2,,,,,,GABRG2,PIGB,,,,,,,,,,,,,,SLC7A3,,,,
,,,,,,,,,,,,,,,,,,,,HAX1,NDUFS8,,,,,,,,,,SEMA5A,,,,,,GABRG3,PIGC,,,,,,,,,,,,,,SLC7A5,,,,
,,,,,,,,,,,,,,,,,,,,HCCS,NDUFV1,,,,,,,,,,SENP1,,,,,,GABRQ,PIGG,,,,,,,,,,,,,,SLC7A7,,,,
,,,,,,,,,,,,,,,,,,,,HCFC1,NEB,,,,,,,,,,SENP6,,,,,,GAD1,PIGH,,,,,,,,,,,,,,SLC9A1,,,,
,,,,,,,,,,,,,,,,,,,,HCN1,NECTIN4,,,,,,,,,,SERPINE1,,,,,,GALC,PIGK,,,,,,,,,,,,,,SLC9A6,,,,
,,,,,,,,,,,,,,,,,,,,HDAC3,NEK1,,,,,,,,,,SET,,,,,,GALE,PIGL,,,,,,,,,,,,,,SLC9A9,,,,
,,,,,,,,,,,,,,,,,,,,HDAC4,NEK8,,,,,,,,,,SETBP1,,,,,,GALK1,PIGN,,,,,,,,,,,,,,SLCO1B3,,,,
,,,,,,,,,,,,,,,,,,,,HDAC8,NEU1,,,,,,,,,,SETD1A,,,,,,GALNS,PIGO,,,,,,,,,,,,,,SLFN5,,,,
,,,,,,,,,,,,,,,,,,,,HEATR5B,NEXMIF,,,,,,,,,,SETD1B,,,,,,GALNT2,PIGP,,,,,,,,,,,,,,SLITRK5,,,,
,,,,,,,,,,,,,,,,,,,,HECTD4,NF1,,,,,,,,,,SETD2,,,,,,GALT,PIGQ,,,,,,,,,,,,,,SMAD4,,,,
,,,,,,,,,,,,,,,,,,,,HECW2,NFIA,,,,,,,,,,SETD5,,,,,,GAMT,PIGS,,,,,,,,,,,,,,SMAP2,,,,
,,,,,,,,,,,,,,,,,,,,HERC1,NFIX,,,,,,,,,,SETDB1,,,,,,GAN,PIGT,,,,,,,,,,,,,,SMARCA1,,,,
,,,,,,,,,,,,,,,,,,,,HERC2,NFU1,,,,,,,,,,SETDB2,,,,,,GAP43,PIGU,,,,,,,,,,,,,,SMARCA2,,,,
,,,,,,,,,,,,,,,,,,,,HESX1,NGLY1,,,,,,,,,,SEZ6L2,,,,,,GAS8,PIGV,,,,,,,,,,,,,,SMARCA4,,,,
,,,,,,,,,,,,,,,,,,,,HEXA,NHS,,,,,,,,,,SF1,,,,,,GATA2,PIGW,,,,,,,,,,,,,,SMARCC2,,,,
,,,,,,,,,,,,,,,,,,,,HEXB,NIPBL,,,,,,,,,,SF3B1,,,,,,GATA4,PIK3CA,,,,,,,,,,,,,,SMC3,,,,
,,,,,,,,,,,,,,,,,,,,HGSNAT,NKAP,,,,,,,,,,SGSH,,,,,,GATA6,PIK3R2,,,,,,,,,,,,,,SMG6,,,,
,,,,,,,,,,,,,,,,,,,,HIBCH,NKX2-5,,,,,,,,,,SGSM3,,,,,,GATAD2B,PIP5K1C,,,,,,,,,,,,,,SMURF1,,,,
,,,,,,,,,,,,,,,,,,,,HINT1,NKX3-2,,,,,,,,,,SH3RF1,,,,,,GATM,PITRM1,,,,,,,,,,,,,,SNAP25,,,,
,,,,,,,,,,,,,,,,,,,,HIRA,NKX6-2,,,,,,,,,,SH3RF3,,,,,,GBA,PLA2G6,,,,,,,,,,,,,,SNCAIP,,,,
,,,,,,,,,,,,,,,,,,,,HIVEP2,NLGN3,,,,,,,,,,SHANK1,,,,,,GBA2,PLAA,,,,,,,,,,,,,,SND1,,,,
,,,,,,,,,,,,,,,,,,,,HK1,NLGN4X,,,,,,,,,,SHANK2,,,,,,GBE1,PLCB1,,,,,,,,,,,,,,SNTG2,,,,
,,,,,,,,,,,,,,,,,,,,HLCS,NMNAT1,,,,,,,,,,SHANK3,,,,,,GCDH,PLEKHG2,,,,,,,,,,,,,,SNX5,,,,
,,,,,,,,,,,,,,,,,,,,HMGB1,NODAL,,,,,,,,,,SHOX,,,,,,GCH1,PLK1,,,,,,,,,,,,,,SOD1,,,,
,,,,,,,,,,,,,,,,,,,,HMGB3,NOG,,,,,,,,,,SIK1,,,,,,GCK,PLK4,,,,,,,,,,,,,,SON,,,,
,,,,,,,,,,,,,,,,,,,,HMGCL,NONO,,,,,,,,,,SIN3A,,,,,,GCSH,PLP1,,,,,,,,,,,,,,SORCS3,,,,
,,,,,,,,,,,,,,,,,,,,HMGCR,NOTCH1,,,,,,,,,,SIN3B,,,,,,GDAP1,PLPBP,,,,,,,,,,,,,,SOS2,,,,
,,,,,,,,,,,,,,,,,,,,HMGCS2,NOTCH2,,,,,,,,,,SKI,,,,,,GDF5,PLXNA1,,,,,,,,,,,,,,SOX5,,,,
,,,,,,,,,,,,,,,,,,,,HMX1,NOVA2,,,,,,,,,,SLC12A5,,,,,,GDF6,PLXNB2,,,,,,,,,,,,,,SPARCL1,,,,
,,,,,,,,,,,,,,,,,,,,HNF1B,NPC1,,,,,,,,,,SLC1A1,,,,,,GDI1,PMM2,,,,,,,,,,,,,,SPAST,,,,
,,,,,,,,,,,,,,,,,,,,HNF4A,NPC2,,,,,,,,,,SLC1A2,,,,,,GEMIN4,PMPCB,,,,,,,,,,,,,,SPEN,,,,
,,,,,,,,,,,,,,,,,,,,HNRNPA2B1,NPHP1,,,,,,,,,,SLC22A15,,,,,,GEMIN5,PNKP,,,,,,,,,,,,,,SPP2,,,,
,,,,,,,,,,,,,,,,,,,,HNRNPD,NPHP3,,,,,,,,,,SLC22A9,,,,,,GFAP,PNPLA6,,,,,,,,,,,,,,SPRY2,,,,
,,,,,,,,,,,,,,,,,,,,HNRNPH1,NPHP4,,,,,,,,,,SLC23A1,,,,,,GFER,PNPLA8,,,,,,,,,,,,,,SPTAN1,,,,
,,,,,,,,,,,,,,,,,,,,HNRNPH2,NPHS1,,,,,,,,,,SLC24A2,,,,,,GFM1,PNPT1,,,,,,,,,,,,,,SPTBN1,,,,
,,,,,,,,,,,,,,,,,,,,HNRNPK,NPHS2,,,,,,,,,,SLC25A12,,,,,,GHR,POGZ,,,,,,,,,,,,,,SRCAP,,,,
,,,,,,,,,,,,,,,,,,,,HNRNPR,NPM1,,,,,,,,,,SLC25A27,,,,,,GIGYF1,POLA1,,,,,,,,,,,,,,SRGAP3,,,,
,,,,,,,,,,,,,,,,,,,,HNRNPU,NPR2,,,,,,,,,,SLC25A39,,,,,,GIGYF2,POLG,,,,,,,,,,,,,,SRPRA,,,,
,,,,,,,,,,,,,,,,,,,,HOXA1,NPR3,,,,,,,,,,SLC27A4,,,,,,GJA1,POLR1C,,,,,,,,,,,,,,SRRM2,,,,
,,,,,,,,,,,,,,,,,,,,HOXA11,NPRL2,,,,,,,,,,SLC29A4,,,,,,GJA3,POLR2A,,,,,,,,,,,,,,SRSF1,,,,
,,,,,,,,,,,,,,,,,,,,HOXA13,NPRL3,,,,,,,,,,SLC35B1,,,,,,GJA8,POLR3A,,,,,,,,,,,,,,SRSF11,,,,
,,,,,,,,,,,,,,,,,,,,HOXB1,NR2F1,,,,,,,,,,SLC35G1,,,,,,GJB1,POLR3B,,,,,,,,,,,,,,SSR4,,,,
,,,,,,,,,,,,,,,,,,,,HOXC13,NR2F2,,,,,,,,,,SLC38A10,,,,,,GJB2,POLRMT,,,,,,,,,,,,,,SSRP1,,,,
,,,,,,,,,,,,,,,,,,,,HOXD13,NR4A2,,,,,,,,,,SLC45A1,,,,,,GJB3,POMGNT1,,,,,,,,,,,,,,ST7,,,,
,,,,,,,,,,,,,,,,,,,,HPD,NRAS,,,,,,,,,,SLC4A10,,,,,,GJC2,POMGNT2,,,,,,,,,,,,,,ST8SIA2,,,,
,,,,,,,,,,,,,,,,,,,,HPDL,NRROS,,,,,,,,,,SLC6A1,,,,,,GK,POMT1,,,,,,,,,,,,,,STK39,,,,
,,,,,,,,,,,,,,,,,,,,HPGD,NRXN1,,,,,,,,,,SLC6A3,,,,,,GLB1,POMT2,,,,,,,,,,,,,,STX1A,,,,
,,,,,,,,,,,,,,,,,,,,HPRT1,NSD1,,,,,,,,,,SLC6A4,,,,,,GLDC,PORCN,,,,,,,,,,,,,,STXBP1,,,,
,,,,,,,,,,,,,,,,,,,,HPS1,NSD2,,,,,,,,,,SLC6A8,,,,,,GLE1,POU3F2,,,,,,,,,,,,,,STXBP5,,,,
,,,,,,,,,,,,,,,,,,,,HPSE2,NSDHL,,,,,,,,,,SLC7A3,,,,,,GLI2,POU3F3,,,,,,,,,,,,,,STYK1,,,,
,,,,,,,,,,,,,,,,,,,,HR,NSUN2,,,,,,,,,,SLC7A5,,,,,,GLI3,PPFIBP1,,,,,,,,,,,,,,SUPT16H,,,,
,,,,,,,,,,,,,,,,,,,,HRAS,NT5C3A,,,,,,,,,,SLC7A7,,,,,,GLIS3,PPIL1,,,,,,,,,,,,,,SYAP1,,,,
,,,,,,,,,,,,,,,,,,,,HS2ST1,NTRK1,,,,,,,,,,SLC9A1,,,,,,GLMN,PPM1D,,,,,,,,,,,,,,SYBU,,,,
,,,,,,,,,,,,,,,,,,,,HSD17B10,NTRK2,,,,,,,,,,SLC9A6,,,,,,GLRA1,PPOX,,,,,,,,,,,,,,SYCE1,,,,
,,,,,,,,,,,,,,,,,,,,HSD17B4,NUBPL,,,,,,,,,,SLC9A9,,,,,,GLRA2,PPP1CB,,,,,,,,,,,,,,SYN1,,,,
,,,,,,,,,,,,,,,,,,,,HSD3B7,NUDT2,,,,,,,,,,SLCO1B3,,,,,,GLS,PPP1R12A,,,,,,,,,,,,,,SYN2,,,,
,,,,,,,,,,,,,,,,,,,,HSF4,NUP133,,,,,,,,,,SLFN5,,,,,,GLUD1,PPP1R15B,,,,,,,,,,,,,,SYNCRIP,,,,
,,,,,,,,,,,,,,,,,,,,HSPD1,NUP214,,,,,,,,,,SLITRK2,,,,,,GLUL,PPP1R21,,,,,,,,,,,,,,SYNE1,,,,
,,,,,,,,,,,,,,,,,,,,HSPG2,NUP62,,,,,,,,,,SLITRK5,,,,,,GLYCTK,PPP1R3F,,,,,,,,,,,,,,SYNGAP1,,,,
,,,,,,,,,,,,,,,,,,,,HTRA2,NUS1,,,,,,,,,,SMAD4,,,,,,GM2A,PPP2CA,,,,,,,,,,,,,,SYNJ1,,,,
,,,,,,,,,,,,,,,,,,,,HUWE1,NYX,,,,,,,,,,SMAP2,,,,,,GMNN,PPP2R1A,,,,,,,,,,,,,,SYP,,,,
,,,,,,,,,,,,,,,,,,,,HYAL1,OBSL1,,,,,,,,,,SMARCA1,,,,,,GMPPA,PPP2R2B,,,,,,,,,,,,,,SYT17,,,,
,,,,,,,,,,,,,,,,,,,,HYAL2,OCLN,,,,,,,,,,SMARCA2,,,,,,GMPPB,PPP2R5C,,,,,,,,,,,,,,TAF1C,,,,
,,,,,,,,,,,,,,,,,,,,HYCC1,OCRL,,,,,,,,,,SMARCA4,,,,,,GNAI1,PPP2R5D,,,,,,,,,,,,,,TAF4,,,,
,,,,,,,,,,,,,,,,,,,,HYDIN,ODAD1,,,,,,,,,,SMARCC2,,,,,,GNAI2,PPP3CA,,,,,,,,,,,,,,TAF6,,,,
,,,,,,,,,,,,,,,,,,,,HYLS1,ODAD2,,,,,,,,,,SMC1A,,,,,,GNAI3,PPT1,,,,,,,,,,,,,,TANC2,,,,
,,,,,,,,,,,,,,,,,,,,IARS1,ODAD3,,,,,,,,,,SMC3,,,,,,GNAL,PQBP1,,,,,,,,,,,,,,TAOK1,,,,
,,,,,,,,,,,,,,,,,,,,IARS2,ODAD4,,,,,,,,,,SMG6,,,,,,GNAO1,PRDM13,,,,,,,,,,,,,,TAOK2,,,,
,,,,,,,,,,,,,,,,,,,,IDS,ODC1,,,,,,,,,,SMURF1,,,,,,GNAS,PRICKLE2,,,,,,,,,,,,,,TBC1D31,,,,
,,,,,,,,,,,,,,,,,,,,IDUA,OFD1,,,,,,,,,,SNAP25,,,,,,GNB1,PRKAR1B,,,,,,,,,,,,,,TBC1D5,,,,
,,,,,,,,,,,,,,,,,,,,IER3IP1,OGT,,,,,,,,,,SNCAIP,,,,,,GNB2,PRMT7,,,,,,,,,,,,,,TBCB,,,,
,,,,,,,,,,,,,,,,,,,,IFIH1,ONECUT1,,,,,,,,,,SND1,,,,,,GNB5,PRPF8,,,,,,,,,,,,,,TBCEL,,,,
,,,,,,,,,,,,,,,,,,,,IFITM5,OPHN1,,,,,,,,,,SNTG2,,,,,,GNE,PRPS1,,,,,,,,,,,,,,TBCK,,,,
,,,,,,,,,,,,,,,,,,,,IFT122,ORC1,,,,,,,,,,SNX14,,,,,,GNPAT,PRR12,,,,,,,,,,,,,,TBL1X,,,,
,,,,,,,,,,,,,,,,,,,,IFT140,ORC4,,,,,,,,,,SNX5,,,,,,GNPTAB,PRSS12,,,,,,,,,,,,,,TBL1XR1,,,,
,,,,,,,,,,,,,,,,,,,,IFT172,ORC6,,,,,,,,,,SOD1,,,,,,GNPTG,PRUNE1,,,,,,,,,,,,,,TBR1,,,,
,,,,,,,,,,,,,,,,,,,,IFT43,OSGEP,,,,,,,,,,SON,,,,,,GNS,PSAP,,,,,,,,,,,,,,TBX22,,,,
,,,,,,,,,,,,,,,,,,,,IFT74,OTC,,,,,,,,,,SORCS3,,,,,,GON4L,PSMC3,,,,,,,,,,,,,,TCEAL1,,,,
,,,,,,,,,,,,,,,,,,,,IFT80,OTOGL,,,,,,,,,,SOS2,,,,,,GORAB,PSMC5,,,,,,,,,,,,,,TCF12,,,,
,,,,,,,,,,,,,,,,,,,,IGBP1,OTUD5,,,,,,,,,,SOX5,,,,,,GOSR2,PSMD12,,,,,,,,,,,,,,TCF20,,,,
,,,,,,,,,,,,,,,,,,,,IGF1,OTUD6B,,,,,,,,,,SOX6,,,,,,GOT2,PSPH,,,,,,,,,,,,,,TCF4,,,,
,,,,,,,,,,,,,,,,,,,,IGF1R,OTULIN,,,,,,,,,,SPARCL1,,,,,,GPAA1,PTBP1,,,,,,,,,,,,,,TCF7L2,,,,
,,,,,,,,,,,,,,,,,,,,IGF2,OTX2,,,,,,,,,,SPAST,,,,,,GPATCH11,PTCH1,,,,,,,,,,,,,,TDO2,,,,
,,,,,,,,,,,,,,,,,,,,IGFBP7,OXCT1,,,,,,,,,,SPEN,,,,,,GPC3,PTCHD1,,,,,,,,,,,,,,TECTA,,,,
,,,,,,,,,,,,,,,,,,,,IGHMBP2,OXR1,,,,,,,,,,SPP2,,,,,,GPC4,PTDSS1,,,,,,,,,,,,,,TEK,,,,
,,,,,,,,,,,,,,,,,,,,IGSF1,P3H1,,,,,,,,,,SPRY2,,,,,,GPHN,PTEN,,,,,,,,,,,,,,TERB2,,,,
,,,,,,,,,,,,,,,,,,,,IHH,P4HB,,,,,,,,,,SPTAN1,,,,,,GPN2,PTF1A,,,,,,,,,,,,,,TERF2,,,,
,,,,,,,,,,,,,,,,,,,,IKBKG,PACS1,,,,,,,,,,SPTBN1,,,,,,GPR179,PTPN11,,,,,,,,,,,,,,TET2,,,,
,,,,,,,,,,,,,,,,,,,,IKZF2,PACS2,,,,,,,,,,SRCAP,,,,,,GPRASP1,PTPN23,,,,,,,,,,,,,,TFB2M,,,,
,,,,,,,,,,,,,,,,,,,,IL11,PAFAH1B1,,,,,,,,,,SRGAP3,,,,,,GPSM2,PTPN4,,,,,,,,,,,,,,TGM1,,,,
,,,,,,,,,,,,,,,,,,,,IL11RA,PAH,,,,,,,,,,SRPRA,,,,,,GPT2,PTRH2,,,,,,,,,,,,,,THBS1,,,,
,,,,,,,,,,,,,,,,,,,,IL1RAPL1,PAK1,,,,,,,,,,SRRM2,,,,,,GRB14,PTRHD1,,,,,,,,,,,,,,THRA,,,,
,,,,,,,,,,,,,,,,,,,,INPP4A,PAK3,,,,,,,,,,SRSF1,,,,,,GRHL3,PTS,,,,,,,,,,,,,,TLE3,,,,
,,,,,,,,,,,,,,,,,,,,INPP5E,PALB2,,,,,,,,,,SRSF11,,,,,,GRIA1,PUF60,,,,,,,,,,,,,,TLK2,,,,
,,,,,,,,,,,,,,,,,,,,INPP5K,PARN,,,,,,,,,,SSR4,,,,,,GRIA2,PUM1,,,,,,,,,,,,,,TLN2,,,,
,,,,,,,,,,,,,,,,,,,,INPPL1,PARS2,,,,,,,,,,SSRP1,,,,,,GRIA3,PURA,,,,,,,,,,,,,,TM4SF19,,,,
,,,,,,,,,,,,,,,,,,,,INTS1,PAX1,,,,,,,,,,ST7,,,,,,GRIA4,PUS1,,,,,,,,,,,,,,TM9SF4,,,,
,,,,,,,,,,,,,,,,,,,,INTS11,PAX2,,,,,,,,,,ST8SIA2,,,,,,GRID2,PUS3,,,,,,,,,,,,,,TMEM134,,,,
,,,,,,,,,,,,,,,,,,,,IPO8,PAX3,,,,,,,,,,STAG1,,,,,,GRIK2,PUS7,,,,,,,,,,,,,,TMEM39B,,,,
,,,,,,,,,,,,,,,,,,,,IQSEC1,PAX6,,,,,,,,,,STK39,,,,,,GRIN1,PYCR1,,,,,,,,,,,,,,TMLHE,,,,
,,,,,,,,,,,,,,,,,,,,IQSEC2,PAX8,,,,,,,,,,STX1A,,,,,,GRIN2A,PYCR2,,,,,,,,,,,,,,TNPO3,,,,
,,,,,,,,,,,,,,,,,,,,IREB2,PBX1,,,,,,,,,,STXBP1,,,,,,GRIN2B,QARS,,,,,,,,,,,,,,TNRC6B,,,,
,,,,,,,,,,,,,,,,,,,,IRF2BPL,PC,,,,,,,,,,STXBP5,,,,,,GRIN2D,QDPR,,,,,,,,,,,,,,TNRC6C,,,,
,,,,,,,,,,,,,,,,,,,,IRF6,PCARE,,,,,,,,,,STYK1,,,,,,GRIP1,QRICH1,,,,,,,,,,,,,,TNS2,,,,
,,,,,,,,,,,,,,,,,,,,IRX5,PCCA,,,,,,,,,,SUPT16H,,,,,,GRM1,RAB11A,,,,,,,,,,,,,,TOP2B,,,,
,,,,,,,,,,,,,,,,,,,,ITCH,PCCB,,,,,,,,,,SYAP1,,,,,,GRM6,RAB11B,,,,,,,,,,,,,,TOP3B,,,,
,,,,,,,,,,,,,,,,,,,,ITGA3,PCDH12,,,,,,,,,,SYBU,,,,,,GRM7,RAB18,,,,,,,,,,,,,,TPO,,,,
,,,,,,,,,,,,,,,,,,,,ITGA6,PCDH19,,,,,,,,,,SYCE1,,,,,,GRN,RAB23,,,,,,,,,,,,,,TRAF7,,,,
,,,,,,,,,,,,,,,,,,,,ITGA7,PCDHGC4,,,,,,,,,,SYN1,,,,,,GSPT2,RAB39B,,,,,,,,,,,,,,TRAP1,,,,
,,,,,,,,,,,,,,,,,,,,ITGA8,PCGF2,,,,,,,,,,SYN2,,,,,,GSS,RAB3GAP1,,,,,,,,,,,,,,TRAPPC2L,,,,
,,,,,,,,,,,,,,,,,,,,ITPR1,PCNT,,,,,,,,,,SYNCRIP,,,,,,GSX2,RAB3GAP2,,,,,,,,,,,,,,TRAPPC9,,,,
,,,,,,,,,,,,,,,,,,,,IVD,PCYT1A,,,,,,,,,,SYNE1,,,,,,GTF2E2,RAB5C,,,,,,,,,,,,,,TRIM23,,,,
,,,,,,,,,,,,,,,,,,,,JAG1,PCYT2,,,,,,,,,,SYNGAP1,,,,,,GTF2H5,RAC1,,,,,,,,,,,,,,TRIM32,,,,
,,,,,,,,,,,,,,,,,,,,JAG2,PDCD10,,,,,,,,,,SYNJ1,,,,,,GTF2I,RAC3,,,,,,,,,,,,,,TRIM33,,,,
,,,,,,,,,,,,,,,,,,,,JAGN1,PDE10A,,,,,,,,,,SYP,,,,,,GTF3C3,RAD21,,,,,,,,,,,,,,TRIM8,,,,
,,,,,,,,,,,,,,,,,,,,JAK3,PDE4D,,,,,,,,,,SYT1,,,,,,GTF3C5,RAF1,,,,,,,,,,,,,,TRIO,,,,
,,,,,,,,,,,,,,,,,,,,JAM3,PDE6G,,,,,,,,,,SYT17,,,,,,GTPBP1,RAI1,,,,,,,,,,,,,,TRIP12,,,,
,,,,,,,,,,,,,,,,,,,,JARID2,PDE6H,,,,,,,,,,TAF1,,,,,,GTPBP2,RALA,,,,,,,,,,,,,,TRPC4,,,,
,,,,,,,,,,,,,,,,,,,,JMJD1C,PDGFRB,,,,,,,,,,TAF1C,,,,,,GTPBP3,RALGAPA1,,,,,,,,,,,,,,TRPC5,,,,
,,,,,,,,,,,,,,,,,,,,JPH1,PDHA1,,,,,,,,,,TAF4,,,,,,GTPBP8,RAP1B,,,,,,,,,,,,,,TRPC6,,,,
,,,,,,,,,,,,,,,,,,,,KANK1,PDHX,,,,,,,,,,TAF6,,,,,,GUCY2C,RARB,,,,,,,,,,,,,,TRPM1,,,,
,,,,,,,,,,,,,,,,,,,,KANSL1,PEPD,,,,,,,,,,TANC2,,,,,,GUSB,RARS,,,,,,,,,,,,,,TRPM6,,,,
,,,,,,,,,,,,,,,,,,,,KARS1,PET100,,,,,,,,,,TAOK1,,,,,,GYS2,RARS2,,,,,,,,,,,,,,TRPM7,,,,
,,,,,,,,,,,,,,,,,,,,KAT5,PEX1,,,,,,,,,,TAOK2,,,,,,H3F3A,RBBP5,,,,,,,,,,,,,,TRRAP,,,,
,,,,,,,,,,,,,,,,,,,,KAT6A,PEX10,,,,,,,,,,TBC1D23,,,,,,H3F3B,RBBP8,,,,,,,,,,,,,,TSC1,,,,
,,,,,,,,,,,,,,,,,,,,KAT6B,PEX11B,,,,,,,,,,TBC1D31,,,,,,HACE1,RBL2,,,,,,,,,,,,,,TSC2,,,,
,,,,,,,,,,,,,,,,,,,,KATNB1,PEX12,,,,,,,,,,TBC1D5,,,,,,HADH,RBM10,,,,,,,,,,,,,,TSHZ1,,,,
,,,,,,,,,,,,,,,,,,,,KBTBD13,PEX13,,,,,,,,,,TBCB,,,,,,HADHA,RBSN,,,,,,,,,,,,,,TSHZ3,,,,
,,,,,,,,,,,,,,,,,,,,KCNA1,PEX14,,,,,,,,,,TBCEL,,,,,,HADHB,RELN,,,,,,,,,,,,,,TSPAN17,,,,
,,,,,,,,,,,,,,,,,,,,KCNA2,PEX16,,,,,,,,,,TBCK,,,,,,HARS,RERE,,,,,,,,,,,,,,TSPAN4,,,,
,,,,,,,,,,,,,,,,,,,,KCNA4,PEX19,,,,,,,,,,TBL1X,,,,,,HARS2,RFT1,,,,,,,,,,,,,,TSPAN7,,,,
,,,,,,,,,,,,,,,,,,,,KCNB1,PEX2,,,,,,,,,,TBL1XR1,,,,,,HAUS7,RFX3,,,,,,,,,,,,,,TSPOAP1,,,,
,,,,,,,,,,,,,,,,,,,,KCNB2,PEX26,,,,,,,,,,TBR1,,,,,,HAX1,RFX4,,,,,,,,,,,,,,TSPYL2,,,,
,,,,,,,,,,,,,,,,,,,,KCNC1,PEX3,,,,,,,,,,TBX1,,,,,,HCCS,RFX7,,,,,,,,,,,,,,TTN,,,,
,,,,,,,,,,,,,,,,,,,,KCNC3,PEX5,,,,,,,,,,TBX22,,,,,,HCFC1,RHOBTB2,,,,,,,,,,,,,,TUBGCP5,,,,
,,,,,,,,,,,,,,,,,,,,KCND2,PEX6,,,,,,,,,,TCEAL1,,,,,,HCN1,RIT1,,,,,,,,,,,,,,U2AF2,,,,
,,,,,,,,,,,,,,,,,,,,KCND3,PEX7,,,,,,,,,,TCF12,,,,,,HCN2,RLIM,,,,,,,,,,,,,,UBA7,,,,
,,,,,,,,,,,,,,,,,,,,KCNE1,PGAP2,,,,,,,,,,TCF20,,,,,,HDAC3,RMND1,,,,,,,,,,,,,,UBAP2L,,,,
,,,,,,,,,,,,,,,,,,,,KCNH1,PGAP3,,,,,,,,,,TCF4,,,,,,HDAC4,RNASEH2A,,,,,,,,,,,,,,UBE2H,,,,
,,,,,,,,,,,,,,,,,,,,KCNH5,PGK1,,,,,,,,,,TCF7L2,,,,,,HDAC6,RNASEH2B,,,,,,,,,,,,,,UBE3A,,,,
,,,,,,,,,,,,,,,,,,,,KCNJ10,PGM1,,,,,,,,,,TDO2,,,,,,HDAC8,RNASEH2C,,,,,,,,,,,,,,UBE3C,,,,
,,,,,,,,,,,,,,,,,,,,KCNJ11,PGM2L1,,,,,,,,,,TECTA,,,,,,HEATR3,RNASET2,,,,,,,,,,,,,,UBN2,,,,
,,,,,,,,,,,,,,,,,,,,KCNJ6,PGM3,,,,,,,,,,TEK,,,,,,HEATR5B,RNF113A,,,,,,,,,,,,,,UBR1,,,,
,,,,,,,,,,,,,,,,,,,,KCNJ8,PHACTR1,,,,,,,,,,TERB2,,,,,,HECTD4,RNF125,,,,,,,,,,,,,,UBR3,,,,
,,,,,,,,,,,,,,,,,,,,KCNK3,PHEX,,,,,,,,,,TERF2,,,,,,HECW2,RNF13,,,,,,,,,,,,,,UBR5,,,,
,,,,,,,,,,,,,,,,,,,,KCNK4,PHF12,,,,,,,,,,TET2,,,,,,HEPACAM,RNU2-2P,,,,,,,,,,,,,,UGGT1,,,,
,,,,,,,,,,,,,,,,,,,,KCNK9,PHF21A,,,,,,,,,,TET3,,,,,,HERC1,RNU4-2,,,,,,,,,,,,,,UIMC1,,,,
,,,,,,,,,,,,,,,,,,,,KCNMA1,PHF6,,,,,,,,,,TFB2M,,,,,,HERC2,RNU5B-1,,,,,,,,,,,,,,UNC13A,,,,
,,,,,,,,,,,,,,,,,,,,KCNN2,PHGDH,,,,,,,,,,TFE3,,,,,,HESX1,RNU7-1,,,,,,,,,,,,,,UNC5D,,,,
,,,,,,,,,,,,,,,,,,,,KCNN3,PIBF1,,,,,,,,,,TGM1,,,,,,HEXA,ROBO1,,,,,,,,,,,,,,UNC79,,,,
,,,,,,,,,,,,,,,,,,,,KCNQ1,PIDD1,,,,,,,,,,THBS1,,,,,,HEXB,ROGDI,,,,,,,,,,,,,,UNC80,,,,
,,,,,,,,,,,,,,,,,,,,KCNQ2,PIEZO1,,,,,,,,,,THRA,,,,,,HGSNAT,RORA,,,,,,,,,,,,,,UPF2,,,,
,,,,,,,,,,,,,,,,,,,,KCNQ3,PIGA,,,,,,,,,,TLE3,,,,,,HIBCH,RPGRIP1L,,,,,,,,,,,,,,UPF3B,,,,
,,,,,,,,,,,,,,,,,,,,KCNQ5,PIGB,,,,,,,,,,TLK2,,,,,,HID1,RPIA,,,,,,,,,,,,,,USH2A,,,,
,,,,,,,,,,,,,,,,,,,,KCNT1,PIGG,,,,,,,,,,TLN2,,,,,,HINT1,RPL10,,,,,,,,,,,,,,USP15,,,,
,,,,,,,,,,,,,,,,,,,,KCNT2,PIGH,,,,,,,,,,TM4SF19,,,,,,HIRA,RPS6KA3,,,,,,,,,,,,,,USP24,,,,
,,,,,,,,,,,,,,,,,,,,KCTD1,PIGK,,,,,,,,,,TM4SF20,,,,,,HIST1H1E,RREB1,,,,,,,,,,,,,,USP27X,,,,
,,,,,,,,,,,,,,,,,,,,KCTD7,PIGN,,,,,,,,,,TM9SF4,,,,,,HIST1H4B,RRM2B,,,,,,,,,,,,,,USP30,,,,
,,,,,,,,,,,,,,,,,,,,KDELR2,PIGO,,,,,,,,,,TMEM134,,,,,,HIST1H4C,RSPRY1,,,,,,,,,,,,,,USP45,,,,
,,,,,,,,,,,,,,,,,,,,KDM1A,PIGS,,,,,,,,,,TMEM39B,,,,,,HIST1H4D,RSRC1,,,,,,,,,,,,,,USP7,,,,
,,,,,,,,,,,,,,,,,,,,KDM2B,PIGT,,,,,,,,,,TMLHE,,,,,,HIST1H4E,RTEL1,,,,,,,,,,,,,,USP9X,,,,
,,,,,,,,,,,,,,,,,,,,KDM3B,PIGV,,,,,,,,,,TNPO3,,,,,,HIST1H4F,RTN4IP1,,,,,,,,,,,,,,USP9Y,,,,
,,,,,,,,,,,,,,,,,,,,KDM4B,PIGY,,,,,,,,,,TNRC6B,,,,,,HIST1H4I,RTTN,,,,,,,,,,,,,,VASH1,,,,
,,,,,,,,,,,,,,,,,,,,KDM5A,PIK3R1,,,,,,,,,,TNRC6C,,,,,,HIST1H4J,SAMD9,,,,,,,,,,,,,,VCP,,,,
,,,,,,,,,,,,,,,,,,,,KDM5B,PIK3R2,,,,,,,,,,TNS2,,,,,,HIST3H3,SAMHD1,,,,,,,,,,,,,,VDR,,,,
,,,,,,,,,,,,,,,,,,,,KDM5C,PITX1,,,,,,,,,,TOP2B,,,,,,HIVEP2,SARS,,,,,,,,,,,,,,VEZF1,,,,
,,,,,,,,,,,,,,,,,,,,KDM6A,PITX2,,,,,,,,,,TOP3B,,,,,,HK1,SARS2,,,,,,,,,,,,,,VIL1,,,,
,,,,,,,,,,,,,,,,,,,,KDM6B,PITX3,,,,,,,,,,TPO,,,,,,HLCS,SATB1,,,,,,,,,,,,,,VPS13B,,,,
,,,,,,,,,,,,,,,,,,,,KIAA0586,PKD1L1,,,,,,,,,,TRAF7,,,,,,HMGB1,SATB2,,,,,,,,,,,,,,VPS54,,,,
,,,,,,,,,,,,,,,,,,,,KIDINS220,PKHD1,,,,,,,,,,TRAP1,,,,,,HMGB3,SBF1,,,,,,,,,,,,,,VSIG4,,,,
,,,,,,,,,,,,,,,,,,,,KIF11,PLA2G6,,,,,,,,,,TRAPPC2L,,,,,,HMGCL,SC5D,,,,,,,,,,,,,,VWA7,,,,
,,,,,,,,,,,,,,,,,,,,KIF14,PLAA,,,,,,,,,,TRAPPC6B,,,,,,HMGCS2,SCAF4,,,,,,,,,,,,,,WAC,,,,
,,,,,,,,,,,,,,,,,,,,KIF1A,PLAG1,,,,,,,,,,TRAPPC9,,,,,,HMGXB4,SCAMP5,,,,,,,,,,,,,,WDFY3,,,,
,,,,,,,,,,,,,,,,,,,,KIF22,PLCB4,,,,,,,,,,TRIM23,,,,,,HNF1B,SCAPER,,,,,,,,,,,,,,WDFY4,,,,
,,,,,,,,,,,,,,,,,,,,KIF2A,PLCE1,,,,,,,,,,TRIM32,,,,,,HNF4A,SCN1A,,,,,,,,,,,,,,WDR37,,,,
,,,,,,,,,,,,,,,,,,,,KIF3B,PLD1,,,,,,,,,,TRIM33,,,,,,HNMT,SCN2A,,,,,,,,,,,,,,WNK3,,,,
,,,,,,,,,,,,,,,,,,,,KIF4A,PLEC,,,,,,,,,,TRIM8,,,,,,HNRNPC,SCN3A,,,,,,,,,,,,,,WNT1,,,,
,,,,,,,,,,,,,,,,,,,,KIF5A,PLOD2,,,,,,,,,,TRIO,,,,,,HNRNPD,SCN8A,,,,,,,,,,,,,,WWOX,,,,
,,,,,,,,,,,,,,,,,,,,KIF5B,PLP1,,,,,,,,,,TRIP12,,,,,,HNRNPH1,SCO2,,,,,,,,,,,,,,WWP1,,,,
,,,,,,,,,,,,,,,,,,,,KIF5C,PLPBP,,,,,,,,,,TRPC4,,,,,,HNRNPH2,SCYL1,,,,,,,,,,,,,,XPO1,,,,
,,,,,,,,,,,,,,,,,,,,KIF7,PLS3,,,,,,,,,,TRPC5,,,,,,HNRNPK,SDCCAG8,,,,,,,,,,,,,,XRCC6,,,,
,,,,,,,,,,,,,,,,,,,,KIFBP,PLXND1,,,,,,,,,,TRPC6,,,,,,HNRNPR,SDHA,,,,,,,,,,,,,,YEATS2,,,,
,,,,,,,,,,,,,,,,,,,,KIRREL3,PMM2,,,,,,,,,,TRPM1,,,,,,HNRNPU,SDHAF1,,,,,,,,,,,,,,YTHDC2,,,,
,,,,,,,,,,,,,,,,,,,,KIT,PMPCB,,,,,,,,,,TRPM3,,,,,,HOXA1,SEL1L,,,,,,,,,,,,,,YWHAE,,,,
,,,,,,,,,,,,,,,,,,,,KITLG,PMS2,,,,,,,,,,TRPM6,,,,,,HOXA13,SEMA6B,,,,,,,,,,,,,,YWHAG,,,,
,,,,,,,,,,,,,,,,,,,,KLF1,PNKP,,,,,,,,,,TRPM7,,,,,,HOXC13,SEPHS1,,,,,,,,,,,,,,YWHAZ,,,,
,,,,,,,,,,,,,,,,,,,,KLF7,PNPLA1,,,,,,,,,,TRRAP,,,,,,HOXD10,SEPSECS,,,,,,,,,,,,,,YY1,,,,
,,,,,,,,,,,,,,,,,,,,KLF8,PNPLA2,,,,,,,,,,TSC1,,,,,,HOXD13,SERAC1,,,,,,,,,,,,,,ZBTB16,,,,
,,,,,,,,,,,,,,,,,,,,KLHL15,PNPLA6,,,,,,,,,,TSC2,,,,,,HPD,SET,,,,,,,,,,,,,,ZBTB20,,,,
,,,,,,,,,,,,,,,,,,,,KLHL20,PNPLA8,,,,,,,,,,TSHZ1,,,,,,HPDL,SETBP1,,,,,,,,,,,,,,ZBTB21,,,,
,,,,,,,,,,,,,,,,,,,,KLHL40,PNPO,,,,,,,,,,TSHZ3,,,,,,HPGD,SETD1A,,,,,,,,,,,,,,ZBTB47,,,,
,,,,,,,,,,,,,,,,,,,,KLHL7,PNPT1,,,,,,,,,,TSPAN17,,,,,,HPRT1,SETD1B,,,,,,,,,,,,,,ZC3H11A,,,,
,,,,,,,,,,,,,,,,,,,,KMT2A,POC1B,,,,,,,,,,TSPAN4,,,,,,HPS1,SETD2,,,,,,,,,,,,,,ZC3H4,,,,
,,,,,,,,,,,,,,,,,,,,KMT2B,POGZ,,,,,,,,,,TSPAN7,,,,,,HPSE2,SETD5,,,,,,,,,,,,,,ZEB2,,,,
,,,,,,,,,,,,,,,,,,,,KMT2C,POLA1,,,,,,,,,,TSPOAP1,,,,,,HR,SF1,,,,,,,,,,,,,,ZFHX3,,,,
,,,,,,,,,,,,,,,,,,,,KMT2D,POLE,,,,,,,,,,TSPYL2,,,,,,HRAS,SFXN4,,,,,,,,,,,,,,ZFHX4,,,,
,,,,,,,,,,,,,,,,,,,,KMT2E,POLR1C,,,,,,,,,,TTI2,,,,,,HS2ST1,SGPL1,,,,,,,,,,,,,,ZFX,,,,
,,,,,,,,,,,,,,,,,,,,KMT5B,POLR1D,,,,,,,,,,TTN,,,,,,HS6ST2,SGSH,,,,,,,,,,,,,,ZFYVE26,,,,
,,,,,,,,,,,,,,,,,,,,KNL1,POLR2A,,,,,,,,,,TUBGCP5,,,,,,HSD17B10,SHANK1,,,,,,,,,,,,,,ZFYVE9,,,,
,,,,,,,,,,,,,,,,,,,,KPNA7,POLR3A,,,,,,,,,,U2AF2,,,,,,HSD17B4,SHANK2,,,,,,,,,,,,,,ZMIZ1,,,,
,,,,,,,,,,,,,,,,,,,,KPTN,POMGNT1,,,,,,,,,,UBAP2L,,,,,,HSD3B7,SHANK3,,,,,,,,,,,,,,ZMYM2,,,,
,,,,,,,,,,,,,,,,,,,,KRAS,POMGNT2,,,,,,,,,,UBE2H,,,,,,HSF4,SHH,,,,,,,,,,,,,,ZMYND11,,,,
,,,,,,,,,,,,,,,,,,,,KRIT1,POMK,,,,,,,,,,UBE3A,,,,,,HSPD1,SHMT2,,,,,,,,,,,,,,ZMYND8,,,,
,,,,,,,,,,,,,,,,,,,,KRT74,POMT1,,,,,,,,,,UBE3C,,,,,,HSPG2,SHOC2,,,,,,,,,,,,,,ZNF18,,,,
,,,,,,,,,,,,,,,,,,,,L1CAM,POMT2,,,,,,,,,,UBN2,,,,,,HTRA2,SHQ1,,,,,,,,,,,,,,ZNF292,,,,
,,,,,,,,,,,,,,,,,,,,L2HGDH,PORCN,,,,,,,,,,UBR1,,,,,,HTT,SIAH1,,,,,,,,,,,,,,ZNF385B,,,,
,,,,,,,,,,,,,,,,,,,,LAGE3,POU1F1,,,,,,,,,,UBR3,,,,,,HUWE1,SIK1,,,,,,,,,,,,,,ZNF462,,,,
,,,,,,,,,,,,,,,,,,,,LAMA1,POU3F3,,,,,,,,,,UBR5,,,,,,HYAL1,SIL1,,,,,,,,,,,,,,ZNF517,,,,
,,,,,,,,,,,,,,,,,,,,LAMA2,PPA2,,,,,,,,,,UGGT1,,,,,,HYDIN,SIN3A,,,,,,,,,,,,,,ZNF532,,,,
,,,,,,,,,,,,,,,,,,,,LAMB1,PPFIBP1,,,,,,,,,,UIMC1,,,,,,HYLS1,SIN3B,,,,,,,,,,,,,,ZNF536,,,,
,,,,,,,,,,,,,,,,,,,,LAMC3,PPIL1,,,,,,,,,,UNC13A,,,,,,IARS,SIX3,,,,,,,,,,,,,,ZNF548,,,,
,,,,,,,,,,,,,,,,,,,,LAMP2,PPM1D,,,,,,,,,,UNC5D,,,,,,IARS2,SKI,,,,,,,,,,,,,,ZNF559,,,,
,,,,,,,,,,,,,,,,,,,,LARGE1,PPP1R12A,,,,,,,,,,UNC79,,,,,,IBA57,SLC12A2,,,,,,,,,,,,,,ZNF626,,,,
,,,,,,,,,,,,,,,,,,,,LARP7,PPP1R13L,,,,,,,,,,UNC80,,,,,,IDH2,SLC12A5,,,,,,,,,,,,,,ZNF644,,,,
,,,,,,,,,,,,,,,,,,,,LARS2,PPP1R21,,,,,,,,,,UPF2,,,,,,IDS,SLC12A6,,,,,,,,,,,,,,ZNF711,,,,
,,,,,,,,,,,,,,,,,,,,LAS1L,PPP2CA,,,,,,,,,,UPF3B,,,,,,IDUA,SLC13A5,,,,,,,,,,,,,,ZNF713,,,,
,,,,,,,,,,,,,,,,,,,,LBR,PPP2R1A,,,,,,,,,,USH2A,,,,,,IER3IP1,SLC16A2,,,,,,,,,,,,,,ZNF774,,,,
,,,,,,,,,,,,,,,,,,,,LDB3,PPP2R5D,,,,,,,,,,USP15,,,,,,IFIH1,SLC17A5,,,,,,,,,,,,,,ZNF804A,,,,
,,,,,,,,,,,,,,,,,,,,LEF1,PPP3CA,,,,,,,,,,USP24,,,,,,IFITM5,SLC19A3,,,,,,,,,,,,,,ZNF827,,,,
,,,,,,,,,,,,,,,,,,,,LEFTY2,PPT1,,,,,,,,,,USP27X,,,,,,IFNAR2,SLC1A1,,,,,,,,,,,,,,ZNF865,,,,
,,,,,,,,,,,,,,,,,,,,LEMD2,PQBP1,,,,,,,,,,USP30,,,,,,IFT122,SLC1A2,,,,,,,,,,,,,,ZWILCH,,,,
,,,,,,,,,,,,,,,,,,,,LEMD3,PRDM12,,,,,,,,,,USP45,,,,,,IFT140,SLC1A4,,,,,,,,,,,,,,,,,,
,,,,,,,,,,,,,,,,,,,,LETM1,PREPL,,,,,,,,,,USP7,,,,,,IFT172,SLC25A1,,,,,,,,,,,,,,,,,,
,,,,,,,,,,,,,,,,,,,,LFNG,PRIM1,,,,,,,,,,USP9X,,,,,,IFT27,SLC25A12,,,,,,,,,,,,,,,,,,
,,,,,,,,,,,,,,,,,,,,LGI4,PRKACA,,,,,,,,,,USP9Y,,,,,,IFT43,SLC25A15,,,,,,,,,,,,,,,,,,
,,,,,,,,,,,,,,,,,,,,LHX2,PRKACB,,,,,,,,,,VAMP2,,,,,,IFT80,SLC25A22,,,,,,,,,,,,,,,,,,
,,,,,,,,,,,,,,,,,,,,LHX3,PRKAR1A,,,,,,,,,,VASH1,,,,,,IGBP1,SLC2A1,,,,,,,,,,,,,,,,,,
,,,,,,,,,,,,,,,,,,,,LHX4,PRKD1,,,,,,,,,,VCP,,,,,,IGF1,SLC30A9,,,,,,,,,,,,,,,,,,
,,,,,,,,,,,,,,,,,,,,LIAS,PRKG2,,,,,,,,,,VDR,,,,,,IGF1R,SLC32A1,,,,,,,,,,,,,,,,,,
,,,,,,,,,,,,,,,,,,,,LIFR,PRMT7,,,,,,,,,,VEZF1,,,,,,IGF2,SLC33A1,,,,,,,,,,,,,,,,,,
,,,,,,,,,,,,,,,,,,,,LIG4,PROP1,,,,,,,,,,VIL1,,,,,,IGHMBP2,SLC35A1,,,,,,,,,,,,,,,,,,
,,,,,,,,,,,,,,,,,,,,LINGO1,PRPS1,,,,,,,,,,VPS13B,,,,,,IGSF1,SLC35A2,,,,,,,,,,,,,,,,,,
,,,,,,,,,,,,,,,,,,,,LINS1,PRR12,,,,,,,,,,VPS54,,,,,,IHH,SLC35C1,,,,,,,,,,,,,,,,,,
,,,,,,,,,,,,,,,,,,,,LIPN,PRRT2,,,,,,,,,,VSIG4,,,,,,IKBKG,SLC38A3,,,,,,,,,,,,,,,,,,
,,,,,,,,,,,,,,,,,,,,LIPT1,PRSS12,,,,,,,,,,VWA7,,,,,,IL11RA,SLC39A14,,,,,,,,,,,,,,,,,,
,,,,,,,,,,,,,,,,,,,,LIPT2,PRSS56,,,,,,,,,,WAC,,,,,,IL1RAPL1,SLC39A8,,,,,,,,,,,,,,,,,,
,,,,,,,,,,,,,,,,,,,,LMBRD1,PRUNE1,,,,,,,,,,WASF1,,,,,,IL1RAPL2,SLC46A1,,,,,,,,,,,,,,,,,,
,,,,,,,,,,,,,,,,,,,,LMBRD2,PSAP,,,,,,,,,,WDFY3,,,,,,IL3RA,SLC4A10,,,,,,,,,,,,,,,,,,
,,,,,,,,,,,,,,,,,,,,LMNA,PSAT1,,,,,,,,,,WDFY4,,,,,,ILF2,SLC4A4,,,,,,,,,,,,,,,,,,
,,,,,,,,,,,,,,,,,,,,LMNB1,PSMB8,,,,,,,,,,WDR26,,,,,,IMPAD1,SLC5A6,,,,,,,,,,,,,,,,,,
,,,,,,,,,,,,,,,,,,,,LMNB2,PSPH,,,,,,,,,,WDR37,,,,,,IMPDH2,SLC5A7,,,,,,,,,,,,,,,,,,
,,,,,,,,,,,,,,,,,,,,LMOD2,PTCH1,,,,,,,,,,WDR5,,,,,,INF2,SLC6A1,,,,,,,,,,,,,,,,,,
,,,,,,,,,,,,,,,,,,,,LMOD3,PTCHD1,,,,,,,,,,WNK3,,,,,,INPP4A,SLC6A17,,,,,,,,,,,,,,,,,,
,,,,,,,,,,,,,,,,,,,,LMX1B,PTDSS1,,,,,,,,,,WNT1,,,,,,INPP5E,SLC6A19,,,,,,,,,,,,,,,,,,
,,,,,,,,,,,,,,,,,,,,LNPK,PTEN,,,,,,,,,,WWOX,,,,,,INPP5K,SLC6A3,,,,,,,,,,,,,,,,,,
,,,,,,,,,,,,,,,,,,,,LONP1,PTF1A,,,,,,,,,,WWP1,,,,,,INPPL1,SLC6A8,,,,,,,,,,,,,,,,,,
,,,,,,,,,,,,,,,,,,,,LRAT,PTH,,,,,,,,,,XPC,,,,,,INSR,SLC6A9,,,,,,,,,,,,,,,,,,
,,,,,,,,,,,,,,,,,,,,LRBA,PTH1R,,,,,,,,,,XPO1,,,,,,INTS1,SLC9A6,,,,,,,,,,,,,,,,,,
,,,,,,,,,,,,,,,,,,,,LRIG2,PTHLH,,,,,,,,,,XRCC6,,,,,,INTS11,SLX4,,,,,,,,,,,,,,,,,,
,,,,,,,,,,,,,,,,,,,,LRIT3,PTPN11,,,,,,,,,,YEATS2,,,,,,INTS6,SMAD4,,,,,,,,,,,,,,,,,,
,,,,,,,,,,,,,,,,,,,,LRP2,PTPN14,,,,,,,,,,YTHDC2,,,,,,INTS6L,SMARCA1,,,,,,,,,,,,,,,,,,
,,,,,,,,,,,,,,,,,,,,LRP4,PTS,,,,,,,,,,YWHAE,,,,,,INTS8,SMARCA2,,,,,,,,,,,,,,,,,,
,,,,,,,,,,,,,,,,,,,,LRP5,PUF60,,,,,,,,,,YWHAG,,,,,,IPO8,SMARCA4,,,,,,,,,,,,,,,,,,
,,,,,,,,,,,,,,,,,,,,LRP6,PURA,,,,,,,,,,YWHAZ,,,,,,IQSEC1,SMARCA5,,,,,,,,,,,,,,,,,,
,,,,,,,,,,,,,,,,,,,,LRPAP1,PUS3,,,,,,,,,,YY1,,,,,,IQSEC2,SMARCB1,,,,,,,,,,,,,,,,,,
,,,,,,,,,,,,,,,,,,,,LRPPRC,PXDN,,,,,,,,,,ZBTB16,,,,,,IQSEC3,SMARCC2,,,,,,,,,,,,,,,,,,
,,,,,,,,,,,,,,,,,,,,LRRC56,PYCR1,,,,,,,,,,ZBTB18,,,,,,IRAK1,SMARCD1,,,,,,,,,,,,,,,,,,
,,,,,,,,,,,,,,,,,,,,LSM11,PYGL,,,,,,,,,,ZBTB20,,,,,,IREB2,SMARCE1,,,,,,,,,,,,,,,,,,
,,,,,,,,,,,,,,,,,,,,LTBP1,PYROXD1,,,,,,,,,,ZBTB21,,,,,,IRF2BPL,SMC1A,,,,,,,,,,,,,,,,,,
,,,,,,,,,,,,,,,,,,,,LTBP2,QRICH1,,,,,,,,,,ZBTB47,,,,,,IRF6,SMC3,,,,,,,,,,,,,,,,,,
,,,,,,,,,,,,,,,,,,,,LTBP3,RAB11A,,,,,,,,,,ZBTB7A,,,,,,IRX5,SMG8,,,,,,,,,,,,,,,,,,
,,,,,,,,,,,,,,,,,,,,LYSET,RAB11B,,,,,,,,,,ZC3H11A,,,,,,ISCA2,SMOC1,,,,,,,,,,,,,,,,,,
,,,,,,,,,,,,,,,,,,,,LYST,RAB18,,,,,,,,,,ZC3H4,,,,,,ISPD,SMPD1,,,,,,,,,,,,,,,,,,
,,,,,,,,,,,,,,,,,,,,LZTR1,RAB23,,,,,,,,,,ZEB2,,,,,,ITCH,SMPD4,,,,,,,,,,,,,,,,,,
,,,,,,,,,,,,,,,,,,,,MAB21L1,RAB39B,,,,,,,,,,ZFHX3,,,,,,ITFG2,SMS,,,,,,,,,,,,,,,,,,
,,,,,,,,,,,,,,,,,,,,MAB21L2,RAB3GAP1,,,,,,,,,,ZFHX4,,,,,,ITGA3,SNAP25,,,,,,,,,,,,,,,,,,
,,,,,,,,,,,,,,,,,,,,MACF1,RAB3GAP2,,,,,,,,,,ZFX,,,,,,ITGA4,SNAP29,,,,,,,,,,,,,,,,,,
,,,,,,,,,,,,,,,,,,,,MADD,RAC1,,,,,,,,,,ZFYVE26,,,,,,ITGA7,SNF8,,,,,,,,,,,,,,,,,,
,,,,,,,,,,,,,,,,,,,,MAF,RAC3,,,,,,,,,,ZFYVE9,,,,,,ITGAV,SNIP1,,,,,,,,,,,,,,,,,,
,,,,,,,,,,,,,,,,,,,,MAFB,RAD21,,,,,,,,,,ZMIZ1,,,,,,ITGB6,SNORD118,,,,,,,,,,,,,,,,,,
,,,,,,,,,,,,,,,,,,,,MAGEL2,RAD51C,,,,,,,,,,ZMYM2,,,,,,ITIH6,SNRPB,,,,,,,,,,,,,,,,,,
,,,,,,,,,,,,,,,,,,,,MAGI2,RAF1,,,,,,,,,,ZMYM3,,,,,,ITPA,SNX14,,,,,,,,,,,,,,,,,,
,,,,,,,,,,,,,,,,,,,,MAGT1,RAI1,,,,,,,,,,ZMYND11,,,,,,ITPR1,SNX27,,,,,,,,,,,,,,,,,,
,,,,,,,,,,,,,,,,,,,,MAMLD1,RALA,,,,,,,,,,ZMYND8,,,,,,ITSN1,SOD1,,,,,,,,,,,,,,,,,,
,,,,,,,,,,,,,,,,,,,,MAN1B1,RALGAPA1,,,,,,,,,,ZNF18,,,,,,IVD,SON,,,,,,,,,,,,,,,,,,
,,,,,,,,,,,,,,,,,,,,MAN2A2,RAPSN,,,,,,,,,,ZNF292,,,,,,JAG1,SOS1,,,,,,,,,,,,,,,,,,
,,,,,,,,,,,,,,,,,,,,MAN2B1,RARB,,,,,,,,,,ZNF385B,,,,,,JAGN1,SOS2,,,,,,,,,,,,,,,,,,
,,,,,,,,,,,,,,,,,,,,MAN2C1,RARS1,,,,,,,,,,ZNF462,,,,,,JAK3,SOX10,,,,,,,,,,,,,,,,,,
,,,,,,,,,,,,,,,,,,,,MANBA,RARS2,,,,,,,,,,ZNF517,,,,,,JAKMIP1,SOX11,,,,,,,,,,,,,,,,,,
,,,,,,,,,,,,,,,,,,,,MAOA,RAX,,,,,,,,,,ZNF532,,,,,,JAM3,SOX2,,,,,,,,,,,,,,,,,,
,,,,,,,,,,,,,,,,,,,,MAP2K1,RBBP8,,,,,,,,,,ZNF536,,,,,,JARID2,SOX4,,,,,,,,,,,,,,,,,,
,,,,,,,,,,,,,,,,,,,,MAP2K2,RBCK1,,,,,,,,,,ZNF548,,,,,,JKAMP,SOX5,,,,,,,,,,,,,,,,,,
,,,,,,,,,,,,,,,,,,,,MAP3K1,RBM10,,,,,,,,,,ZNF559,,,,,,JMJD1C,SOX6,,,,,,,,,,,,,,,,,,
,,,,,,,,,,,,,,,,,,,,MAP3K20,RBM8A,,,,,,,,,,ZNF626,,,,,,JPH3,SPART,,,,,,,,,,,,,,,,,,
,,,,,,,,,,,,,,,,,,,,MAP3K7,RBPJ,,,,,,,,,,ZNF644,,,,,,KANK1,SPAST,,,,,,,,,,,,,,,,,,
,,,,,,,,,,,,,,,,,,,,MAP4K4,RECQL4,,,,,,,,,,ZNF711,,,,,,KANSL1,SPATA5,,,,,,,,,,,,,,,,,,
,,,,,,,,,,,,,,,,,,,,MAPK1,RELN,,,,,,,,,,ZNF713,,,,,,KARS,SPATA5L1,,,,,,,,,,,,,,,,,,
,,,,,,,,,,,,,,,,,,,,MAPK10,RERE,,,,,,,,,,ZNF774,,,,,,KAT5,SPECC1L,,,,,,,,,,,,,,,,,,
,,,,,,,,,,,,,,,,,,,,MAPK8IP3,RET,,,,,,,,,,ZNF804A,,,,,,KAT6A,SPEN,,,,,,,,,,,,,,,,,,
,,,,,,,,,,,,,,,,,,,,MAPKAPK5,RFT1,,,,,,,,,,ZNF827,,,,,,KAT6B,SPG11,,,,,,,,,,,,,,,,,,
,,,,,,,,,,,,,,,,,,,,MAPRE2,RFX3,,,,,,,,,,ZNF865,,,,,,KAT8,SPOP,,,,,,,,,,,,,,,,,,
,,,,,,,,,,,,,,,,,,,,MARK4,RFX6,,,,,,,,,,ZSWIM6,,,,,,KATNAL2,SPOUT1,,,,,,,,,,,,,,,,,,
,,,,,,,,,,,,,,,,,,,,MASP1,RHOBTB2,,,,,,,,,,ZWILCH,,,,,,KATNB1,SPR,,,,,,,,,,,,,,,,,,
,,,,,,,,,,,,,,,,,,,,MAST1,RIMS2,,,,,,,,,,,,,,,,KBTBD13,SPRED1,,,,,,,,,,,,,,,,,,
,,,,,,,,,,,,,,,,,,,,MAST3,RINT1,,,,,,,,,,,,,,,,KCNA1,SPRED2,,,,,,,,,,,,,,,,,,
,,,,,,,,,,,,,,,,,,,,MAT1A,RIT1,,,,,,,,,,,,,,,,KCNA2,SPTAN1,,,,,,,,,,,,,,,,,,
,,,,,,,,,,,,,,,,,,,,MATN3,RLIM,,,,,,,,,,,,,,,,KCNA3,SPTBN1,,,,,,,,,,,,,,,,,,
,,,,,,,,,,,,,,,,,,,,MAU2,RMND1,,,,,,,,,,,,,,,,KCNB1,SPTBN2,,,,,,,,,,,,,,,,,,
,,,,,,,,,,,,,,,,,,,,MBD5,RMRP,,,,,,,,,,,,,,,,KCNB2,SPTBN4,,,,,,,,,,,,,,,,,,
,,,,,,,,,,,,,,,,,,,,MBOAT7,RNASEH2A,,,,,,,,,,,,,,,,KCNC1,SRCAP,,,,,,,,,,,,,,,,,,
,,,,,,,,,,,,,,,,,,,,MC2R,RNASEH2B,,,,,,,,,,,,,,,,KCNC3,SRD5A3,,,,,,,,,,,,,,,,,,
,,,,,,,,,,,,,,,,,,,,MCCC1,RNASEH2C,,,,,,,,,,,,,,,,KCND1,SRPK3,,,,,,,,,,,,,,,,,,
,,,,,,,,,,,,,,,,,,,,MCCC2,RNPC3,,,,,,,,,,,,,,,,KCND2,SRRM2,,,,,,,,,,,,,,,,,,
,,,,,,,,,,,,,,,,,,,,MCEE,RNU2-2,,,,,,,,,,,,,,,,KCND3,SRSF1,,,,,,,,,,,,,,,,,,
,,,,,,,,,,,,,,,,,,,,MCOLN1,RNU4-2,,,,,,,,,,,,,,,,KCNE1,SSR4,,,,,,,,,,,,,,,,,,
,,,,,,,,,,,,,,,,,,,,MCPH1,RNU4ATAC,,,,,,,,,,,,,,,,KCNH1,ST3GAL3,,,,,,,,,,,,,,,,,,
,,,,,,,,,,,,,,,,,,,,MDH2,ROBO3,,,,,,,,,,,,,,,,KCNH5,ST3GAL5,,,,,,,,,,,,,,,,,,
,,,,,,,,,,,,,,,,,,,,MECOM,ROBO4,,,,,,,,,,,,,,,,KCNJ10,STAG1,,,,,,,,,,,,,,,,,,
,,,,,,,,,,,,,,,,,,,,MECP2,ROGDI,,,,,,,,,,,,,,,,KCNJ11,STAG2,,,,,,,,,,,,,,,,,,
,,,,,,,,,,,,,,,,,,,,MECR,ROR2,,,,,,,,,,,,,,,,KCNJ2,STAMBP,,,,,,,,,,,,,,,,,,
,,,,,,,,,,,,,,,,,,,,MED11,RORA,,,,,,,,,,,,,,,,KCNJ6,STIL,,,,,,,,,,,,,,,,,,
,,,,,,,,,,,,,,,,,,,,MED12,RORB,,,,,,,,,,,,,,,,KCNK12,STRA6,,,,,,,,,,,,,,,,,,
,,,,,,,,,,,,,,,,,,,,MED13,RPE65,,,,,,,,,,,,,,,,KCNK3,STRADA,,,,,,,,,,,,,,,,,,
,,,,,,,,,,,,,,,,,,,,MED13L,RPGRIP1,,,,,,,,,,,,,,,,KCNK4,STT3A,,,,,,,,,,,,,,,,,,
,,,,,,,,,,,,,,,,,,,,MED17,RPGRIP1L,,,,,,,,,,,,,,,,KCNK9,STX1A,,,,,,,,,,,,,,,,,,
,,,,,,,,,,,,,,,,,,,,MED23,RPL10,,,,,,,,,,,,,,,,KCNMA1,STX1B,,,,,,,,,,,,,,,,,,
,,,,,,,,,,,,,,,,,,,,MED25,RPL11,,,,,,,,,,,,,,,,KCNN2,STXBP1,,,,,,,,,,,,,,,,,,
,,,,,,,,,,,,,,,,,,,,MED27,RPS19,,,,,,,,,,,,,,,,KCNN3,SUCLG1,,,,,,,,,,,,,,,,,,
,,,,,,,,,,,,,,,,,,,,MEF2C,RPS26,,,,,,,,,,,,,,,,KCNQ1,SUFU,,,,,,,,,,,,,,,,,,
,,,,,,,,,,,,,,,,,,,,MEGF10,RPS6KA3,,,,,,,,,,,,,,,,KCNQ2,SUMF1,,,,,,,,,,,,,,,,,,
,,,,,,,,,,,,,,,,,,,,MEGF8,RRAS,,,,,,,,,,,,,,,,KCNQ3,SUOX,,,,,,,,,,,,,,,,,,
,,,,,,,,,,,,,,,,,,,,MEIS2,RRAS2,,,,,,,,,,,,,,,,KCNQ5,SUPT16H,,,,,,,,,,,,,,,,,,
,,,,,,,,,,,,,,,,,,,,MEOX1,RRM2B,,,,,,,,,,,,,,,,KCNT1,SUPV3L1,,,,,,,,,,,,,,,,,,
,,,,,,,,,,,,,,,,,,,,MESD,RSPH1,,,,,,,,,,,,,,,,KCNT2,SURF1,,,,,,,,,,,,,,,,,,
,,,,,,,,,,,,,,,,,,,,MESP2,RSPH3,,,,,,,,,,,,,,,,KCTD1,SUZ12,,,,,,,,,,,,,,,,,,
,,,,,,,,,,,,,,,,,,,,METTL23,RSPO2,,,,,,,,,,,,,,,,KCTD3,SVBP,,,,,,,,,,,,,,,,,,
,,,,,,,,,,,,,,,,,,,,METTL5,RSPO4,,,,,,,,,,,,,,,,KCTD7,SYN1,,,,,,,,,,,,,,,,,,
,,,,,,,,,,,,,,,,,,,,MFF,RSPRY1,,,,,,,,,,,,,,,,KDM1A,SYNCRIP,,,,,,,,,,,,,,,,,,
,,,,,,,,,,,,,,,,,,,,MFN2,RSRC1,,,,,,,,,,,,,,,,KDM2A,SYNGAP1,,,,,,,,,,,,,,,,,,
,,,,,,,,,,,,,,,,,,,,MFRP,RTEL1,,,,,,,,,,,,,,,,KDM2B,SYNJ1,,,,,,,,,,,,,,,,,,
,,,,,,,,,,,,,,,,,,,,MFSD2A,RTTN,,,,,,,,,,,,,,,,KDM3B,SYP,,,,,,,,,,,,,,,,,,
,,,,,,,,,,,,,,,,,,,,MFSD8,RUNX2,,,,,,,,,,,,,,,,KDM4B,SYT1,,,,,,,,,,,,,,,,,,
,,,,,,,,,,,,,,,,,,,,MGAT2,RXYLT1,,,,,,,,,,,,,,,,KDM5A,SZT2,,,,,,,,,,,,,,,,,,
,,,,,,,,,,,,,,,,,,,,MGP,RYR1,,,,,,,,,,,,,,,,KDM5B,TAF1,,,,,,,,,,,,,,,,,,
,,,,,,,,,,,,,,,,,,,,MIB1,SALL1,,,,,,,,,,,,,,,,KDM5C,TAF2,,,,,,,,,,,,,,,,,,
,,,,,,,,,,,,,,,,,,,,MICU1,SALL4,,,,,,,,,,,,,,,,KDM6A,TAF4,,,,,,,,,,,,,,,,,,
,,,,,,,,,,,,,,,,,,,,MID1,SAMHD1,,,,,,,,,,,,,,,,KDM6B,TAF6,,,,,,,,,,,,,,,,,,
,,,,,,,,,,,,,,,,,,,,MIR140,SATB2,,,,,,,,,,,,,,,,KIAA0556,TAF8,,,,,,,,,,,,,,,,,,
,,,,,,,,,,,,,,,,,,,,MIR17HG,SBDS,,,,,,,,,,,,,,,,KIAA0586,TANC2,,,,,,,,,,,,,,,,,,
,,,,,,,,,,,,,,,,,,,,MIR184,SC5D,,,,,,,,,,,,,,,,KIAA1109,TANGO2,,,,,,,,,,,,,,,,,,
,,,,,,,,,,,,,,,,,,,,MITF,SCAF4,,,,,,,,,,,,,,,,KIDINS220,TAOK1,,,,,,,,,,,,,,,,,,
,,,,,,,,,,,,,,,,,,,,MKKS,SCAPER,,,,,,,,,,,,,,,,KIF11,TAOK2,,,,,,,,,,,,,,,,,,
,,,,,,,,,,,,,,,,,,,,MKS1,SCARF2,,,,,,,,,,,,,,,,KIF14,TARS2,,,,,,,,,,,,,,,,,,
,,,,,,,,,,,,,,,,,,,,MLC1,SCN11A,,,,,,,,,,,,,,,,KIF1A,TASP1,,,,,,,,,,,,,,,,,,
,,,,,,,,,,,,,,,,,,,,MLYCD,SCN1A,,,,,,,,,,,,,,,,KIF1B,TAT,,,,,,,,,,,,,,,,,,
,,,,,,,,,,,,,,,,,,,,MMAA,SCN1B,,,,,,,,,,,,,,,,KIF1BP,TAZ,,,,,,,,,,,,,,,,,,
,,,,,,,,,,,,,,,,,,,,MMAB,SCN2A,,,,,,,,,,,,,,,,KIF1C,TBC1D20,,,,,,,,,,,,,,,,,,
,,,,,,,,,,,,,,,,,,,,MMACHC,SCN3A,,,,,,,,,,,,,,,,KIF21A,TBC1D23,,,,,,,,,,,,,,,,,,
,,,,,,,,,,,,,,,,,,,,MMADHC,SCN4A,,,,,,,,,,,,,,,,KIF21B,TBC1D24,,,,,,,,,,,,,,,,,,
,,,,,,,,,,,,,,,,,,,,MMGT1,SCO1,,,,,,,,,,,,,,,,KIF22,TBC1D2B,,,,,,,,,,,,,,,,,,
,,,,,,,,,,,,,,,,,,,,MMP13,SCO2,,,,,,,,,,,,,,,,KIF26A,TBC1D7,,,,,,,,,,,,,,,,,,
,,,,,,,,,,,,,,,,,,,,MMP14,SCUBE3,,,,,,,,,,,,,,,,KIF26B,TBCD,,,,,,,,,,,,,,,,,,
,,,,,,,,,,,,,,,,,,,,MMP15,SDCCAG8,,,,,,,,,,,,,,,,KIF2A,TBCE,,,,,,,,,,,,,,,,,,
,,,,,,,,,,,,,,,,,,,,MMP21,SDHA,,,,,,,,,,,,,,,,KIF4A,TBCK,,,,,,,,,,,,,,,,,,
,,,,,,,,,,,,,,,,,,,,MMS19,SDHAF1,,,,,,,,,,,,,,,,KIF5A,TBL1XR1,,,,,,,,,,,,,,,,,,
,,,,,,,,,,,,,,,,,,,,MMUT,SEC24D,,,,,,,,,,,,,,,,KIF5B,TBR1,,,,,,,,,,,,,,,,,,
,,,,,,,,,,,,,,,,,,,,MN1,SELENOI,,,,,,,,,,,,,,,,KIF5C,TCEAL1,,,,,,,,,,,,,,,,,,
,,,,,,,,,,,,,,,,,,,,MNX1,SELENON,,,,,,,,,,,,,,,,KIF7,TCF20,,,,,,,,,,,,,,,,,,
,,,,,,,,,,,,,,,,,,,,MOCS1,SEMA3A,,,,,,,,,,,,,,,,KIRREL3,TCF4,,,,,,,,,,,,,,,,,,
,,,,,,,,,,,,,,,,,,,,MOCS2,SEPSECS,,,,,,,,,,,,,,,,KIT,TCF7L2,,,,,,,,,,,,,,,,,,
,,,,,,,,,,,,,,,,,,,,MOGS,SET,,,,,,,,,,,,,,,,KLF1,TCN2,,,,,,,,,,,,,,,,,,
,,,,,,,,,,,,,,,,,,,,MORC2,SETBP1,,,,,,,,,,,,,,,,KLF7,TCTN2,,,,,,,,,,,,,,,,,,
,,,,,,,,,,,,,,,,,,,,MPC2,SETD1A,,,,,,,,,,,,,,,,KLF8,TCTN3,,,,,,,,,,,,,,,,,,
,,,,,,,,,,,,,,,,,,,,MPDU1,SETD2,,,,,,,,,,,,,,,,KLHL15,TDP2,,,,,,,,,,,,,,,,,,
,,,,,,,,,,,,,,,,,,,,MPDZ,SETD5,,,,,,,,,,,,,,,,KLHL20,TECPR2,,,,,,,,,,,,,,,,,,
,,,,,,,,,,,,,,,,,,,,MPI,SGSH,,,,,,,,,,,,,,,,KLHL21,TEFM,,,,,,,,,,,,,,,,,,
,,,,,,,,,,,,,,,,,,,,MPLKIP,SH3PXD2B,,,,,,,,,,,,,,,,KLHL34,TELO2,,,,,,,,,,,,,,,,,,
,,,,,,,,,,,,,,,,,,,,MPV17,SHANK1,,,,,,,,,,,,,,,,KLHL4,TENM3,,,,,,,,,,,,,,,,,,
,,,,,,,,,,,,,,,,,,,,MPZ,SHANK2,,,,,,,,,,,,,,,,KLHL40,TET3,,,,,,,,,,,,,,,,,,
,,,,,,,,,,,,,,,,,,,,MRAS,SHANK3,,,,,,,,,,,,,,,,KLHL7,TFE3,,,,,,,,,,,,,,,,,,
,,,,,,,,,,,,,,,,,,,,MRE11,SHH,,,,,,,,,,,,,,,,KMT2A,TFG,,,,,,,,,,,,,,,,,,
,,,,,,,,,,,,,,,,,,,,MRPS2,SHMT2,,,,,,,,,,,,,,,,KMT2B,TGIF1,,,,,,,,,,,,,,,,,,
,,,,,,,,,,,,,,,,,,,,MRPS22,SHOC2,,,,,,,,,,,,,,,,KMT2C,TH,,,,,,,,,,,,,,,,,,
,,,,,,,,,,,,,,,,,,,,MRPS34,SHOX,,,,,,,,,,,,,,,,KMT2D,THOC2,,,,,,,,,,,,,,,,,,
,,,,,,,,,,,,,,,,,,,,MRTFB,SHROOM3,,,,,,,,,,,,,,,,KMT2E,THOC6,,,,,,,,,,,,,,,,,,
,,,,,,,,,,,,,,,,,,,,MSI1,SIAH1,,,,,,,,,,,,,,,,KMT5B,THRA,,,,,,,,,,,,,,,,,,
,,,,,,,,,,,,,,,,,,,,MSL2,SIK1,,,,,,,,,,,,,,,,KNL1,THUMPD1,,,,,,,,,,,,,,,,,,
,,,,,,,,,,,,,,,,,,,,MSL3,SIL1,,,,,,,,,,,,,,,,KPTN,TIAM1,,,,,,,,,,,,,,,,,,
,,,,,,,,,,,,,,,,,,,,MSX1,SIM1,,,,,,,,,,,,,,,,KRAS,TIMM50,,,,,,,,,,,,,,,,,,
,,,,,,,,,,,,,,,,,,,,MSX2,SIN3A,,,,,,,,,,,,,,,,KRIT1,TLK2,,,,,,,,,,,,,,,,,,
,,,,,,,,,,,,,,,,,,,,MT-TL1,SIX1,,,,,,,,,,,,,,,,L1CAM,TMCO1,,,,,,,,,,,,,,,,,,
,,,,,,,,,,,,,,,,,,,,MT-TP,SIX3,,,,,,,,,,,,,,,,L2HGDH,TMEM106B,,,,,,,,,,,,,,,,,,
,,,,,,,,,,,,,,,,,,,,MTF1,SIX5,,,,,,,,,,,,,,,,LAMA1,TMEM147,,,,,,,,,,,,,,,,,,
,,,,,,,,,,,,,,,,,,,,MTFMT,SKI,,,,,,,,,,,,,,,,LAMA2,TMEM165,,,,,,,,,,,,,,,,,,
,,,,,,,,,,,,,,,,,,,,MTHFR,SKIC2,,,,,,,,,,,,,,,,LAMB1,TMEM216,,,,,,,,,,,,,,,,,,
,,,,,,,,,,,,,,,,,,,,MTM1,SKIC3,,,,,,,,,,,,,,,,LAMB2,TMEM222,,,,,,,,,,,,,,,,,,
,,,,,,,,,,,,,,,,,,,,MTO1,SLC10A7,,,,,,,,,,,,,,,,LAMC3,TMEM237,,,,,,,,,,,,,,,,,,
,,,,,,,,,,,,,,,,,,,,MTOR,SLC12A5,,,,,,,,,,,,,,,,LAMP2,TMEM240,,,,,,,,,,,,,,,,,,
,,,,,,,,,,,,,,,,,,,,MTR,SLC12A6,,,,,,,,,,,,,,,,LARGE1,TMEM5,,,,,,,,,,,,,,,,,,
,,,,,,,,,,,,,,,,,,,,MTRFR,SLC13A5,,,,,,,,,,,,,,,,LARP7,TMEM63B,,,,,,,,,,,,,,,,,,
,,,,,,,,,,,,,,,,,,,,MTRR,SLC16A2,,,,,,,,,,,,,,,,LARS,TMEM63C,,,,,,,,,,,,,,,,,,
,,,,,,,,,,,,,,,,,,,,MTSS2,SLC17A5,,,,,,,,,,,,,,,,LARS2,TMEM67,,,,,,,,,,,,,,,,,,
,,,,,,,,,,,,,,,,,,,,MYBPC1,SLC18A2,,,,,,,,,,,,,,,,LAS1L,TMEM70,,,,,,,,,,,,,,,,,,
,,,,,,,,,,,,,,,,,,,,MYCBP2,SLC19A3,,,,,,,,,,,,,,,,LBR,TMEM94,,,,,,,,,,,,,,,,,,
,,,,,,,,,,,,,,,,,,,,MYCN,SLC1A2,,,,,,,,,,,,,,,,LDB1,TMTC3,,,,,,,,,,,,,,,,,,
,,,,,,,,,,,,,,,,,,,,MYF5,SLC22A5,,,,,,,,,,,,,,,,LDB3,TMX2,,,,,,,,,,,,,,,,,,
,,,,,,,,,,,,,,,,,,,,MYH10,SLC24A4,,,,,,,,,,,,,,,,LEMD3,TNPO2,,,,,,,,,,,,,,,,,,
,,,,,,,,,,,,,,,,,,,,MYH11,SLC25A1,,,,,,,,,,,,,,,,LETM1,TNR,,,,,,,,,,,,,,,,,,
,,,,,,,,,,,,,,,,,,,,MYH3,SLC25A13,,,,,,,,,,,,,,,,LFNG,TNRC6B,,,,,,,,,,,,,,,,,,
,,,,,,,,,,,,,,,,,,,,MYH6,SLC25A15,,,,,,,,,,,,,,,,LGI1,TOE1,,,,,,,,,,,,,,,,,,
,,,,,,,,,,,,,,,,,,,,MYH8,SLC25A19,,,,,,,,,,,,,,,,LGI3,TOR1A,,,,,,,,,,,,,,,,,,
,,,,,,,,,,,,,,,,,,,,MYH9,SLC25A20,,,,,,,,,,,,,,,,LGI4,TP73,,,,,,,,,,,,,,,,,,
,,,,,,,,,,,,,,,,,,,,MYL1,SLC25A26,,,,,,,,,,,,,,,,LHFPL3,TPP1,,,,,,,,,,,,,,,,,,
,,,,,,,,,,,,,,,,,,,,MYL11,SLC25A4,,,,,,,,,,,,,,,,LHX2,TPP2,,,,,,,,,,,,,,,,,,
,,,,,,,,,,,,,,,,,,,,MYLK,SLC26A2,,,,,,,,,,,,,,,,LHX3,TRA2B,,,,,,,,,,,,,,,,,,
,,,,,,,,,,,,,,,,,,,,MYO18B,SLC27A4,,,,,,,,,,,,,,,,LHX4,TRAF7,,,,,,,,,,,,,,,,,,
,,,,,,,,,,,,,,,,,,,,MYO5A,SLC2A1,,,,,,,,,,,,,,,,LIAS,TRAIP,,,,,,,,,,,,,,,,,,
,,,,,,,,,,,,,,,,,,,,MYO5B,SLC2A10,,,,,,,,,,,,,,,,LIG4,TRAPPC12,,,,,,,,,,,,,,,,,,
,,,,,,,,,,,,,,,,,,,,MYO7A,SLC2A2,,,,,,,,,,,,,,,,LIMK1,TRAPPC4,,,,,,,,,,,,,,,,,,
,,,,,,,,,,,,,,,,,,,,MYOCD,SLC33A1,,,,,,,,,,,,,,,,LINC01578,TRAPPC6B,,,,,,,,,,,,,,,,,,
,,,,,,,,,,,,,,,,,,,,MYPN,SLC35A1,,,,,,,,,,,,,,,,LINGO1,TRAPPC9,,,,,,,,,,,,,,,,,,
,,,,,,,,,,,,,,,,,,,,MYRF,SLC35A2,,,,,,,,,,,,,,,,LINGO4,TREX1,,,,,,,,,,,,,,,,,,
,,,,,,,,,,,,,,,,,,,,MYSM1,SLC35C1,,,,,,,,,,,,,,,,LINS1,TRIM8,,,,,,,,,,,,,,,,,,
,,,,,,,,,,,,,,,,,,,,MYT1,SLC35D1,,,,,,,,,,,,,,,,LIPT1,TRIO,,,,,,,,,,,,,,,,,,
,,,,,,,,,,,,,,,,,,,,MYT1L,SLC37A4,,,,,,,,,,,,,,,,LIPT2,TRIP12,,,,,,,,,,,,,,,,,,
,,,,,,,,,,,,,,,,,,,,NAA10,SLC38A3,,,,,,,,,,,,,,,,LITAF,TRIT1,,,,,,,,,,,,,,,,,,
,,,,,,,,,,,,,,,,,,,,NAA15,SLC39A13,,,,,,,,,,,,,,,,LMAN2L,TRMT1,,,,,,,,,,,,,,,,,,
,,,,,,,,,,,,,,,,,,,,NAA20,SLC39A14,,,,,,,,,,,,,,,,LMBRD1,TRMT10A,,,,,,,,,,,,,,,,,,
,,,,,,,,,,,,,,,,,,,,NACC1,SLC39A8,,,,,,,,,,,,,,,,LMBRD2,TRMT5,,,,,,,,,,,,,,,,,,
,,,,,,,,,,,,,,,,,,,,NADK2,SLC45A1,,,,,,,,,,,,,,,,LMNA,TRNT1,,,,,,,,,,,,,,,,,,
,,,,,,,,,,,,,,,,,,,,NADSYN1,SLC46A1,,,,,,,,,,,,,,,,LMNB1,TRPM3,,,,,,,,,,,,,,,,,,
,,,,,,,,,,,,,,,,,,,,NAE1,SLC4A11,,,,,,,,,,,,,,,,LMNB2,TRRAP,,,,,,,,,,,,,,,,,,
,,,,,,,,,,,,,,,,,,,,NAGA,SLC4A4,,,,,,,,,,,,,,,,LMX1B,TSC1,,,,,,,,,,,,,,,,,,
,,,,,,,,,,,,,,,,,,,,NAGLU,SLC52A2,,,,,,,,,,,,,,,,LNPK,TSC2,,,,,,,,,,,,,,,,,,
,,,,,,,,,,,,,,,,,,,,NAGS,SLC52A3,,,,,,,,,,,,,,,,LONP1,TSEN2,,,,,,,,,,,,,,,,,,
,,,,,,,,,,,,,,,,,,,,NALCN,SLC5A5,,,,,,,,,,,,,,,,LOXHD1,TSEN34,,,,,,,,,,,,,,,,,,
,,,,,,,,,,,,,,,,,,,,NANS,SLC5A7,,,,,,,,,,,,,,,,LRAT,TSEN54,,,,,,,,,,,,,,,,,,
,,,,,,,,,,,,,,,,,,,,NAPB,SLC6A1,,,,,,,,,,,,,,,,LRP1,TSFM,,,,,,,,,,,,,,,,,,
,,,,,,,,,,,,,,,,,,,,NARS1,SLC6A17,,,,,,,,,,,,,,,,LRP2,TSHB,,,,,,,,,,,,,,,,,,
,,,,,,,,,,,,,,,,,,,,NARS2,SLC6A5,,,,,,,,,,,,,,,,LRP4,TSPOAP1,,,,,,,,,,,,,,,,,,
,,,,,,,,,,,,,,,,,,,,NAXD,SLC6A8,,,,,,,,,,,,,,,,LRP5,TTC19,,,,,,,,,,,,,,,,,,
,,,,,,,,,,,,,,,,,,,,NAXE,SLC6A9,,,,,,,,,,,,,,,,LRPPRC,TTC37,,,,,,,,,,,,,,,,,,
,,,,,,,,,,,,,,,,,,,,NBAS,SLX4,,,,,,,,,,,,,,,,LRRC32,TTC5,,,,,,,,,,,,,,,,,,
,,,,,,,,,,,,,,,,,,,,NBEA,SMAD3,,,,,,,,,,,,,,,,LRRC45,TTC8,,,,,,,,,,,,,,,,,,
,,,,,,,,,,,,,,,,,,,,NBN,SMAD4,,,,,,,,,,,,,,,,LRRC6,TTI1,,,,,,,,,,,,,,,,,,
,,,,,,,,,,,,,,,,,,,,NCAPD2,SMARCA2,,,,,,,,,,,,,,,,LRRC7,TTI2,,,,,,,,,,,,,,,,,,
,,,,,,,,,,,,,,,,,,,,NCAPD3,SMARCA4,,,,,,,,,,,,,,,,LRRC8C,TUBA1A,,,,,,,,,,,,,,,,,,
,,,,,,,,,,,,,,,,,,,,NCAPG2,SMARCAL1,,,,,,,,,,,,,,,,LRRK1,TUBB,,,,,,,,,,,,,,,,,,
,,,,,,,,,,,,,,,,,,,,NCAPH,SMARCB1,,,,,,,,,,,,,,,,LRRK2,TUBB2A,,,,,,,,,,,,,,,,,,
,,,,,,,,,,,,,,,,,,,,NCDN,SMARCC2,,,,,,,,,,,,,,,,LSM1,TUBB2B,,,,,,,,,,,,,,,,,,
,,,,,,,,,,,,,,,,,,,,NCKAP1,SMARCE1,,,,,,,,,,,,,,,,LSM7,TUBB3,,,,,,,,,,,,,,,,,,
,,,,,,,,,,,,,,,,,,,,NCOR1,SMC1A,,,,,,,,,,,,,,,,LSS,TUBB4A,,,,,,,,,,,,,,,,,,
,,,,,,,,,,,,,,,,,,,,NDE1,SMC3,,,,,,,,,,,,,,,,LTBP2,TUBG1,,,,,,,,,,,,,,,,,,
,,,,,,,,,,,,,,,,,,,,NDNF,SMCHD1,,,,,,,,,,,,,,,,LTBP3,TUBGCP2,,,,,,,,,,,,,,,,,,
,,,,,,,,,,,,,,,,,,,,NDP,SMG8,,,,,,,,,,,,,,,,LYRM7,TUBGCP6,,,,,,,,,,,,,,,,,,
,,,,,,,,,,,,,,,,,,,,NDST1,SMO,,,,,,,,,,,,,,,,LYST,TUSC3,,,,,,,,,,,,,,,,,,
,,,,,,,,,,,,,,,,,,,,NDUFA1,SMOC1,,,,,,,,,,,,,,,,LZTFL1,TWIST1,,,,,,,,,,,,,,,,,,
,,,,,,,,,,,,,,,,,,,,NDUFA10,SMOC2,,,,,,,,,,,,,,,,LZTR1,U2AF2,,,,,,,,,,,,,,,,,,
,,,,,,,,,,,,,,,,,,,,NDUFA12,SMPD1,,,,,,,,,,,,,,,,MAB21L1,UBA5,,,,,,,,,,,,,,,,,,
,,,,,,,,,,,,,,,,,,,,NDUFA6,SMPD4,,,,,,,,,,,,,,,,MAB21L2,UBAP2L,,,,,,,,,,,,,,,,,,
,,,,,,,,,,,,,,,,,,,,NDUFA8,SMS,,,,,,,,,,,,,,,,MACC1,UBE2A,,,,,,,,,,,,,,,,,,
,,,,,,,,,,,,,,,,,,,,NDUFA9,SNAP25,,,,,,,,,,,,,,,,MACF1,UBE3A,,,,,,,,,,,,,,,,,,
,,,,,,,,,,,,,,,,,,,,NDUFAF2,SNORD118,,,,,,,,,,,,,,,,MADD,UBE3B,,,,,,,,,,,,,,,,,,
,,,,,,,,,,,,,,,,,,,,NDUFAF8,SNRPB,,,,,,,,,,,,,,,,MAF,UBE4A,,,,,,,,,,,,,,,,,,
,,,,,,,,,,,,,,,,,,,,NDUFB11,SNRPE,,,,,,,,,,,,,,,,MAFB,UBR1,,,,,,,,,,,,,,,,,,
,,,,,,,,,,,,,,,,,,,,NDUFB3,SNUPN,,,,,,,,,,,,,,,,MAG,UBR5,,,,,,,,,,,,,,,,,,
,,,,,,,,,,,,,,,,,,,,NDUFB7,SOS1,,,,,,,,,,,,,,,,MAGEA11,UBR7,,,,,,,,,,,,,,,,,,
,,,,,,,,,,,,,,,,,,,,NDUFB8,SOS2,,,,,,,,,,,,,,,,MAGEB1,UBTF,,,,,,,,,,,,,,,,,,
,,,,,,,,,,,,,,,,,,,,NDUFS1,SOX10,,,,,,,,,,,,,,,,MAGEB10,UFM1,,,,,,,,,,,,,,,,,,
,,,,,,,,,,,,,,,,,,,,NDUFS4,SOX11,,,,,,,,,,,,,,,,MAGEB2,UFSP2,,,,,,,,,,,,,,,,,,
,,,,,,,,,,,,,,,,,,,,NDUFS7,SOX17,,,,,,,,,,,,,,,,MAGEC1,UGDH,,,,,,,,,,,,,,,,,,
,,,,,,,,,,,,,,,,,,,,NDUFS8,SOX2,,,,,,,,,,,,,,,,MAGEC3,UGGT1,,,,,,,,,,,,,,,,,,
,,,,,,,,,,,,,,,,,,,,NDUFV1,SOX3,,,,,,,,,,,,,,,,MAGED1,UGP2,,,,,,,,,,,,,,,,,,
,,,,,,,,,,,,,,,,,,,,NDUFV2,SOX4,,,,,,,,,,,,,,,,MAGEE2,UMPS,,,,,,,,,,,,,,,,,,
,,,,,,,,,,,,,,,,,,,,NEB,SOX5,,,,,,,,,,,,,,,,MAGEL2,UNC13A,,,,,,,,,,,,,,,,,,
,,,,,,,,,,,,,,,,,,,,NECTIN1,SOX6,,,,,,,,,,,,,,,,MAGI2,UNC80,,,,,,,,,,,,,,,,,,
,,,,,,,,,,,,,,,,,,,,NECTIN4,SOX9,,,,,,,,,,,,,,,,MAGIX,UPF1,,,,,,,,,,,,,,,,,,
,,,,,,,,,,,,,,,,,,,,NEDD4L,SPAG1,,,,,,,,,,,,,,,,MAGT1,UPF3B,,,,,,,,,,,,,,,,,,
,,,,,,,,,,,,,,,,,,,,NEK1,SPARC,,,,,,,,,,,,,,,,MAL,UROC1,,,,,,,,,,,,,,,,,,
,,,,,,,,,,,,,,,,,,,,NEK8,SPAST,,,,,,,,,,,,,,,,MAN1B1,USP7,,,,,,,,,,,,,,,,,,
,,,,,,,,,,,,,,,,,,,,NEU1,SPEG,,,,,,,,,,,,,,,,MAN2B1,USP9X,,,,,,,,,,,,,,,,,,
,,,,,,,,,,,,,,,,,,,,NEXMIF,SPEN,,,,,,,,,,,,,,,,MAN2C1,VAMP2,,,,,,,,,,,,,,,,,,
,,,,,,,,,,,,,,,,,,,,NF1,SPG11,,,,,,,,,,,,,,,,MANBA,VARS,,,,,,,,,,,,,,,,,,
,,,,,,,,,,,,,,,,,,,,NFE2L2,SPR,,,,,,,,,,,,,,,,MAOA,VARS2,,,,,,,,,,,,,,,,,,
,,,,,,,,,,,,,,,,,,,,NFIA,SPRED1,,,,,,,,,,,,,,,,MAOB,VCP,,,,,,,,,,,,,,,,,,
,,,,,,,,,,,,,,,,,,,,NFIB,SPRED2,,,,,,,,,,,,,,,,MAP1B,VLDLR,,,,,,,,,,,,,,,,,,
,,,,,,,,,,,,,,,,,,,,NFIX,SPTAN1,,,,,,,,,,,,,,,,MAP2K1,VPS11,,,,,,,,,,,,,,,,,,
,,,,,,,,,,,,,,,,,,,,NFU1,SPTBN1,,,,,,,,,,,,,,,,MAP2K2,VPS13B,,,,,,,,,,,,,,,,,,
,,,,,,,,,,,,,,,,,,,,NGLY1,SPTBN2,,,,,,,,,,,,,,,,MAP3K1,VPS33A,,,,,,,,,,,,,,,,,,
,,,,,,,,,,,,,,,,,,,,NHLRC2,SRCAP,,,,,,,,,,,,,,,,MAP3K15,VPS41,,,,,,,,,,,,,,,,,,
,,,,,,,,,,,,,,,,,,,,NHP2,SRD5A3,,,,,,,,,,,,,,,,MAP3K7,VPS4A,,,,,,,,,,,,,,,,,,
,,,,,,,,,,,,,,,,,,,,NHS,SRP54,,,,,,,,,,,,,,,,MAP4K4,VPS53,,,,,,,,,,,,,,,,,,
,,,,,,,,,,,,,,,,,,,,NIPBL,SRRM2,,,,,,,,,,,,,,,,MAP7D3,VRK1,,,,,,,,,,,,,,,,,,
,,,,,,,,,,,,,,,,,,,,NKAP,SRY,,,,,,,,,,,,,,,,MAPK1,WAC,,,,,,,,,,,,,,,,,,
,,,,,,,,,,,,,,,,,,,,NKX2-1,ST14,,,,,,,,,,,,,,,,MAPK10,WARS,,,,,,,,,,,,,,,,,,
,,,,,,,,,,,,,,,,,,,,NKX2-5,ST3GAL3,,,,,,,,,,,,,,,,MAPK8IP3,WARS2,,,,,,,,,,,,,,,,,,
,,,,,,,,,,,,,,,,,,,,NKX3-2,ST3GAL5,,,,,,,,,,,,,,,,MAPKAPK5,WASF1,,,,,,,,,,,,,,,,,,
,,,,,,,,,,,,,,,,,,,,NKX6-2,STAC3,,,,,,,,,,,,,,,,MAPRE2,WBP4,,,,,,,,,,,,,,,,,,
,,,,,,,,,,,,,,,,,,,,NLGN3,STAG1,,,,,,,,,,,,,,,,MAPT,WDFY3,,,,,,,,,,,,,,,,,,
,,,,,,,,,,,,,,,,,,,,NLGN4X,STAG2,,,,,,,,,,,,,,,,MARK2,WDPCP,,,,,,,,,,,,,,,,,,
,,,,,,,,,,,,,,,,,,,,NMNAT1,STAMBP,,,,,,,,,,,,,,,,MARS2,WDR26,,,,,,,,,,,,,,,,,,
,,,,,,,,,,,,,,,,,,,,NODAL,STAR,,,,,,,,,,,,,,,,MASP1,WDR37,,,,,,,,,,,,,,,,,,
,,,,,,,,,,,,,,,,,,,,NOG,STAT5B,,,,,,,,,,,,,,,,MAST1,WDR4,,,,,,,,,,,,,,,,,,
,,,,,,,,,,,,,,,,,,,,NONO,STIL,,,,,,,,,,,,,,,,MAST3,WDR45,,,,,,,,,,,,,,,,,,
,,,,,,,,,,,,,,,,,,,,NOP10,STN1,,,,,,,,,,,,,,,,MAST4,WDR45B,,,,,,,,,,,,,,,,,,
,,,,,,,,,,,,,,,,,,,,NOTCH1,STRA6,,,,,,,,,,,,,,,,MAT1A,WDR47,,,,,,,,,,,,,,,,,,
,,,,,,,,,,,,,,,,,,,,NOTCH2,STS,,,,,,,,,,,,,,,,MATN3,WDR5,,,,,,,,,,,,,,,,,,
,,,,,,,,,,,,,,,,,,,,NOTCH3,STT3A,,,,,,,,,,,,,,,,MBD5,WDR62,,,,,,,,,,,,,,,,,,
,,,,,,,,,,,,,,,,,,,,NOVA2,STX1B,,,,,,,,,,,,,,,,MBNL3,WDR73,,,,,,,,,,,,,,,,,,
,,,,,,,,,,,,,,,,,,,,NPC1,STXBP1,,,,,,,,,,,,,,,,MBOAT7,WDR81,,,,,,,,,,,,,,,,,,
,,,,,,,,,,,,,,,,,,,,NPC2,SUCLG1,,,,,,,,,,,,,,,,MBTPS2,WDR83OS,,,,,,,,,,,,,,,,,,
,,,,,,,,,,,,,,,,,,,,NPHP1,SUFU,,,,,,,,,,,,,,,,MC2R,WIPI2,,,,,,,,,,,,,,,,,,
,,,,,,,,,,,,,,,,,,,,NPHP3,SUMF1,,,,,,,,,,,,,,,,MCCC1,WNK3,,,,,,,,,,,,,,,,,,
,,,,,,,,,,,,,,,,,,,,NPHP4,SUOX,,,,,,,,,,,,,,,,MCCC2,WNT1,,,,,,,,,,,,,,,,,,
,,,,,,,,,,,,,,,,,,,,NPHS1,SURF1,,,,,,,,,,,,,,,,MCEE,WWOX,,,,,,,,,,,,,,,,,,
,,,,,,,,,,,,,,,,,,,,NPHS2,SUZ12,,,,,,,,,,,,,,,,MCM3AP,XRCC4,,,,,,,,,,,,,,,,,,
,,,,,,,,,,,,,,,,,,,,NPM1,SYN1,,,,,,,,,,,,,,,,MCM9,XYLT1,,,,,,,,,,,,,,,,,,
,,,,,,,,,,,,,,,,,,,,NPR2,SYNE1,,,,,,,,,,,,,,,,MCOLN1,YIF1B,,,,,,,,,,,,,,,,,,
,,,,,,,,,,,,,,,,,,,,NPR3,SYNGAP1,,,,,,,,,,,,,,,,MCPH1,YIPF5,,,,,,,,,,,,,,,,,,
,,,,,,,,,,,,,,,,,,,,NPRL2,SYT1,,,,,,,,,,,,,,,,MDH2,YWHAG,,,,,,,,,,,,,,,,,,
,,,,,,,,,,,,,,,,,,,,NPRL3,SYT2,,,,,,,,,,,,,,,,MECP2,YY1,,,,,,,,,,,,,,,,,,
,,,,,,,,,,,,,,,,,,,,NR1I3,SZT2,,,,,,,,,,,,,,,,MECR,ZBTB18,,,,,,,,,,,,,,,,,,
,,,,,,,,,,,,,,,,,,,,NR2F1,TAB2,,,,,,,,,,,,,,,,MED11,ZBTB20,,,,,,,,,,,,,,,,,,
,,,,,,,,,,,,,,,,,,,,NR2F2,TAC3,,,,,,,,,,,,,,,,MED12,ZBTB24,,,,,,,,,,,,,,,,,,
,,,,,,,,,,,,,,,,,,,,NR4A2,TACO1,,,,,,,,,,,,,,,,MED12L,ZBTB47,,,,,,,,,,,,,,,,,,
,,,,,,,,,,,,,,,,,,,,NRAS,TACR3,,,,,,,,,,,,,,,,MED13,ZBTB7A,,,,,,,,,,,,,,,,,,
,,,,,,,,,,,,,,,,,,,,NRCAM,TAF13,,,,,,,,,,,,,,,,MED13L,ZC4H2,,,,,,,,,,,,,,,,,,
,,,,,,,,,,,,,,,,,,,,NRROS,TAFAZZIN,,,,,,,,,,,,,,,,MED16,ZDHHC9,,,,,,,,,,,,,,,,,,
,,,,,,,,,,,,,,,,,,,,NRXN1,TANGO2,,,,,,,,,,,,,,,,MED17,ZEB2,,,,,,,,,,,,,,,,,,
,,,,,,,,,,,,,,,,,,,,NRXN2,TAOK1,,,,,,,,,,,,,,,,MED23,ZFHX3,,,,,,,,,,,,,,,,,,
,,,,,,,,,,,,,,,,,,,,NRXN3,TAPT1,,,,,,,,,,,,,,,,MED25,ZFHX4,,,,,,,,,,,,,,,,,,
,,,,,,,,,,,,,,,,,,,,NSD1,TASP1,,,,,,,,,,,,,,,,MED27,ZFX,,,,,,,,,,,,,,,,,,
,,,,,,,,,,,,,,,,,,,,NSD2,TAT,,,,,,,,,,,,,,,,MEF2C,ZFYVE26,,,,,,,,,,,,,,,,,,
,,,,,,,,,,,,,,,,,,,,NSDHL,TBC1D20,,,,,,,,,,,,,,,,MEGF10,ZIC1,,,,,,,,,,,,,,,,,,
,,,,,,,,,,,,,,,,,,,,NSMCE3,TBC1D23,,,,,,,,,,,,,,,,MEGF8,ZIC2,,,,,,,,,,,,,,,,,,
,,,,,,,,,,,,,,,,,,,,NSRP1,TBC1D24,,,,,,,,,,,,,,,,MEIS2,ZMIZ1,,,,,,,,,,,,,,,,,,
,,,,,,,,,,,,,,,,,,,,NSUN2,TBC1D2B,,,,,,,,,,,,,,,,MESP2,ZMYM2,,,,,,,,,,,,,,,,,,
,,,,,,,,,,,,,,,,,,,,NSUN6,TBCD,,,,,,,,,,,,,,,,MET,ZMYM3,,,,,,,,,,,,,,,,,,
,,,,,,,,,,,,,,,,,,,,NT5C3A,TBCE,,,,,,,,,,,,,,,,METAP1,ZMYND11,,,,,,,,,,,,,,,,,,
,,,,,,,,,,,,,,,,,,,,NTNG2,TBCK,,,,,,,,,,,,,,,,METTL23,ZMYND8,,,,,,,,,,,,,,,,,,
,,,,,,,,,,,,,,,,,,,,NTRK1,TBL1XR1,,,,,,,,,,,,,,,,METTL5,ZNF142,,,,,,,,,,,,,,,,,,
,,,,,,,,,,,,,,,,,,,,NTRK2,TBR1,,,,,,,,,,,,,,,,MFF,ZNF292,,,,,,,,,,,,,,,,,,
,,,,,,,,,,,,,,,,,,,,NUBPL,TBX1,,,,,,,,,,,,,,,,MFRP,ZNF335,,,,,,,,,,,,,,,,,,
,,,,,,,,,,,,,,,,,,,,NUDCD2,TBX18,,,,,,,,,,,,,,,,MFSD2A,ZNF462,,,,,,,,,,,,,,,,,,
,,,,,,,,,,,,,,,,,,,,NUDT2,TBX20,,,,,,,,,,,,,,,,MFSD8,ZNF526,,,,,,,,,,,,,,,,,,
,,,,,,,,,,,,,,,,,,,,NUP107,TBX22,,,,,,,,,,,,,,,,MGAT2,ZNF699,,,,,,,,,,,,,,,,,,
,,,,,,,,,,,,,,,,,,,,NUP133,TBX3,,,,,,,,,,,,,,,,MGAT5B,ZNF711,,,,,,,,,,,,,,,,,,
,,,,,,,,,,,,,,,,,,,,NUP188,TBX4,,,,,,,,,,,,,,,,MGP,ZNFX1,,,,,,,,,,,,,,,,,,
,,,,,,,,,,,,,,,,,,,,NUP214,TBX5,,,,,,,,,,,,,,,,MIB1,ZSWIM6,,,,,,,,,,,,,,,,,,
,,,,,,,,,,,,,,,,,,,,NUP54,TBXAS1,,,,,,,,,,,,,,,,MICU1,,,,,,,,,,,,,,,,,,,
,,,,,,,,,,,,,,,,,,,,NUP62,TCF12,,,,,,,,,,,,,,,,MID1,,,,,,,,,,,,,,,,,,,
,,,,,,,,,,,,,,,,,,,,NUS1,TCF20,,,,,,,,,,,,,,,,MINPP1,,,,,,,,,,,,,,,,,,,
,,,,,,,,,,,,,,,,,,,,NYX,TCF4,,,,,,,,,,,,,,,,MIR17HG,,,,,,,,,,,,,,,,,,,
,,,,,,,,,,,,,,,,,,,,OBSL1,TCF7L2,,,,,,,,,,,,,,,,MITF,,,,,,,,,,,,,,,,,,,
,,,,,,,,,,,,,,,,,,,,OCLN,TCN2,,,,,,,,,,,,,,,,MKKS,,,,,,,,,,,,,,,,,,,
,,,,,,,,,,,,,,,,,,,,OCRL,TCOF1,,,,,,,,,,,,,,,,MKL2,,,,,,,,,,,,,,,,,,,
,,,,,,,,,,,,,,,,,,,,ODAD1,TCTN1,,,,,,,,,,,,,,,,MKS1,,,,,,,,,,,,,,,,,,,
,,,,,,,,,,,,,,,,,,,,ODAD2,TCTN2,,,,,,,,,,,,,,,,MLC1,,,,,,,,,,,,,,,,,,,
,,,,,,,,,,,,,,,,,,,,ODAD3,TCTN3,,,,,,,,,,,,,,,,MLH1,,,,,,,,,,,,,,,,,,,
,,,,,,,,,,,,,,,,,,,,ODAD4,TECPR2,,,,,,,,,,,,,,,,MLYCD,,,,,,,,,,,,,,,,,,,
,,,,,,,,,,,,,,,,,,,,ODAPH,TELO2,,,,,,,,,,,,,,,,MMAA,,,,,,,,,,,,,,,,,,,
,,,,,,,,,,,,,,,,,,,,ODC1,TERC,,,,,,,,,,,,,,,,MMAB,,,,,,,,,,,,,,,,,,,
,,,,,,,,,,,,,,,,,,,,OFD1,TERT,,,,,,,,,,,,,,,,MMACHC,,,,,,,,,,,,,,,,,,,
,,,,,,,,,,,,,,,,,,,,OGDH,TET3,,,,,,,,,,,,,,,,MMADHC,,,,,,,,,,,,,,,,,,,
,,,,,,,,,,,,,,,,,,,,OGDHL,TFAP2A,,,,,,,,,,,,,,,,MMGT1,,,,,,,,,,,,,,,,,,,
,,,,,,,,,,,,,,,,,,,,OGT,TFAP2B,,,,,,,,,,,,,,,,MMP13,,,,,,,,,,,,,,,,,,,
,,,,,,,,,,,,,,,,,,,,ONECUT1,TFE3,,,,,,,,,,,,,,,,MMP21,,,,,,,,,,,,,,,,,,,
,,,,,,,,,,,,,,,,,,,,OPHN1,TGDS,,,,,,,,,,,,,,,,MN1,,,,,,,,,,,,,,,,,,,
,,,,,,,,,,,,,,,,,,,,ORC1,TGFB1,,,,,,,,,,,,,,,,MNX1,,,,,,,,,,,,,,,,,,,
,,,,,,,,,,,,,,,,,,,,ORC4,TGFB2,,,,,,,,,,,,,,,,MOCS1,,,,,,,,,,,,,,,,,,,
,,,,,,,,,,,,,,,,,,,,ORC6,TGFB3,,,,,,,,,,,,,,,,MOCS2,,,,,,,,,,,,,,,,,,,
,,,,,,,,,,,,,,,,,,,,OSGEP,TGFBR1,,,,,,,,,,,,,,,,MOGS,,,,,,,,,,,,,,,,,,,
,,,,,,,,,,,,,,,,,,,,OTC,TGFBR2,,,,,,,,,,,,,,,,MORC2,,,,,,,,,,,,,,,,,,,
,,,,,,,,,,,,,,,,,,,,OTOGL,TGIF1,,,,,,,,,,,,,,,,MORC4,,,,,,,,,,,,,,,,,,,
,,,,,,,,,,,,,,,,,,,,OTUD5,TH,,,,,,,,,,,,,,,,MPDU1,,,,,,,,,,,,,,,,,,,
,,,,,,,,,,,,,,,,,,,,OTUD6B,THOC2,,,,,,,,,,,,,,,,MPDZ,,,,,,,,,,,,,,,,,,,
,,,,,,,,,,,,,,,,,,,,OTUD7A,THOC6,,,,,,,,,,,,,,,,MPI,,,,,,,,,,,,,,,,,,,
,,,,,,,,,,,,,,,,,,,,OTULIN,TIMM8A,,,,,,,,,,,,,,,,MPLKIP,,,,,,,,,,,,,,,,,,,
,,,,,,,,,,,,,,,,,,,,OTX2,TINF2,,,,,,,,,,,,,,,,MPP5,,,,,,,,,,,,,,,,,,,
,,,,,,,,,,,,,,,,,,,,OXCT1,TLK2,,,,,,,,,,,,,,,,MPV17,,,,,,,,,,,,,,,,,,,
,,,,,,,,,,,,,,,,,,,,OXR1,TMEM106B,,,,,,,,,,,,,,,,MPZ,,,,,,,,,,,,,,,,,,,
,,,,,,,,,,,,,,,,,,,,P3H1,TMEM126B,,,,,,,,,,,,,,,,MRAP,,,,,,,,,,,,,,,,,,,
,,,,,,,,,,,,,,,,,,,,P4HB,TMEM147,,,,,,,,,,,,,,,,MRE11,,,,,,,,,,,,,,,,,,,
,,,,,,,,,,,,,,,,,,,,P4HTM,TMEM165,,,,,,,,,,,,,,,,MRPL49,,,,,,,,,,,,,,,,,,,
,,,,,,,,,,,,,,,,,,,,PABPC1,TMEM216,,,,,,,,,,,,,,,,MRPS22,,,,,,,,,,,,,,,,,,,
,,,,,,,,,,,,,,,,,,,,PACS1,TMEM218,,,,,,,,,,,,,,,,MRPS34,,,,,,,,,,,,,,,,,,,
,,,,,,,,,,,,,,,,,,,,PACS2,TMEM222,,,,,,,,,,,,,,,,MSL2,,,,,,,,,,,,,,,,,,,
,,,,,,,,,,,,,,,,,,,,PACSIN3,TMEM237,,,,,,,,,,,,,,,,MSL3,,,,,,,,,,,,,,,,,,,
,,,,,,,,,,,,,,,,,,,,PAFAH1B1,TMEM240,,,,,,,,,,,,,,,,MSMO1,,,,,,,,,,,,,,,,,,,
,,,,,,,,,,,,,,,,,,,,PAH,TMEM63A,,,,,,,,,,,,,,,,MSX1,,,,,,,,,,,,,,,,,,,
,,,,,,,,,,,,,,,,,,,,PAK1,TMEM67,,,,,,,,,,,,,,,,MSX2,,,,,,,,,,,,,,,,,,,
,,,,,,,,,,,,,,,,,,,,PAK3,TMPRSS6,,,,,,,,,,,,,,,,MT-ATP6,,,,,,,,,,,,,,,,,,,
,,,,,,,,,,,,,,,,,,,,PALB2,TMTC3,,,,,,,,,,,,,,,,MT-ND1,,,,,,,,,,,,,,,,,,,
,,,,,,,,,,,,,,,,,,,,PAN2,TNNT3,,,,,,,,,,,,,,,,MT-ND4,,,,,,,,,,,,,,,,,,,
,,,,,,,,,,,,,,,,,,,,PAPSS2,TNRC6B,,,,,,,,,,,,,,,,MT-TK,,,,,,,,,,,,,,,,,,,
,,,,,,,,,,,,,,,,,,,,PARN,TOE1,,,,,,,,,,,,,,,,MT-TP,,,,,,,,,,,,,,,,,,,
,,,,,,,,,,,,,,,,,,,,PARP1,TOGARAM1,,,,,,,,,,,,,,,,MTF1,,,,,,,,,,,,,,,,,,,
,,,,,,,,,,,,,,,,,,,,PARS2,TONSL,,,,,,,,,,,,,,,,MTFMT,,,,,,,,,,,,,,,,,,,
,,,,,,,,,,,,,,,,,,,,PAX1,TOP3A,,,,,,,,,,,,,,,,MTHFR,,,,,,,,,,,,,,,,,,,
,,,,,,,,,,,,,,,,,,,,PAX2,TOR1A,,,,,,,,,,,,,,,,MTHFS,,,,,,,,,,,,,,,,,,,
,,,,,,,,,,,,,,,,,,,,PAX3,TP53RK,,,,,,,,,,,,,,,,MTM1,,,,,,,,,,,,,,,,,,,
,,,,,,,,,,,,,,,,,,,,PAX6,TP63,,,,,,,,,,,,,,,,MTMR1,,,,,,,,,,,,,,,,,,,
,,,,,,,,,,,,,,,,,,,,PAX8,TP73,,,,,,,,,,,,,,,,MTMR14,,,,,,,,,,,,,,,,,,,
,,,,,,,,,,,,,,,,,,,,PAX9,TPM3,,,,,,,,,,,,,,,,MTMR2,,,,,,,,,,,,,,,,,,,
,,,,,,,,,,,,,,,,,,,,PBX1,TPP1,,,,,,,,,,,,,,,,MTMR8,,,,,,,,,,,,,,,,,,,
,,,,,,,,,,,,,,,,,,,,PC,TRAF7,,,,,,,,,,,,,,,,MTO1,,,,,,,,,,,,,,,,,,,
,,,,,,,,,,,,,,,,,,,,PCARE,TRAIP,,,,,,,,,,,,,,,,MTOR,,,,,,,,,,,,,,,,,,,
,,,,,,,,,,,,,,,,,,,,PCBD1,TRAPPC12,,,,,,,,,,,,,,,,MTPAP,,,,,,,,,,,,,,,,,,,
,,,,,,,,,,,,,,,,,,,,PCBP2,TRAPPC2,,,,,,,,,,,,,,,,MTR,,,,,,,,,,,,,,,,,,,
,,,,,,,,,,,,,,,,,,,,PCCA,TRAPPC9,,,,,,,,,,,,,,,,MTRR,,,,,,,,,,,,,,,,,,,
,,,,,,,,,,,,,,,,,,,,PCCB,TREX1,,,,,,,,,,,,,,,,MTSS1L,,,,,,,,,,,,,,,,,,,
,,,,,,,,,,,,,,,,,,,,PCDH12,TRIM32,,,,,,,,,,,,,,,,MTTP,,,,,,,,,,,,,,,,,,,
,,,,,,,,,,,,,,,,,,,,PCDH19,TRIM37,,,,,,,,,,,,,,,,MUT,,,,,,,,,,,,,,,,,,,
,,,,,,,,,,,,,,,,,,,,PCDHGC4,TRIM8,,,,,,,,,,,,,,,,MVK,,,,,,,,,,,,,,,,,,,
,,,,,,,,,,,,,,,,,,,,PCGF2,TRIO,,,,,,,,,,,,,,,,MXRA5,,,,,,,,,,,,,,,,,,,
,,,,,,,,,,,,,,,,,,,,PCNT,TRIP11,,,,,,,,,,,,,,,,MYBPC1,,,,,,,,,,,,,,,,,,,
,,,,,,,,,,,,,,,,,,,,PCYT1A,TRIP12,,,,,,,,,,,,,,,,MYCBP2,,,,,,,,,,,,,,,,,,,
,,,,,,,,,,,,,,,,,,,,PCYT2,TRIP13,,,,,,,,,,,,,,,,MYCN,,,,,,,,,,,,,,,,,,,
,,,,,,,,,,,,,,,,,,,,PDCD10,TRIP4,,,,,,,,,,,,,,,,MYH10,,,,,,,,,,,,,,,,,,,
,,,,,,,,,,,,,,,,,,,,PDE10A,TRMT10A,,,,,,,,,,,,,,,,MYH3,,,,,,,,,,,,,,,,,,,
,,,,,,,,,,,,,,,,,,,,PDE4D,TRMT10C,,,,,,,,,,,,,,,,MYH6,,,,,,,,,,,,,,,,,,,
,,,,,,,,,,,,,,,,,,,,PDE6G,TRNT1,,,,,,,,,,,,,,,,MYH8,,,,,,,,,,,,,,,,,,,
,,,,,,,,,,,,,,,,,,,,PDE6H,TRPM3,,,,,,,,,,,,,,,,MYH9,,,,,,,,,,,,,,,,,,,
,,,,,,,,,,,,,,,,,,,,PDGFRB,TRPS1,,,,,,,,,,,,,,,,MYO1D,,,,,,,,,,,,,,,,,,,
,,,,,,,,,,,,,,,,,,,,PDHA1,TRPV3,,,,,,,,,,,,,,,,MYO1G,,,,,,,,,,,,,,,,,,,
,,,,,,,,,,,,,,,,,,,,PDHX,TRPV4,,,,,,,,,,,,,,,,MYO1H,,,,,,,,,,,,,,,,,,,
,,,,,,,,,,,,,,,,,,,,PDIA6,TRPV6,,,,,,,,,,,,,,,,MYO5A,,,,,,,,,,,,,,,,,,,
,,,,,,,,,,,,,,,,,,,,PDSS1,TRRAP,,,,,,,,,,,,,,,,MYO5B,,,,,,,,,,,,,,,,,,,
,,,,,,,,,,,,,,,,,,,,PDSS2,TSC1,,,,,,,,,,,,,,,,MYO7A,,,,,,,,,,,,,,,,,,,
,,,,,,,,,,,,,,,,,,,,PECR,TSC2,,,,,,,,,,,,,,,,MYT1,,,,,,,,,,,,,,,,,,,
,,,,,,,,,,,,,,,,,,,,PEPD,TSEN15,,,,,,,,,,,,,,,,MYT1L,,,,,,,,,,,,,,,,,,,
,,,,,,,,,,,,,,,,,,,,PET100,TSEN2,,,,,,,,,,,,,,,,NAA10,,,,,,,,,,,,,,,,,,,
,,,,,,,,,,,,,,,,,,,,PEX1,TSEN34,,,,,,,,,,,,,,,,NAA15,,,,,,,,,,,,,,,,,,,
,,,,,,,,,,,,,,,,,,,,PEX10,TSEN54,,,,,,,,,,,,,,,,NAA20,,,,,,,,,,,,,,,,,,,
,,,,,,,,,,,,,,,,,,,,PEX11B,TSPAN7,,,,,,,,,,,,,,,,NAA60,,,,,,,,,,,,,,,,,,,
,,,,,,,,,,,,,,,,,,,,PEX12,TSPEAR,,,,,,,,,,,,,,,,NACC1,,,,,,,,,,,,,,,,,,,
,,,,,,,,,,,,,,,,,,,,PEX13,TTC12,,,,,,,,,,,,,,,,NADK2,,,,,,,,,,,,,,,,,,,
,,,,,,,,,,,,,,,,,,,,PEX14,TTC19,,,,,,,,,,,,,,,,NAGA,,,,,,,,,,,,,,,,,,,
,,,,,,,,,,,,,,,,,,,,PEX16,TTC5,,,,,,,,,,,,,,,,NAGLU,,,,,,,,,,,,,,,,,,,
,,,,,,,,,,,,,,,,,,,,PEX19,TTC8,,,,,,,,,,,,,,,,NAGS,,,,,,,,,,,,,,,,,,,
,,,,,,,,,,,,,,,,,,,,PEX2,TTI2,,,,,,,,,,,,,,,,NALCN,,,,,,,,,,,,,,,,,,,
,,,,,,,,,,,,,,,,,,,,PEX26,TTN,,,,,,,,,,,,,,,,NANS,,,,,,,,,,,,,,,,,,,
,,,,,,,,,,,,,,,,,,,,PEX3,TUBA1A,,,,,,,,,,,,,,,,NAPB,,,,,,,,,,,,,,,,,,,
,,,,,,,,,,,,,,,,,,,,PEX5,TUBB2B,,,,,,,,,,,,,,,,NARS,,,,,,,,,,,,,,,,,,,
,,,,,,,,,,,,,,,,,,,,PEX6,TUBB4A,,,,,,,,,,,,,,,,NAV3,,,,,,,,,,,,,,,,,,,
,,,,,,,,,,,,,,,,,,,,PEX7,TUBG1,,,,,,,,,,,,,,,,NBAS,,,,,,,,,,,,,,,,,,,
,,,,,,,,,,,,,,,,,,,,PGAP1,TUBGCP2,,,,,,,,,,,,,,,,NBEA,,,,,,,,,,,,,,,,,,,
,,,,,,,,,,,,,,,,,,,,PGAP2,TUBGCP4,,,,,,,,,,,,,,,,NBN,,,,,,,,,,,,,,,,,,,
,,,,,,,,,,,,,,,,,,,,PGAP3,TUBGCP6,,,,,,,,,,,,,,,,NCAPD2,,,,,,,,,,,,,,,,,,,
,,,,,,,,,,,,,,,,,,,,PGK1,TUFM,,,,,,,,,,,,,,,,NCAPG2,,,,,,,,,,,,,,,,,,,
,,,,,,,,,,,,,,,,,,,,PGM1,TUSC3,,,,,,,,,,,,,,,,NCAPH,,,,,,,,,,,,,,,,,,,
,,,,,,,,,,,,,,,,,,,,PGM2L1,TWIST1,,,,,,,,,,,,,,,,NCDN,,,,,,,,,,,,,,,,,,,
,,,,,,,,,,,,,,,,,,,,PGM3,TWIST2,,,,,,,,,,,,,,,,NCKAP1,,,,,,,,,,,,,,,,,,,
,,,,,,,,,,,,,,,,,,,,PHACTR1,TXNL4A,,,,,,,,,,,,,,,,NDE1,,,,,,,,,,,,,,,,,,,
,,,,,,,,,,,,,,,,,,,,PHC1,TYR,,,,,,,,,,,,,,,,NDN,,,,,,,,,,,,,,,,,,,
,,,,,,,,,,,,,,,,,,,,PHEX,TYRP1,,,,,,,,,,,,,,,,NDP,,,,,,,,,,,,,,,,,,,
,,,,,,,,,,,,,,,,,,,,PHF12,U2AF2,,,,,,,,,,,,,,,,NDRG1,,,,,,,,,,,,,,,,,,,
,,,,,,,,,,,,,,,,,,,,PHF21A,UBA2,,,,,,,,,,,,,,,,NDST1,,,,,,,,,,,,,,,,,,,
,,,,,,,,,,,,,,,,,,,,PHF5A,UBA5,,,,,,,,,,,,,,,,NDUFA1,,,,,,,,,,,,,,,,,,,
,,,,,,,,,,,,,,,,,,,,PHF6,UBE2A,,,,,,,,,,,,,,,,NDUFA10,,,,,,,,,,,,,,,,,,,
,,,,,,,,,,,,,,,,,,,,PHF8,UBE2T,,,,,,,,,,,,,,,,NDUFA11,,,,,,,,,,,,,,,,,,,
,,,,,,,,,,,,,,,,,,,,PHGDH,UBE3A,,,,,,,,,,,,,,,,NDUFA12,,,,,,,,,,,,,,,,,,,
,,,,,,,,,,,,,,,,,,,,PHIP,UBE3B,,,,,,,,,,,,,,,,NDUFA2,,,,,,,,,,,,,,,,,,,
,,,,,,,,,,,,,,,,,,,,PHOX2B,UBE4A,,,,,,,,,,,,,,,,NDUFA9,,,,,,,,,,,,,,,,,,,
,,,,,,,,,,,,,,,,,,,,PI4KA,UBR1,,,,,,,,,,,,,,,,NDUFAF1,,,,,,,,,,,,,,,,,,,
,,,,,,,,,,,,,,,,,,,,PIBF1,UBR7,,,,,,,,,,,,,,,,NDUFAF2,,,,,,,,,,,,,,,,,,,
,,,,,,,,,,,,,,,,,,,,PIDD1,UBTF,,,,,,,,,,,,,,,,NDUFAF3,,,,,,,,,,,,,,,,,,,
,,,,,,,,,,,,,,,,,,,,PIEZO1,UFC1,,,,,,,,,,,,,,,,NDUFAF5,,,,,,,,,,,,,,,,,,,
,,,,,,,,,,,,,,,,,,,,PIEZO2,UFM1,,,,,,,,,,,,,,,,NDUFS1,,,,,,,,,,,,,,,,,,,
,,,,,,,,,,,,,,,,,,,,PIGA,UGP2,,,,,,,,,,,,,,,,NDUFS2,,,,,,,,,,,,,,,,,,,
,,,,,,,,,,,,,,,,,,,,PIGB,UGT1A1,,,,,,,,,,,,,,,,NDUFS3,,,,,,,,,,,,,,,,,,,
,,,,,,,,,,,,,,,,,,,,PIGG,UMPS,,,,,,,,,,,,,,,,NDUFS4,,,,,,,,,,,,,,,,,,,
,,,,,,,,,,,,,,,,,,,,PIGH,UNC45A,,,,,,,,,,,,,,,,NDUFS7,,,,,,,,,,,,,,,,,,,
,,,,,,,,,,,,,,,,,,,,PIGK,UNC45B,,,,,,,,,,,,,,,,NDUFS8,,,,,,,,,,,,,,,,,,,
,,,,,,,,,,,,,,,,,,,,PIGL,UPF3B,,,,,,,,,,,,,,,,NDUFV1,,,,,,,,,,,,,,,,,,,
,,,,,,,,,,,,,,,,,,,,PIGM,UQCRB,,,,,,,,,,,,,,,,NEB,,,,,,,,,,,,,,,,,,,
,,,,,,,,,,,,,,,,,,,,PIGN,UQCRQ,,,,,,,,,,,,,,,,NECAB2,,,,,,,,,,,,,,,,,,,
,,,,,,,,,,,,,,,,,,,,PIGO,UROS,,,,,,,,,,,,,,,,NECAP1,,,,,,,,,,,,,,,,,,,
,,,,,,,,,,,,,,,,,,,,PIGP,USB1,,,,,,,,,,,,,,,,NECTIN1,,,,,,,,,,,,,,,,,,,
,,,,,,,,,,,,,,,,,,,,PIGQ,USP18,,,,,,,,,,,,,,,,NEDD4L,,,,,,,,,,,,,,,,,,,
,,,,,,,,,,,,,,,,,,,,PIGS,USP27X,,,,,,,,,,,,,,,,NEFL,,,,,,,,,,,,,,,,,,,
,,,,,,,,,,,,,,,,,,,,PIGT,USP7,,,,,,,,,,,,,,,,NEK1,,,,,,,,,,,,,,,,,,,
,,,,,,,,,,,,,,,,,,,,PIGU,USP9X,,,,,,,,,,,,,,,,NEMF,,,,,,,,,,,,,,,,,,,
,,,,,,,,,,,,,,,,,,,,PIGV,UVSSA,,,,,,,,,,,,,,,,NEU1,,,,,,,,,,,,,,,,,,,
,,,,,,,,,,,,,,,,,,,,PIGW,VAMP2,,,,,,,,,,,,,,,,NEUROD2,,,,,,,,,,,,,,,,,,,
,,,,,,,,,,,,,,,,,,,,PIGY,VDR,,,,,,,,,,,,,,,,NEUROG1,,,,,,,,,,,,,,,,,,,
,,,,,,,,,,,,,,,,,,,,PIK3CA,VMA12,,,,,,,,,,,,,,,,NEXMIF,,,,,,,,,,,,,,,,,,,
,,,,,,,,,,,,,,,,,,,,PIK3R1,VMA22,,,,,,,,,,,,,,,,NF1,,,,,,,,,,,,,,,,,,,
,,,,,,,,,,,,,,,,,,,,PIK3R2,VPS13B,,,,,,,,,,,,,,,,NFASC,,,,,,,,,,,,,,,,,,,
,,,,,,,,,,,,,,,,,,,,PIP5K1C,VPS4A,,,,,,,,,,,,,,,,NFIA,,,,,,,,,,,,,,,,,,,
,,,,,,,,,,,,,,,,,,,,PISD,VPS53,,,,,,,,,,,,,,,,NFIB,,,,,,,,,,,,,,,,,,,
,,,,,,,,,,,,,,,,,,,,PITX1,VRK1,,,,,,,,,,,,,,,,NFIX,,,,,,,,,,,,,,,,,,,
,,,,,,,,,,,,,,,,,,,,PITX2,VSX2,,,,,,,,,,,,,,,,NFU1,,,,,,,,,,,,,,,,,,,
,,,,,,,,,,,,,,,,,,,,PITX3,WAC,,,,,,,,,,,,,,,,NGF,,,,,,,,,,,,,,,,,,,
,,,,,,,,,,,,,,,,,,,,PKD1L1,WARS1,,,,,,,,,,,,,,,,NGLY1,,,,,,,,,,,,,,,,,,,
,,,,,,,,,,,,,,,,,,,,PKDCC,WDFY3,,,,,,,,,,,,,,,,NHEJ1,,,,,,,,,,,,,,,,,,,
,,,,,,,,,,,,,,,,,,,,PKHD1,WDPCP,,,,,,,,,,,,,,,,NHLRC1,,,,,,,,,,,,,,,,,,,
,,,,,,,,,,,,,,,,,,,,PLA2G6,WDR11,,,,,,,,,,,,,,,,NHLRC2,,,,,,,,,,,,,,,,,,,
,,,,,,,,,,,,,,,,,,,,PLAA,WDR19,,,,,,,,,,,,,,,,NHP2,,,,,,,,,,,,,,,,,,,
,,,,,,,,,,,,,,,,,,,,PLAAT3,WDR35,,,,,,,,,,,,,,,,NHS,,,,,,,,,,,,,,,,,,,
,,,,,,,,,,,,,,,,,,,,PLAG1,WDR37,,,,,,,,,,,,,,,,NIPA1,,,,,,,,,,,,,,,,,,,
,,,,,,,,,,,,,,,,,,,,PLCB1,WDR45,,,,,,,,,,,,,,,,NIPBL,,,,,,,,,,,,,,,,,,,
,,,,,,,,,,,,,,,,,,,,PLCB4,WDR73,,,,,,,,,,,,,,,,NKAP,,,,,,,,,,,,,,,,,,,
,,,,,,,,,,,,,,,,,,,,PLCE1,WFS1,,,,,,,,,,,,,,,,NKX2-1,,,,,,,,,,,,,,,,,,,
,,,,,,,,,,,,,,,,,,,,PLCG2,WNT1,,,,,,,,,,,,,,,,NKX2-5,,,,,,,,,,,,,,,,,,,
,,,,,,,,,,,,,,,,,,,,PLCH1,WNT10B,,,,,,,,,,,,,,,,NKX3-2,,,,,,,,,,,,,,,,,,,
,,,,,,,,,,,,,,,,,,,,PLD1,WNT3,,,,,,,,,,,,,,,,NLGN3,,,,,,,,,,,,,,,,,,,
,,,,,,,,,,,,,,,,,,,,PLEC,WNT4,,,,,,,,,,,,,,,,NLGN4X,,,,,,,,,,,,,,,,,,,
,,,,,,,,,,,,,,,,,,,,PLK4,WNT5A,,,,,,,,,,,,,,,,NLRP3,,,,,,,,,,,,,,,,,,,
,,,,,,,,,,,,,,,,,,,,PLOD1,WNT7A,,,,,,,,,,,,,,,,NMNAT1,,,,,,,,,,,,,,,,,,,
,,,,,,,,,,,,,,,,,,,,PLOD2,WRAP53,,,,,,,,,,,,,,,,NODAL,,,,,,,,,,,,,,,,,,,
,,,,,,,,,,,,,,,,,,,,PLOD3,WT1,,,,,,,,,,,,,,,,NOG,,,,,,,,,,,,,,,,,,,
,,,,,,,,,,,,,,,,,,,,PLP1,WWOX,,,,,,,,,,,,,,,,NONO,,,,,,,,,,,,,,,,,,,
,,,,,,,,,,,,,,,,,,,,PLPBP,XPA,,,,,,,,,,,,,,,,NOP56,,,,,,,,,,,,,,,,,,,
,,,,,,,,,,,,,,,,,,,,PLS3,XPC,,,,,,,,,,,,,,,,NOTCH2,,,,,,,,,,,,,,,,,,,
,,,,,,,,,,,,,,,,,,,,PLXNA1,XRCC4,,,,,,,,,,,,,,,,NOTCH3,,,,,,,,,,,,,,,,,,,
,,,,,,,,,,,,,,,,,,,,PLXNB2,XYLT1,,,,,,,,,,,,,,,,NOVA2,,,,,,,,,,,,,,,,,,,
,,,,,,,,,,,,,,,,,,,,PLXND1,XYLT2,,,,,,,,,,,,,,,,NPC1,,,,,,,,,,,,,,,,,,,
,,,,,,,,,,,,,,,,,,,,PMM2,YRDC,,,,,,,,,,,,,,,,NPC2,,,,,,,,,,,,,,,,,,,
,,,,,,,,,,,,,,,,,,,,PMPCB,YWHAG,,,,,,,,,,,,,,,,NPHP1,,,,,,,,,,,,,,,,,,,
,,,,,,,,,,,,,,,,,,,,PMS2,YY1,,,,,,,,,,,,,,,,NPHP3,,,,,,,,,,,,,,,,,,,
,,,,,,,,,,,,,,,,,,,,PNKP,ZBTB11,,,,,,,,,,,,,,,,NPHP4,,,,,,,,,,,,,,,,,,,
,,,,,,,,,,,,,,,,,,,,PNPLA1,ZBTB18,,,,,,,,,,,,,,,,NPHS1,,,,,,,,,,,,,,,,,,,
,,,,,,,,,,,,,,,,,,,,PNPLA2,ZBTB20,,,,,,,,,,,,,,,,NPHS2,,,,,,,,,,,,,,,,,,,
,,,,,,,,,,,,,,,,,,,,PNPLA6,ZC4H2,,,,,,,,,,,,,,,,NPR2,,,,,,,,,,,,,,,,,,,
,,,,,,,,,,,,,,,,,,,,PNPLA8,ZDHHC9,,,,,,,,,,,,,,,,NPR3,,,,,,,,,,,,,,,,,,,
,,,,,,,,,,,,,,,,,,,,PNPO,ZEB2,,,,,,,,,,,,,,,,NPTN,,,,,,,,,,,,,,,,,,,
,,,,,,,,,,,,,,,,,,,,PNPT1,ZFHX4,,,,,,,,,,,,,,,,NR1I3,,,,,,,,,,,,,,,,,,,
,,,,,,,,,,,,,,,,,,,,POC1A,ZFYVE26,,,,,,,,,,,,,,,,NR2F1,,,,,,,,,,,,,,,,,,,
,,,,,,,,,,,,,,,,,,,,POC1B,ZIC1,,,,,,,,,,,,,,,,NR2F2,,,,,,,,,,,,,,,,,,,
,,,,,,,,,,,,,,,,,,,,POGZ,ZIC2,,,,,,,,,,,,,,,,NR4A2,,,,,,,,,,,,,,,,,,,
,,,,,,,,,,,,,,,,,,,,POLA1,ZIC3,,,,,,,,,,,,,,,,NR5A1,,,,,,,,,,,,,,,,,,,
,,,,,,,,,,,,,,,,,,,,POLD1,ZMIZ1,,,,,,,,,,,,,,,,NRAS,,,,,,,,,,,,,,,,,,,
,,,,,,,,,,,,,,,,,,,,POLE,ZMPSTE24,,,,,,,,,,,,,,,,NRCAM,,,,,,,,,,,,,,,,,,,
,,,,,,,,,,,,,,,,,,,,POLG,ZMYM2,,,,,,,,,,,,,,,,NRDC,,,,,,,,,,,,,,,,,,,
,,,,,,,,,,,,,,,,,,,,POLR1A,ZMYND10,,,,,,,,,,,,,,,,NRK,,,,,,,,,,,,,,,,,,,
,,,,,,,,,,,,,,,,,,,,POLR1C,ZMYND11,,,,,,,,,,,,,,,,NRROS,,,,,,,,,,,,,,,,,,,
,,,,,,,,,,,,,,,,,,,,POLR1D,ZNF142,,,,,,,,,,,,,,,,NRXN1,,,,,,,,,,,,,,,,,,,
,,,,,,,,,,,,,,,,,,,,POLR2A,ZNF148,,,,,,,,,,,,,,,,NRXN2,,,,,,,,,,,,,,,,,,,
,,,,,,,,,,,,,,,,,,,,POLR3A,ZNF292,,,,,,,,,,,,,,,,NRXN3,,,,,,,,,,,,,,,,,,,
,,,,,,,,,,,,,,,,,,,,POLR3B,ZNF711,,,,,,,,,,,,,,,,NSD1,,,,,,,,,,,,,,,,,,,
,,,,,,,,,,,,,,,,,,,,POLR3GL,ZSWIM6,,,,,,,,,,,,,,,,NSD2,,,,,,,,,,,,,,,,,,,
,,,,,,,,,,,,,,,,,,,,POMGNT1,,,,,,,,,,,,,,,,,NSDHL,,,,,,,,,,,,,,,,,,,
,,,,,,,,,,,,,,,,,,,,POMGNT2,,,,,,,,,,,,,,,,,NSF,,,,,,,,,,,,,,,,,,,
,,,,,,,,,,,,,,,,,,,,POMK,,,,,,,,,,,,,,,,,NSRP1,,,,,,,,,,,,,,,,,,,
,,,,,,,,,,,,,,,,,,,,POMP,,,,,,,,,,,,,,,,,NSUN2,,,,,,,,,,,,,,,,,,,
,,,,,,,,,,,,,,,,,,,,POMT1,,,,,,,,,,,,,,,,,NT5C2,,,,,,,,,,,,,,,,,,,
,,,,,,,,,,,,,,,,,,,,POMT2,,,,,,,,,,,,,,,,,NT5C3A,,,,,,,,,,,,,,,,,,,
,,,,,,,,,,,,,,,,,,,,PORCN,,,,,,,,,,,,,,,,,NTM,,,,,,,,,,,,,,,,,,,
,,,,,,,,,,,,,,,,,,,,POT1,,,,,,,,,,,,,,,,,NTNG1,,,,,,,,,,,,,,,,,,,
,,,,,,,,,,,,,,,,,,,,POU1F1,,,,,,,,,,,,,,,,,NTNG2,,,,,,,,,,,,,,,,,,,
,,,,,,,,,,,,,,,,,,,,POU3F3,,,,,,,,,,,,,,,,,NTRK1,,,,,,,,,,,,,,,,,,,
,,,,,,,,,,,,,,,,,,,,POU4F1,,,,,,,,,,,,,,,,,NTRK2,,,,,,,,,,,,,,,,,,,
,,,,,,,,,,,,,,,,,,,,PPA2,,,,,,,,,,,,,,,,,NUBPL,,,,,,,,,,,,,,,,,,,
,,,,,,,,,,,,,,,,,,,,PPFIA3,,,,,,,,,,,,,,,,,NUDT2,,,,,,,,,,,,,,,,,,,
,,,,,,,,,,,,,,,,,,,,PPFIBP1,,,,,,,,,,,,,,,,,NUP107,,,,,,,,,,,,,,,,,,,
,,,,,,,,,,,,,,,,,,,,PPIL1,,,,,,,,,,,,,,,,,NUP188,,,,,,,,,,,,,,,,,,,
,,,,,,,,,,,,,,,,,,,,PPM1D,,,,,,,,,,,,,,,,,NUP214,,,,,,,,,,,,,,,,,,,
,,,,,,,,,,,,,,,,,,,,PPM1K,,,,,,,,,,,,,,,,,NUP62,,,,,,,,,,,,,,,,,,,
,,,,,,,,,,,,,,,,,,,,PPP1CB,,,,,,,,,,,,,,,,,NUP85,,,,,,,,,,,,,,,,,,,
,,,,,,,,,,,,,,,,,,,,PPP1R12A,,,,,,,,,,,,,,,,,NUS1,,,,,,,,,,,,,,,,,,,
,,,,,,,,,,,,,,,,,,,,PPP1R13L,,,,,,,,,,,,,,,,,NXF4,,,,,,,,,,,,,,,,,,,
,,,,,,,,,,,,,,,,,,,,PPP1R15B,,,,,,,,,,,,,,,,,NXF5,,,,,,,,,,,,,,,,,,,
,,,,,,,,,,,,,,,,,,,,PPP1R21,,,,,,,,,,,,,,,,,NYX,,,,,,,,,,,,,,,,,,,
,,,,,,,,,,,,,,,,,,,,PPP2CA,,,,,,,,,,,,,,,,,OBSL1,,,,,,,,,,,,,,,,,,,
,,,,,,,,,,,,,,,,,,,,PPP2R1A,,,,,,,,,,,,,,,,,OCLN,,,,,,,,,,,,,,,,,,,
,,,,,,,,,,,,,,,,,,,,PPP2R2B,,,,,,,,,,,,,,,,,OCRL,,,,,,,,,,,,,,,,,,,
,,,,,,,,,,,,,,,,,,,,PPP2R5C,,,,,,,,,,,,,,,,,ODC1,,,,,,,,,,,,,,,,,,,
,,,,,,,,,,,,,,,,,,,,PPP2R5D,,,,,,,,,,,,,,,,,ODF2L,,,,,,,,,,,,,,,,,,,
,,,,,,,,,,,,,,,,,,,,PPP3CA,,,,,,,,,,,,,,,,,OFD1,,,,,,,,,,,,,,,,,,,
,,,,,,,,,,,,,,,,,,,,PPT1,,,,,,,,,,,,,,,,,OGDH,,,,,,,,,,,,,,,,,,,
,,,,,,,,,,,,,,,,,,,,PQBP1,,,,,,,,,,,,,,,,,OGDHL,,,,,,,,,,,,,,,,,,,
,,,,,,,,,,,,,,,,,,,,PRDM12,,,,,,,,,,,,,,,,,OGT,,,,,,,,,,,,,,,,,,,
,,,,,,,,,,,,,,,,,,,,PRDM13,,,,,,,,,,,,,,,,,OLA1,,,,,,,,,,,,,,,,,,,
,,,,,,,,,,,,,,,,,,,,PRDM15,,,,,,,,,,,,,,,,,OPA1,,,,,,,,,,,,,,,,,,,
,,,,,,,,,,,,,,,,,,,,PRDM6,,,,,,,,,,,,,,,,,OPA3,,,,,,,,,,,,,,,,,,,
,,,,,,,,,,,,,,,,,,,,PRDX3,,,,,,,,,,,,,,,,,OPHN1,,,,,,,,,,,,,,,,,,,
,,,,,,,,,,,,,,,,,,,,PREPL,,,,,,,,,,,,,,,,,OR5M1,,,,,,,,,,,,,,,,,,,
,,,,,,,,,,,,,,,,,,,,PRIM1,,,,,,,,,,,,,,,,,ORC1,,,,,,,,,,,,,,,,,,,
,,,,,,,,,,,,,,,,,,,,PRKACA,,,,,,,,,,,,,,,,,ORC4,,,,,,,,,,,,,,,,,,,
,,,,,,,,,,,,,,,,,,,,PRKACB,,,,,,,,,,,,,,,,,ORC6,,,,,,,,,,,,,,,,,,,
,,,,,,,,,,,,,,,,,,,,PRKAR1A,,,,,,,,,,,,,,,,,OSGEP,,,,,,,,,,,,,,,,,,,
,,,,,,,,,,,,,,,,,,,,PRKAR1B,,,,,,,,,,,,,,,,,OTC,,,,,,,,,,,,,,,,,,,
,,,,,,,,,,,,,,,,,,,,PRKD1,,,,,,,,,,,,,,,,,OTOGL,,,,,,,,,,,,,,,,,,,
,,,,,,,,,,,,,,,,,,,,PRKG2,,,,,,,,,,,,,,,,,OTUD5,,,,,,,,,,,,,,,,,,,
,,,,,,,,,,,,,,,,,,,,PRMT7,,,,,,,,,,,,,,,,,OTUD6B,,,,,,,,,,,,,,,,,,,
,,,,,,,,,,,,,,,,,,,,PRMT9,,,,,,,,,,,,,,,,,OTUD7A,,,,,,,,,,,,,,,,,,,
,,,,,,,,,,,,,,,,,,,,PROP1,,,,,,,,,,,,,,,,,OTULIN,,,,,,,,,,,,,,,,,,,
,,,,,,,,,,,,,,,,,,,,PRORP,,,,,,,,,,,,,,,,,OTX2,,,,,,,,,,,,,,,,,,,
,,,,,,,,,,,,,,,,,,,,PROSER1,,,,,,,,,,,,,,,,,OXCT1,,,,,,,,,,,,,,,,,,,
,,,,,,,,,,,,,,,,,,,,PRPF19,,,,,,,,,,,,,,,,,OXR1,,,,,,,,,,,,,,,,,,,
,,,,,,,,,,,,,,,,,,,,PRPF8,,,,,,,,,,,,,,,,,P2RY4,,,,,,,,,,,,,,,,,,,
,,,,,,,,,,,,,,,,,,,,PRPS1,,,,,,,,,,,,,,,,,P2RY8,,,,,,,,,,,,,,,,,,,
,,,,,,,,,,,,,,,,,,,,PRR12,,,,,,,,,,,,,,,,,P3H1,,,,,,,,,,,,,,,,,,,
,,,,,,,,,,,,,,,,,,,,PRRT2,,,,,,,,,,,,,,,,,P4HB,,,,,,,,,,,,,,,,,,,
,,,,,,,,,,,,,,,,,,,,PRRX1,,,,,,,,,,,,,,,,,P4HTM,,,,,,,,,,,,,,,,,,,
,,,,,,,,,,,,,,,,,,,,PRSS12,,,,,,,,,,,,,,,,,PABPC1,,,,,,,,,,,,,,,,,,,
,,,,,,,,,,,,,,,,,,,,PRSS56,,,,,,,,,,,,,,,,,PABPC5,,,,,,,,,,,,,,,,,,,
,,,,,,,,,,,,,,,,,,,,PRUNE1,,,,,,,,,,,,,,,,,PACS1,,,,,,,,,,,,,,,,,,,
,,,,,,,,,,,,,,,,,,,,PSAP,,,,,,,,,,,,,,,,,PACS2,,,,,,,,,,,,,,,,,,,
,,,,,,,,,,,,,,,,,,,,PSAT1,,,,,,,,,,,,,,,,,PAFAH1B1,,,,,,,,,,,,,,,,,,,
,,,,,,,,,,,,,,,,,,,,PSMB8,,,,,,,,,,,,,,,,,PAH,,,,,,,,,,,,,,,,,,,
,,,,,,,,,,,,,,,,,,,,PSMC1,,,,,,,,,,,,,,,,,PAK1,,,,,,,,,,,,,,,,,,,
,,,,,,,,,,,,,,,,,,,,PSMC3,,,,,,,,,,,,,,,,,PAK3,,,,,,,,,,,,,,,,,,,
,,,,,,,,,,,,,,,,,,,,PSMC5,,,,,,,,,,,,,,,,,PALB2,,,,,,,,,,,,,,,,,,,
,,,,,,,,,,,,,,,,,,,,PSMD11,,,,,,,,,,,,,,,,,PAM16,,,,,,,,,,,,,,,,,,,
,,,,,,,,,,,,,,,,,,,,PSMD12,,,,,,,,,,,,,,,,,PAN2,,,,,,,,,,,,,,,,,,,
,,,,,,,,,,,,,,,,,,,,PSPH,,,,,,,,,,,,,,,,,PANK2,,,,,,,,,,,,,,,,,,,
,,,,,,,,,,,,,,,,,,,,PTCH1,,,,,,,,,,,,,,,,,PAPSS2,,,,,,,,,,,,,,,,,,,
,,,,,,,,,,,,,,,,,,,,PTCHD1,,,,,,,,,,,,,,,,,PARK7,,,,,,,,,,,,,,,,,,,
,,,,,,,,,,,,,,,,,,,,PTDSS1,,,,,,,,,,,,,,,,,PARN,,,,,,,,,,,,,,,,,,,
,,,,,,,,,,,,,,,,,,,,PTEN,,,,,,,,,,,,,,,,,PARP1,,,,,,,,,,,,,,,,,,,
,,,,,,,,,,,,,,,,,,,,PTF1A,,,,,,,,,,,,,,,,,PARP6,,,,,,,,,,,,,,,,,,,
,,,,,,,,,,,,,,,,,,,,PTH,,,,,,,,,,,,,,,,,PASD1,,,,,,,,,,,,,,,,,,,
,,,,,,,,,,,,,,,,,,,,PTH1R,,,,,,,,,,,,,,,,,PAX1,,,,,,,,,,,,,,,,,,,
,,,,,,,,,,,,,,,,,,,,PTHLH,,,,,,,,,,,,,,,,,PAX2,,,,,,,,,,,,,,,,,,,
,,,,,,,,,,,,,,,,,,,,PTPN11,,,,,,,,,,,,,,,,,PAX3,,,,,,,,,,,,,,,,,,,
,,,,,,,,,,,,,,,,,,,,PTPN14,,,,,,,,,,,,,,,,,PAX6,,,,,,,,,,,,,,,,,,,
,,,,,,,,,,,,,,,,,,,,PTPRF,,,,,,,,,,,,,,,,,PAX7,,,,,,,,,,,,,,,,,,,
,,,,,,,,,,,,,,,,,,,,PTRH2,,,,,,,,,,,,,,,,,PAX8,,,,,,,,,,,,,,,,,,,
,,,,,,,,,,,,,,,,,,,,PTS,,,,,,,,,,,,,,,,,PAX9,,,,,,,,,,,,,,,,,,,
,,,,,,,,,,,,,,,,,,,,PUF60,,,,,,,,,,,,,,,,,PBRM1,,,,,,,,,,,,,,,,,,,
,,,,,,,,,,,,,,,,,,,,PURA,,,,,,,,,,,,,,,,,PBX1,,,,,,,,,,,,,,,,,,,
,,,,,,,,,,,,,,,,,,,,PUS1,,,,,,,,,,,,,,,,,PC,,,,,,,,,,,,,,,,,,,
,,,,,,,,,,,,,,,,,,,,PUS3,,,,,,,,,,,,,,,,,PCBD1,,,,,,,,,,,,,,,,,,,
,,,,,,,,,,,,,,,,,,,,PUS7,,,,,,,,,,,,,,,,,PCBP2,,,,,,,,,,,,,,,,,,,
,,,,,,,,,,,,,,,,,,,,PXDN,,,,,,,,,,,,,,,,,PCCA,,,,,,,,,,,,,,,,,,,
,,,,,,,,,,,,,,,,,,,,PYCR1,,,,,,,,,,,,,,,,,PCCB,,,,,,,,,,,,,,,,,,,
,,,,,,,,,,,,,,,,,,,,PYCR2,,,,,,,,,,,,,,,,,PCDH10,,,,,,,,,,,,,,,,,,,
,,,,,,,,,,,,,,,,,,,,PYGL,,,,,,,,,,,,,,,,,PCDH12,,,,,,,,,,,,,,,,,,,
,,,,,,,,,,,,,,,,,,,,PYROXD1,,,,,,,,,,,,,,,,,PCDH19,,,,,,,,,,,,,,,,,,,
,,,,,,,,,,,,,,,,,,,,QARS1,,,,,,,,,,,,,,,,,PCDHGC4,,,,,,,,,,,,,,,,,,,
,,,,,,,,,,,,,,,,,,,,QDPR,,,,,,,,,,,,,,,,,PCGF2,,,,,,,,,,,,,,,,,,,
,,,,,,,,,,,,,,,,,,,,QKI,,,,,,,,,,,,,,,,,PCLO,,,,,,,,,,,,,,,,,,,
,,,,,,,,,,,,,,,,,,,,QRICH1,,,,,,,,,,,,,,,,,PCNT,,,,,,,,,,,,,,,,,,,
,,,,,,,,,,,,,,,,,,,,RAB11A,,,,,,,,,,,,,,,,,PCYT1A,,,,,,,,,,,,,,,,,,,
,,,,,,,,,,,,,,,,,,,,RAB11B,,,,,,,,,,,,,,,,,PCYT2,,,,,,,,,,,,,,,,,,,
,,,,,,,,,,,,,,,,,,,,RAB14,,,,,,,,,,,,,,,,,PDCD10,,,,,,,,,,,,,,,,,,,
,,,,,,,,,,,,,,,,,,,,RAB18,,,,,,,,,,,,,,,,,PDCD6IP,,,,,,,,,,,,,,,,,,,
,,,,,,,,,,,,,,,,,,,,RAB1A,,,,,,,,,,,,,,,,,PDE10A,,,,,,,,,,,,,,,,,,,
,,,,,,,,,,,,,,,,,,,,RAB23,,,,,,,,,,,,,,,,,PDE1B,,,,,,,,,,,,,,,,,,,
,,,,,,,,,,,,,,,,,,,,RAB34,,,,,,,,,,,,,,,,,PDE4D,,,,,,,,,,,,,,,,,,,
,,,,,,,,,,,,,,,,,,,,RAB39B,,,,,,,,,,,,,,,,,PDE6D,,,,,,,,,,,,,,,,,,,
,,,,,,,,,,,,,,,,,,,,RAB3GAP1,,,,,,,,,,,,,,,,,PDE6G,,,,,,,,,,,,,,,,,,,
,,,,,,,,,,,,,,,,,,,,RAB3GAP2,,,,,,,,,,,,,,,,,PDGFB,,,,,,,,,,,,,,,,,,,
,,,,,,,,,,,,,,,,,,,,RAB5C,,,,,,,,,,,,,,,,,PDGFRB,,,,,,,,,,,,,,,,,,,
,,,,,,,,,,,,,,,,,,,,RABGAP1,,,,,,,,,,,,,,,,,PDHA1,,,,,,,,,,,,,,,,,,,
,,,,,,,,,,,,,,,,,,,,RABL6,,,,,,,,,,,,,,,,,PDHB,,,,,,,,,,,,,,,,,,,
,,,,,,,,,,,,,,,,,,,,RAC1,,,,,,,,,,,,,,,,,PDHX,,,,,,,,,,,,,,,,,,,
,,,,,,,,,,,,,,,,,,,,RAC3,,,,,,,,,,,,,,,,,PDP1,,,,,,,,,,,,,,,,,,,
,,,,,,,,,,,,,,,,,,,,RAD21,,,,,,,,,,,,,,,,,PDS5A,,,,,,,,,,,,,,,,,,,
,,,,,,,,,,,,,,,,,,,,RAD50,,,,,,,,,,,,,,,,,PDS5B,,,,,,,,,,,,,,,,,,,
,,,,,,,,,,,,,,,,,,,,RAD51,,,,,,,,,,,,,,,,,PDSS1,,,,,,,,,,,,,,,,,,,
,,,,,,,,,,,,,,,,,,,,RAD51C,,,,,,,,,,,,,,,,,PDSS2,,,,,,,,,,,,,,,,,,,
,,,,,,,,,,,,,,,,,,,,RAF1,,,,,,,,,,,,,,,,,PDYN,,,,,,,,,,,,,,,,,,,
,,,,,,,,,,,,,,,,,,,,RAI1,,,,,,,,,,,,,,,,,PDZD8,,,,,,,,,,,,,,,,,,,
,,,,,,,,,,,,,,,,,,,,RALA,,,,,,,,,,,,,,,,,PECR,,,,,,,,,,,,,,,,,,,
,,,,,,,,,,,,,,,,,,,,RALGAPA1,,,,,,,,,,,,,,,,,PEPD,,,,,,,,,,,,,,,,,,,
,,,,,,,,,,,,,,,,,,,,RALGDS,,,,,,,,,,,,,,,,,PET100,,,,,,,,,,,,,,,,,,,
,,,,,,,,,,,,,,,,,,,,RANBP2,,,,,,,,,,,,,,,,,PEX1,,,,,,,,,,,,,,,,,,,
,,,,,,,,,,,,,,,,,,,,RAP1B,,,,,,,,,,,,,,,,,PEX10,,,,,,,,,,,,,,,,,,,
,,,,,,,,,,,,,,,,,,,,RAPSN,,,,,,,,,,,,,,,,,PEX11B,,,,,,,,,,,,,,,,,,,
,,,,,,,,,,,,,,,,,,,,RARB,,,,,,,,,,,,,,,,,PEX12,,,,,,,,,,,,,,,,,,,
,,,,,,,,,,,,,,,,,,,,RARS1,,,,,,,,,,,,,,,,,PEX13,,,,,,,,,,,,,,,,,,,
,,,,,,,,,,,,,,,,,,,,RARS2,,,,,,,,,,,,,,,,,PEX14,,,,,,,,,,,,,,,,,,,
,,,,,,,,,,,,,,,,,,,,RASA1,,,,,,,,,,,,,,,,,PEX16,,,,,,,,,,,,,,,,,,,
,,,,,,,,,,,,,,,,,,,,RAX,,,,,,,,,,,,,,,,,PEX19,,,,,,,,,,,,,,,,,,,
,,,,,,,,,,,,,,,,,,,,RBBP5,,,,,,,,,,,,,,,,,PEX2,,,,,,,,,,,,,,,,,,,
,,,,,,,,,,,,,,,,,,,,RBBP8,,,,,,,,,,,,,,,,,PEX26,,,,,,,,,,,,,,,,,,,
,,,,,,,,,,,,,,,,,,,,RBCK1,,,,,,,,,,,,,,,,,PEX3,,,,,,,,,,,,,,,,,,,
,,,,,,,,,,,,,,,,,,,,RBFOX1,,,,,,,,,,,,,,,,,PEX5,,,,,,,,,,,,,,,,,,,
,,,,,,,,,,,,,,,,,,,,RBM10,,,,,,,,,,,,,,,,,PEX6,,,,,,,,,,,,,,,,,,,
,,,,,,,,,,,,,,,,,,,,RBM28,,,,,,,,,,,,,,,,,PEX7,,,,,,,,,,,,,,,,,,,
,,,,,,,,,,,,,,,,,,,,RBM8A,,,,,,,,,,,,,,,,,PGAP1,,,,,,,,,,,,,,,,,,,
,,,,,,,,,,,,,,,,,,,,RBPJ,,,,,,,,,,,,,,,,,PGAP2,,,,,,,,,,,,,,,,,,,
,,,,,,,,,,,,,,,,,,,,RCC1,,,,,,,,,,,,,,,,,PGAP3,,,,,,,,,,,,,,,,,,,
,,,,,,,,,,,,,,,,,,,,RECQL4,,,,,,,,,,,,,,,,,PGBD5,,,,,,,,,,,,,,,,,,,
,,,,,,,,,,,,,,,,,,,,RELN,,,,,,,,,,,,,,,,,PGK1,,,,,,,,,,,,,,,,,,,
,,,,,,,,,,,,,,,,,,,,RERE,,,,,,,,,,,,,,,,,PGM1,,,,,,,,,,,,,,,,,,,
,,,,,,,,,,,,,,,,,,,,REST,,,,,,,,,,,,,,,,,PGM2L1,,,,,,,,,,,,,,,,,,,
,,,,,,,,,,,,,,,,,,,,RET,,,,,,,,,,,,,,,,,PGM3,,,,,,,,,,,,,,,,,,,
,,,,,,,,,,,,,,,,,,,,RETREG1,,,,,,,,,,,,,,,,,PGRMC1,,,,,,,,,,,,,,,,,,,
,,,,,,,,,,,,,,,,,,,,RFT1,,,,,,,,,,,,,,,,,PHACTR1,,,,,,,,,,,,,,,,,,,
,,,,,,,,,,,,,,,,,,,,RFX3,,,,,,,,,,,,,,,,,PHC1,,,,,,,,,,,,,,,,,,,
,,,,,,,,,,,,,,,,,,,,RFX4,,,,,,,,,,,,,,,,,PHF10,,,,,,,,,,,,,,,,,,,
,,,,,,,,,,,,,,,,,,,,RFX6,,,,,,,,,,,,,,,,,PHF12,,,,,,,,,,,,,,,,,,,
,,,,,,,,,,,,,,,,,,,,RFX7,,,,,,,,,,,,,,,,,PHF14,,,,,,,,,,,,,,,,,,,
,,,,,,,,,,,,,,,,,,,,RGS7,,,,,,,,,,,,,,,,,PHF21A,,,,,,,,,,,,,,,,,,,
,,,,,,,,,,,,,,,,,,,,RHOBTB2,,,,,,,,,,,,,,,,,PHF5A,,,,,,,,,,,,,,,,,,,
,,,,,,,,,,,,,,,,,,,,RICTOR,,,,,,,,,,,,,,,,,PHF6,,,,,,,,,,,,,,,,,,,
,,,,,,,,,,,,,,,,,,,,RIGI,,,,,,,,,,,,,,,,,PHF8,,,,,,,,,,,,,,,,,,,
,,,,,,,,,,,,,,,,,,,,RIMS2,,,,,,,,,,,,,,,,,PHGDH,,,,,,,,,,,,,,,,,,,
,,,,,,,,,,,,,,,,,,,,RIN2,,,,,,,,,,,,,,,,,PHIP,,,,,,,,,,,,,,,,,,,
,,,,,,,,,,,,,,,,,,,,RINT1,,,,,,,,,,,,,,,,,PHKA1,,,,,,,,,,,,,,,,,,,
,,,,,,,,,,,,,,,,,,,,RIPK4,,,,,,,,,,,,,,,,,PHKA2,,,,,,,,,,,,,,,,,,,
,,,,,,,,,,,,,,,,,,,,RIT1,,,,,,,,,,,,,,,,,PHKG2,,,,,,,,,,,,,,,,,,,
,,,,,,,,,,,,,,,,,,,,RLIM,,,,,,,,,,,,,,,,,PHOX2B,,,,,,,,,,,,,,,,,,,
,,,,,,,,,,,,,,,,,,,,RMI1,,,,,,,,,,,,,,,,,PI4K2A,,,,,,,,,,,,,,,,,,,
,,,,,,,,,,,,,,,,,,,,RMND1,,,,,,,,,,,,,,,,,PI4KA,,,,,,,,,,,,,,,,,,,
,,,,,,,,,,,,,,,,,,,,RMRP,,,,,,,,,,,,,,,,,PIBF1,,,,,,,,,,,,,,,,,,,
,,,,,,,,,,,,,,,,,,,,RNASEH2A,,,,,,,,,,,,,,,,,PIDD1,,,,,,,,,,,,,,,,,,,
,,,,,,,,,,,,,,,,,,,,RNASEH2B,,,,,,,,,,,,,,,,,PIEZO2,,,,,,,,,,,,,,,,,,,
,,,,,,,,,,,,,,,,,,,,RNASEH2C,,,,,,,,,,,,,,,,,PIGA,,,,,,,,,,,,,,,,,,,
,,,,,,,,,,,,,,,,,,,,RNASET2,,,,,,,,,,,,,,,,,PIGB,,,,,,,,,,,,,,,,,,,
,,,,,,,,,,,,,,,,,,,,RNF113A,,,,,,,,,,,,,,,,,PIGC,,,,,,,,,,,,,,,,,,,
,,,,,,,,,,,,,,,,,,,,RNF125,,,,,,,,,,,,,,,,,PIGF,,,,,,,,,,,,,,,,,,,
,,,,,,,,,,,,,,,,,,,,RNF13,,,,,,,,,,,,,,,,,PIGG,,,,,,,,,,,,,,,,,,,
,,,,,,,,,,,,,,,,,,,,RNF135,,,,,,,,,,,,,,,,,PIGH,,,,,,,,,,,,,,,,,,,
,,,,,,,,,,,,,,,,,,,,RNF168,,,,,,,,,,,,,,,,,PIGK,,,,,,,,,,,,,,,,,,,
,,,,,,,,,,,,,,,,,,,,RNH1,,,,,,,,,,,,,,,,,PIGL,,,,,,,,,,,,,,,,,,,
,,,,,,,,,,,,,,,,,,,,RNPC3,,,,,,,,,,,,,,,,,PIGN,,,,,,,,,,,,,,,,,,,
,,,,,,,,,,,,,,,,,,,,RNU12,,,,,,,,,,,,,,,,,PIGO,,,,,,,,,,,,,,,,,,,
,,,,,,,,,,,,,,,,,,,,RNU2-2,,,,,,,,,,,,,,,,,PIGP,,,,,,,,,,,,,,,,,,,
,,,,,,,,,,,,,,,,,,,,RNU4-2,,,,,,,,,,,,,,,,,PIGQ,,,,,,,,,,,,,,,,,,,
,,,,,,,,,,,,,,,,,,,,RNU4ATAC,,,,,,,,,,,,,,,,,PIGS,,,,,,,,,,,,,,,,,,,
,,,,,,,,,,,,,,,,,,,,RNU5B-1,,,,,,,,,,,,,,,,,PIGT,,,,,,,,,,,,,,,,,,,
,,,,,,,,,,,,,,,,,,,,ROBO1,,,,,,,,,,,,,,,,,PIGU,,,,,,,,,,,,,,,,,,,
,,,,,,,,,,,,,,,,,,,,ROBO3,,,,,,,,,,,,,,,,,PIGV,,,,,,,,,,,,,,,,,,,
,,,,,,,,,,,,,,,,,,,,ROBO4,,,,,,,,,,,,,,,,,PIGW,,,,,,,,,,,,,,,,,,,
,,,,,,,,,,,,,,,,,,,,ROGDI,,,,,,,,,,,,,,,,,PIGY,,,,,,,,,,,,,,,,,,,
,,,,,,,,,,,,,,,,,,,,ROR2,,,,,,,,,,,,,,,,,PIK3C2A,,,,,,,,,,,,,,,,,,,
,,,,,,,,,,,,,,,,,,,,RORA,,,,,,,,,,,,,,,,,PIK3C3,,,,,,,,,,,,,,,,,,,
,,,,,,,,,,,,,,,,,,,,RORB,,,,,,,,,,,,,,,,,PIK3CA,,,,,,,,,,,,,,,,,,,
,,,,,,,,,,,,,,,,,,,,RPE65,,,,,,,,,,,,,,,,,PIK3R1,,,,,,,,,,,,,,,,,,,
,,,,,,,,,,,,,,,,,,,,RPGRIP1,,,,,,,,,,,,,,,,,PIK3R2,,,,,,,,,,,,,,,,,,,
,,,,,,,,,,,,,,,,,,,,RPGRIP1L,,,,,,,,,,,,,,,,,PIN4,,,,,,,,,,,,,,,,,,,
,,,,,,,,,,,,,,,,,,,,RPH3A,,,,,,,,,,,,,,,,,PINK1,,,,,,,,,,,,,,,,,,,
,,,,,,,,,,,,,,,,,,,,RPL10,,,,,,,,,,,,,,,,,PIP5K1C,,,,,,,,,,,,,,,,,,,
,,,,,,,,,,,,,,,,,,,,RPL11,,,,,,,,,,,,,,,,,PISD,,,,,,,,,,,,,,,,,,,
,,,,,,,,,,,,,,,,,,,,RPL13,,,,,,,,,,,,,,,,,PITRM1,,,,,,,,,,,,,,,,,,,
,,,,,,,,,,,,,,,,,,,,RPL26,,,,,,,,,,,,,,,,,PITX2,,,,,,,,,,,,,,,,,,,
,,,,,,,,,,,,,,,,,,,,RPS19,,,,,,,,,,,,,,,,,PITX3,,,,,,,,,,,,,,,,,,,
,,,,,,,,,,,,,,,,,,,,RPS23,,,,,,,,,,,,,,,,,PJA1,,,,,,,,,,,,,,,,,,,
,,,,,,,,,,,,,,,,,,,,RPS26,,,,,,,,,,,,,,,,,PKD1L1,,,,,,,,,,,,,,,,,,,
,,,,,,,,,,,,,,,,,,,,RPS6KA3,,,,,,,,,,,,,,,,,PKHD1,,,,,,,,,,,,,,,,,,,
,,,,,,,,,,,,,,,,,,,,RPS6KC1,,,,,,,,,,,,,,,,,PLA2G16,,,,,,,,,,,,,,,,,,,
,,,,,,,,,,,,,,,,,,,,RRAGC,,,,,,,,,,,,,,,,,PLA2G6,,,,,,,,,,,,,,,,,,,
,,,,,,,,,,,,,,,,,,,,RRAS,,,,,,,,,,,,,,,,,PLAA,,,,,,,,,,,,,,,,,,,
,,,,,,,,,,,,,,,,,,,,RRAS2,,,,,,,,,,,,,,,,,PLAT,,,,,,,,,,,,,,,,,,,
,,,,,,,,,,,,,,,,,,,,RREB1,,,,,,,,,,,,,,,,,PLCB1,,,,,,,,,,,,,,,,,,,
,,,,,,,,,,,,,,,,,,,,RRM1,,,,,,,,,,,,,,,,,PLCE1,,,,,,,,,,,,,,,,,,,
,,,,,,,,,,,,,,,,,,,,RRM2B,,,,,,,,,,,,,,,,,PLCXD1,,,,,,,,,,,,,,,,,,,
,,,,,,,,,,,,,,,,,,,,RSPH1,,,,,,,,,,,,,,,,,PLEC,,,,,,,,,,,,,,,,,,,
,,,,,,,,,,,,,,,,,,,,RSPH3,,,,,,,,,,,,,,,,,PLEKHG1,,,,,,,,,,,,,,,,,,,
,,,,,,,,,,,,,,,,,,,,RSPO2,,,,,,,,,,,,,,,,,PLEKHG2,,,,,,,,,,,,,,,,,,,
,,,,,,,,,,,,,,,,,,,,RSPO4,,,,,,,,,,,,,,,,,PLK1,,,,,,,,,,,,,,,,,,,
,,,,,,,,,,,,,,,,,,,,RSPRY1,,,,,,,,,,,,,,,,,PLK4,,,,,,,,,,,,,,,,,,,
,,,,,,,,,,,,,,,,,,,,RSRC1,,,,,,,,,,,,,,,,,PLOD1,,,,,,,,,,,,,,,,,,,
,,,,,,,,,,,,,,,,,,,,RTEL1,,,,,,,,,,,,,,,,,PLOD2,,,,,,,,,,,,,,,,,,,
,,,,,,,,,,,,,,,,,,,,RTN4IP1,,,,,,,,,,,,,,,,,PLOD3,,,,,,,,,,,,,,,,,,,
,,,,,,,,,,,,,,,,,,,,RTTN,,,,,,,,,,,,,,,,,PLP1,,,,,,,,,,,,,,,,,,,
,,,,,,,,,,,,,,,,,,,,RUBCN,,,,,,,,,,,,,,,,,PLPBP,,,,,,,,,,,,,,,,,,,
,,,,,,,,,,,,,,,,,,,,RUNX2,,,,,,,,,,,,,,,,,PLXNA1,,,,,,,,,,,,,,,,,,,
,,,,,,,,,,,,,,,,,,,,RXYLT1,,,,,,,,,,,,,,,,,PLXNA2,,,,,,,,,,,,,,,,,,,
,,,,,,,,,,,,,,,,,,,,RYBP,,,,,,,,,,,,,,,,,PLXNB2,,,,,,,,,,,,,,,,,,,
,,,,,,,,,,,,,,,,,,,,RYR1,,,,,,,,,,,,,,,,,PLXNB3,,,,,,,,,,,,,,,,,,,
,,,,,,,,,,,,,,,,,,,,RYR2,,,,,,,,,,,,,,,,,PMM2,,,,,,,,,,,,,,,,,,,
,,,,,,,,,,,,,,,,,,,,RYR3,,,,,,,,,,,,,,,,,PMP22,,,,,,,,,,,,,,,,,,,
,,,,,,,,,,,,,,,,,,,,SACS,,,,,,,,,,,,,,,,,PMPCA,,,,,,,,,,,,,,,,,,,
,,,,,,,,,,,,,,,,,,,,SALL1,,,,,,,,,,,,,,,,,PMPCB,,,,,,,,,,,,,,,,,,,
,,,,,,,,,,,,,,,,,,,,SALL4,,,,,,,,,,,,,,,,,PMS2,,,,,,,,,,,,,,,,,,,
,,,,,,,,,,,,,,,,,,,,SAMD9,,,,,,,,,,,,,,,,,PNKD,,,,,,,,,,,,,,,,,,,
,,,,,,,,,,,,,,,,,,,,SAMD9L,,,,,,,,,,,,,,,,,PNKP,,,,,,,,,,,,,,,,,,,
,,,,,,,,,,,,,,,,,,,,SAMHD1,,,,,,,,,,,,,,,,,PNP,,,,,,,,,,,,,,,,,,,
,,,,,,,,,,,,,,,,,,,,SARS1,,,,,,,,,,,,,,,,,PNPLA6,,,,,,,,,,,,,,,,,,,
,,,,,,,,,,,,,,,,,,,,SARS2,,,,,,,,,,,,,,,,,PNPLA8,,,,,,,,,,,,,,,,,,,
,,,,,,,,,,,,,,,,,,,,SART3,,,,,,,,,,,,,,,,,PNPO,,,,,,,,,,,,,,,,,,,
,,,,,,,,,,,,,,,,,,,,SASS6,,,,,,,,,,,,,,,,,PNPT1,,,,,,,,,,,,,,,,,,,
,,,,,,,,,,,,,,,,,,,,SATB1,,,,,,,,,,,,,,,,,POC1A,,,,,,,,,,,,,,,,,,,
,,,,,,,,,,,,,,,,,,,,SATB2,,,,,,,,,,,,,,,,,POC1B,,,,,,,,,,,,,,,,,,,
,,,,,,,,,,,,,,,,,,,,SBDS,,,,,,,,,,,,,,,,,POGLUT1,,,,,,,,,,,,,,,,,,,
,,,,,,,,,,,,,,,,,,,,SC5D,,,,,,,,,,,,,,,,,POGZ,,,,,,,,,,,,,,,,,,,
,,,,,,,,,,,,,,,,,,,,SCAF4,,,,,,,,,,,,,,,,,POLA1,,,,,,,,,,,,,,,,,,,
,,,,,,,,,,,,,,,,,,,,SCAPER,,,,,,,,,,,,,,,,,POLD1,,,,,,,,,,,,,,,,,,,
,,,,,,,,,,,,,,,,,,,,SCARF2,,,,,,,,,,,,,,,,,POLG,,,,,,,,,,,,,,,,,,,
,,,,,,,,,,,,,,,,,,,,SCN11A,,,,,,,,,,,,,,,,,POLR1C,,,,,,,,,,,,,,,,,,,
,,,,,,,,,,,,,,,,,,,,SCN1A,,,,,,,,,,,,,,,,,POLR1D,,,,,,,,,,,,,,,,,,,
,,,,,,,,,,,,,,,,,,,,SCN1B,,,,,,,,,,,,,,,,,POLR2A,,,,,,,,,,,,,,,,,,,
,,,,,,,,,,,,,,,,,,,,SCN2A,,,,,,,,,,,,,,,,,POLR3A,,,,,,,,,,,,,,,,,,,
,,,,,,,,,,,,,,,,,,,,SCN3A,,,,,,,,,,,,,,,,,POLR3B,,,,,,,,,,,,,,,,,,,
,,,,,,,,,,,,,,,,,,,,SCN4A,,,,,,,,,,,,,,,,,POLRMT,,,,,,,,,,,,,,,,,,,
,,,,,,,,,,,,,,,,,,,,SCN8A,,,,,,,,,,,,,,,,,POMGNT1,,,,,,,,,,,,,,,,,,,
,,,,,,,,,,,,,,,,,,,,SCNM1,,,,,,,,,,,,,,,,,POMGNT2,,,,,,,,,,,,,,,,,,,
,,,,,,,,,,,,,,,,,,,,SCO1,,,,,,,,,,,,,,,,,POMK,,,,,,,,,,,,,,,,,,,
,,,,,,,,,,,,,,,,,,,,SCO2,,,,,,,,,,,,,,,,,POMT1,,,,,,,,,,,,,,,,,,,
,,,,,,,,,,,,,,,,,,,,SCRIB,,,,,,,,,,,,,,,,,POMT2,,,,,,,,,,,,,,,,,,,
,,,,,,,,,,,,,,,,,,,,SCUBE3,,,,,,,,,,,,,,,,,PORCN,,,,,,,,,,,,,,,,,,,
,,,,,,,,,,,,,,,,,,,,SCYL1,,,,,,,,,,,,,,,,,POU1F1,,,,,,,,,,,,,,,,,,,
,,,,,,,,,,,,,,,,,,,,SDCCAG8,,,,,,,,,,,,,,,,,POU3F2,,,,,,,,,,,,,,,,,,,
,,,,,,,,,,,,,,,,,,,,SDHA,,,,,,,,,,,,,,,,,POU3F3,,,,,,,,,,,,,,,,,,,
,,,,,,,,,,,,,,,,,,,,SDHAF1,,,,,,,,,,,,,,,,,PPA2,,,,,,,,,,,,,,,,,,,
,,,,,,,,,,,,,,,,,,,,SEC23A,,,,,,,,,,,,,,,,,PPFIA3,,,,,,,,,,,,,,,,,,,
,,,,,,,,,,,,,,,,,,,,SEC23B,,,,,,,,,,,,,,,,,PPFIBP1,,,,,,,,,,,,,,,,,,,
,,,,,,,,,,,,,,,,,,,,SEC24D,,,,,,,,,,,,,,,,,PPIL1,,,,,,,,,,,,,,,,,,,
,,,,,,,,,,,,,,,,,,,,SEC61A1,,,,,,,,,,,,,,,,,PPM1D,,,,,,,,,,,,,,,,,,,
,,,,,,,,,,,,,,,,,,,,SECISBP2,,,,,,,,,,,,,,,,,PPOX,,,,,,,,,,,,,,,,,,,
,,,,,,,,,,,,,,,,,,,,SELENOI,,,,,,,,,,,,,,,,,PPP1CB,,,,,,,,,,,,,,,,,,,
,,,,,,,,,,,,,,,,,,,,SELENON,,,,,,,,,,,,,,,,,PPP1R12A,,,,,,,,,,,,,,,,,,,
,,,,,,,,,,,,,,,,,,,,SEMA3A,,,,,,,,,,,,,,,,,PPP1R15B,,,,,,,,,,,,,,,,,,,
,,,,,,,,,,,,,,,,,,,,SEMA6B,,,,,,,,,,,,,,,,,PPP1R1B,,,,,,,,,,,,,,,,,,,
,,,,,,,,,,,,,,,,,,,,SEPHS1,,,,,,,,,,,,,,,,,PPP1R21,,,,,,,,,,,,,,,,,,,
,,,,,,,,,,,,,,,,,,,,SEPSECS,,,,,,,,,,,,,,,,,PPP1R3F,,,,,,,,,,,,,,,,,,,
,,,,,,,,,,,,,,,,,,,,SERAC1,,,,,,,,,,,,,,,,,PPP2CA,,,,,,,,,,,,,,,,,,,
,,,,,,,,,,,,,,,,,,,,SET,,,,,,,,,,,,,,,,,PPP2R1A,,,,,,,,,,,,,,,,,,,
,,,,,,,,,,,,,,,,,,,,SETBP1,,,,,,,,,,,,,,,,,PPP2R2B,,,,,,,,,,,,,,,,,,,
,,,,,,,,,,,,,,,,,,,,SETD1A,,,,,,,,,,,,,,,,,PPP2R5C,,,,,,,,,,,,,,,,,,,
,,,,,,,,,,,,,,,,,,,,SETD1B,,,,,,,,,,,,,,,,,PPP2R5D,,,,,,,,,,,,,,,,,,,
,,,,,,,,,,,,,,,,,,,,SETD2,,,,,,,,,,,,,,,,,PPP3CA,,,,,,,,,,,,,,,,,,,
,,,,,,,,,,,,,,,,,,,,SETD5,,,,,,,,,,,,,,,,,PPT1,,,,,,,,,,,,,,,,,,,
,,,,,,,,,,,,,,,,,,,,SF1,,,,,,,,,,,,,,,,,PQBP1,,,,,,,,,,,,,,,,,,,
,,,,,,,,,,,,,,,,,,,,SF3B4,,,,,,,,,,,,,,,,,PRDM12,,,,,,,,,,,,,,,,,,,
,,,,,,,,,,,,,,,,,,,,SGSH,,,,,,,,,,,,,,,,,PRDM13,,,,,,,,,,,,,,,,,,,
,,,,,,,,,,,,,,,,,,,,SGSM3,,,,,,,,,,,,,,,,,PRDX4,,,,,,,,,,,,,,,,,,,
,,,,,,,,,,,,,,,,,,,,SH3BP2,,,,,,,,,,,,,,,,,PREPL,,,,,,,,,,,,,,,,,,,
,,,,,,,,,,,,,,,,,,,,SH3PXD2B,,,,,,,,,,,,,,,,,PRICKLE1,,,,,,,,,,,,,,,,,,,
,,,,,,,,,,,,,,,,,,,,SHANK1,,,,,,,,,,,,,,,,,PRICKLE2,,,,,,,,,,,,,,,,,,,
,,,,,,,,,,,,,,,,,,,,SHANK2,,,,,,,,,,,,,,,,,PRICKLE3,,,,,,,,,,,,,,,,,,,
,,,,,,,,,,,,,,,,,,,,SHANK3,,,,,,,,,,,,,,,,,PRKACB,,,,,,,,,,,,,,,,,,,
,,,,,,,,,,,,,,,,,,,,SHH,,,,,,,,,,,,,,,,,PRKAR1A,,,,,,,,,,,,,,,,,,,
,,,,,,,,,,,,,,,,,,,,SHMT2,,,,,,,,,,,,,,,,,PRKAR1B,,,,,,,,,,,,,,,,,,,
,,,,,,,,,,,,,,,,,,,,SHOC2,,,,,,,,,,,,,,,,,PRKCG,,,,,,,,,,,,,,,,,,,
,,,,,,,,,,,,,,,,,,,,SHOX,,,,,,,,,,,,,,,,,PRKD1,,,,,,,,,,,,,,,,,,,
,,,,,,,,,,,,,,,,,,,,SHROOM3,,,,,,,,,,,,,,,,,PRKN,,,,,,,,,,,,,,,,,,,
,,,,,,,,,,,,,,,,,,,,SIAH1,,,,,,,,,,,,,,,,,PRKRA,,,,,,,,,,,,,,,,,,,
,,,,,,,,,,,,,,,,,,,,SIK1,,,,,,,,,,,,,,,,,PRMT7,,,,,,,,,,,,,,,,,,,
,,,,,,,,,,,,,,,,,,,,SIL1,,,,,,,,,,,,,,,,,PRMT9,,,,,,,,,,,,,,,,,,,
,,,,,,,,,,,,,,,,,,,,SIM1,,,,,,,,,,,,,,,,,PRODH,,,,,,,,,,,,,,,,,,,
,,,,,,,,,,,,,,,,,,,,SIN3A,,,,,,,,,,,,,,,,,PROP1,,,,,,,,,,,,,,,,,,,
,,,,,,,,,,,,,,,,,,,,SIN3B,,,,,,,,,,,,,,,,,PROX2,,,,,,,,,,,,,,,,,,,
,,,,,,,,,,,,,,,,,,,,SIX1,,,,,,,,,,,,,,,,,PRPF8,,,,,,,,,,,,,,,,,,,
,,,,,,,,,,,,,,,,,,,,SIX3,,,,,,,,,,,,,,,,,PRPS1,,,,,,,,,,,,,,,,,,,
,,,,,,,,,,,,,,,,,,,,SIX5,,,,,,,,,,,,,,,,,PRR12,,,,,,,,,,,,,,,,,,,
,,,,,,,,,,,,,,,,,,,,SIX6,,,,,,,,,,,,,,,,,PRRG1,,,,,,,,,,,,,,,,,,,
,,,,,,,,,,,,,,,,,,,,SKI,,,,,,,,,,,,,,,,,PRRG3,,,,,,,,,,,,,,,,,,,
,,,,,,,,,,,,,,,,,,,,SKIC2,,,,,,,,,,,,,,,,,PRRT2,,,,,,,,,,,,,,,,,,,
,,,,,,,,,,,,,,,,,,,,SKIC3,,,,,,,,,,,,,,,,,PRSS12,,,,,,,,,,,,,,,,,,,
,,,,,,,,,,,,,,,,,,,,SLC10A7,,,,,,,,,,,,,,,,,PRSS56,,,,,,,,,,,,,,,,,,,
,,,,,,,,,,,,,,,,,,,,SLC12A5,,,,,,,,,,,,,,,,,PRUNE1,,,,,,,,,,,,,,,,,,,
,,,,,,,,,,,,,,,,,,,,SLC12A6,,,,,,,,,,,,,,,,,PRX,,,,,,,,,,,,,,,,,,,
,,,,,,,,,,,,,,,,,,,,SLC12A9,,,,,,,,,,,,,,,,,PSAP,,,,,,,,,,,,,,,,,,,
,,,,,,,,,,,,,,,,,,,,SLC13A1,,,,,,,,,,,,,,,,,PSAT1,,,,,,,,,,,,,,,,,,,
,,,,,,,,,,,,,,,,,,,,SLC13A5,,,,,,,,,,,,,,,,,PSEN1,,,,,,,,,,,,,,,,,,,
,,,,,,,,,,,,,,,,,,,,SLC16A2,,,,,,,,,,,,,,,,,PSMA7,,,,,,,,,,,,,,,,,,,
,,,,,,,,,,,,,,,,,,,,SLC17A5,,,,,,,,,,,,,,,,,PSMB8,,,,,,,,,,,,,,,,,,,
,,,,,,,,,,,,,,,,,,,,SLC18A2,,,,,,,,,,,,,,,,,PSMC3,,,,,,,,,,,,,,,,,,,
,,,,,,,,,,,,,,,,,,,,SLC19A3,,,,,,,,,,,,,,,,,PSMC5,,,,,,,,,,,,,,,,,,,
,,,,,,,,,,,,,,,,,,,,SLC1A2,,,,,,,,,,,,,,,,,PSMD10,,,,,,,,,,,,,,,,,,,
,,,,,,,,,,,,,,,,,,,,SLC1A4,,,,,,,,,,,,,,,,,PSMD12,,,,,,,,,,,,,,,,,,,
,,,,,,,,,,,,,,,,,,,,SLC22A5,,,,,,,,,,,,,,,,,PSPH,,,,,,,,,,,,,,,,,,,
,,,,,,,,,,,,,,,,,,,,SLC24A4,,,,,,,,,,,,,,,,,PTBP1,,,,,,,,,,,,,,,,,,,
,,,,,,,,,,,,,,,,,,,,SLC25A1,,,,,,,,,,,,,,,,,PTCH1,,,,,,,,,,,,,,,,,,,
,,,,,,,,,,,,,,,,,,,,SLC25A13,,,,,,,,,,,,,,,,,PTCHD1,,,,,,,,,,,,,,,,,,,
,,,,,,,,,,,,,,,,,,,,SLC25A15,,,,,,,,,,,,,,,,,PTDSS1,,,,,,,,,,,,,,,,,,,
,,,,,,,,,,,,,,,,,,,,SLC25A19,,,,,,,,,,,,,,,,,PTEN,,,,,,,,,,,,,,,,,,,
,,,,,,,,,,,,,,,,,,,,SLC25A20,,,,,,,,,,,,,,,,,PTF1A,,,,,,,,,,,,,,,,,,,
,,,,,,,,,,,,,,,,,,,,SLC25A22,,,,,,,,,,,,,,,,,PTH1R,,,,,,,,,,,,,,,,,,,
,,,,,,,,,,,,,,,,,,,,SLC25A24,,,,,,,,,,,,,,,,,PTHLH,,,,,,,,,,,,,,,,,,,
,,,,,,,,,,,,,,,,,,,,SLC25A26,,,,,,,,,,,,,,,,,PTPA,,,,,,,,,,,,,,,,,,,
,,,,,,,,,,,,,,,,,,,,SLC25A38,,,,,,,,,,,,,,,,,PTPMT1,,,,,,,,,,,,,,,,,,,
,,,,,,,,,,,,,,,,,,,,SLC25A4,,,,,,,,,,,,,,,,,PTPN1,,,,,,,,,,,,,,,,,,,
,,,,,,,,,,,,,,,,,,,,SLC25A42,,,,,,,,,,,,,,,,,PTPN11,,,,,,,,,,,,,,,,,,,
,,,,,,,,,,,,,,,,,,,,SLC26A2,,,,,,,,,,,,,,,,,PTPN21,,,,,,,,,,,,,,,,,,,
,,,,,,,,,,,,,,,,,,,,SLC27A4,,,,,,,,,,,,,,,,,PTPN23,,,,,,,,,,,,,,,,,,,
,,,,,,,,,,,,,,,,,,,,SLC2A1,,,,,,,,,,,,,,,,,PTPN4,,,,,,,,,,,,,,,,,,,
,,,,,,,,,,,,,,,,,,,,SLC2A10,,,,,,,,,,,,,,,,,PTRH2,,,,,,,,,,,,,,,,,,,
,,,,,,,,,,,,,,,,,,,,SLC2A2,,,,,,,,,,,,,,,,,PTRHD1,,,,,,,,,,,,,,,,,,,
,,,,,,,,,,,,,,,,,,,,SLC30A7,,,,,,,,,,,,,,,,,PTS,,,,,,,,,,,,,,,,,,,
,,,,,,,,,,,,,,,,,,,,SLC31A1,,,,,,,,,,,,,,,,,PUDP,,,,,,,,,,,,,,,,,,,
,,,,,,,,,,,,,,,,,,,,SLC32A1,,,,,,,,,,,,,,,,,PUF60,,,,,,,,,,,,,,,,,,,
,,,,,,,,,,,,,,,,,,,,SLC33A1,,,,,,,,,,,,,,,,,PUM1,,,,,,,,,,,,,,,,,,,
,,,,,,,,,,,,,,,,,,,,SLC35A1,,,,,,,,,,,,,,,,,PURA,,,,,,,,,,,,,,,,,,,
,,,,,,,,,,,,,,,,,,,,SLC35A2,,,,,,,,,,,,,,,,,PUS1,,,,,,,,,,,,,,,,,,,
,,,,,,,,,,,,,,,,,,,,SLC35B2,,,,,,,,,,,,,,,,,PUS3,,,,,,,,,,,,,,,,,,,
,,,,,,,,,,,,,,,,,,,,SLC35C1,,,,,,,,,,,,,,,,,PUS7,,,,,,,,,,,,,,,,,,,
,,,,,,,,,,,,,,,,,,,,SLC35D1,,,,,,,,,,,,,,,,,PYCR1,,,,,,,,,,,,,,,,,,,
,,,,,,,,,,,,,,,,,,,,SLC37A4,,,,,,,,,,,,,,,,,PYCR2,,,,,,,,,,,,,,,,,,,
,,,,,,,,,,,,,,,,,,,,SLC38A3,,,,,,,,,,,,,,,,,PYGL,,,,,,,,,,,,,,,,,,,
,,,,,,,,,,,,,,,,,,,,SLC39A13,,,,,,,,,,,,,,,,,QARS,,,,,,,,,,,,,,,,,,,
,,,,,,,,,,,,,,,,,,,,SLC39A14,,,,,,,,,,,,,,,,,QDPR,,,,,,,,,,,,,,,,,,,
,,,,,,,,,,,,,,,,,,,,SLC39A8,,,,,,,,,,,,,,,,,QKI,,,,,,,,,,,,,,,,,,,
,,,,,,,,,,,,,,,,,,,,SLC45A1,,,,,,,,,,,,,,,,,QRICH1,,,,,,,,,,,,,,,,,,,
,,,,,,,,,,,,,,,,,,,,SLC46A1,,,,,,,,,,,,,,,,,RAB11A,,,,,,,,,,,,,,,,,,,
,,,,,,,,,,,,,,,,,,,,SLC4A1,,,,,,,,,,,,,,,,,RAB11B,,,,,,,,,,,,,,,,,,,
,,,,,,,,,,,,,,,,,,,,SLC4A10,,,,,,,,,,,,,,,,,RAB14,,,,,,,,,,,,,,,,,,,
,,,,,,,,,,,,,,,,,,,,SLC4A11,,,,,,,,,,,,,,,,,RAB18,,,,,,,,,,,,,,,,,,,
,,,,,,,,,,,,,,,,,,,,SLC4A4,,,,,,,,,,,,,,,,,RAB23,,,,,,,,,,,,,,,,,,,
,,,,,,,,,,,,,,,,,,,,SLC52A2,,,,,,,,,,,,,,,,,RAB27A,,,,,,,,,,,,,,,,,,,
,,,,,,,,,,,,,,,,,,,,SLC52A3,,,,,,,,,,,,,,,,,RAB39B,,,,,,,,,,,,,,,,,,,
,,,,,,,,,,,,,,,,,,,,SLC5A5,,,,,,,,,,,,,,,,,RAB3A,,,,,,,,,,,,,,,,,,,
,,,,,,,,,,,,,,,,,,,,SLC5A6,,,,,,,,,,,,,,,,,RAB3GAP1,,,,,,,,,,,,,,,,,,,
,,,,,,,,,,,,,,,,,,,,SLC5A7,,,,,,,,,,,,,,,,,RAB3GAP2,,,,,,,,,,,,,,,,,,,
,,,,,,,,,,,,,,,,,,,,SLC6A1,,,,,,,,,,,,,,,,,RAB40AL,,,,,,,,,,,,,,,,,,,
,,,,,,,,,,,,,,,,,,,,SLC6A17,,,,,,,,,,,,,,,,,RAB5C,,,,,,,,,,,,,,,,,,,
,,,,,,,,,,,,,,,,,,,,SLC6A3,,,,,,,,,,,,,,,,,RABL6,,,,,,,,,,,,,,,,,,,
,,,,,,,,,,,,,,,,,,,,SLC6A5,,,,,,,,,,,,,,,,,RAC1,,,,,,,,,,,,,,,,,,,
,,,,,,,,,,,,,,,,,,,,SLC6A8,,,,,,,,,,,,,,,,,RAC3,,,,,,,,,,,,,,,,,,,
,,,,,,,,,,,,,,,,,,,,SLC6A9,,,,,,,,,,,,,,,,,RAD21,,,,,,,,,,,,,,,,,,,
,,,,,,,,,,,,,,,,,,,,SLC9A6,,,,,,,,,,,,,,,,,RAD50,,,,,,,,,,,,,,,,,,,
,,,,,,,,,,,,,,,,,,,,SLC9A7,,,,,,,,,,,,,,,,,RAD51,,,,,,,,,,,,,,,,,,,
,,,,,,,,,,,,,,,,,,,,SLC9A9,,,,,,,,,,,,,,,,,RAD51C,,,,,,,,,,,,,,,,,,,
,,,,,,,,,,,,,,,,,,,,SLF2,,,,,,,,,,,,,,,,,RAF1,,,,,,,,,,,,,,,,,,,
,,,,,,,,,,,,,,,,,,,,SLIRP,,,,,,,,,,,,,,,,,RAI1,,,,,,,,,,,,,,,,,,,
,,,,,,,,,,,,,,,,,,,,SLIT3,,,,,,,,,,,,,,,,,RALA,,,,,,,,,,,,,,,,,,,
,,,,,,,,,,,,,,,,,,,,SLX4,,,,,,,,,,,,,,,,,RALGAPA1,,,,,,,,,,,,,,,,,,,
,,,,,,,,,,,,,,,,,,,,SMAD2,,,,,,,,,,,,,,,,,RALGDS,,,,,,,,,,,,,,,,,,,
,,,,,,,,,,,,,,,,,,,,SMAD3,,,,,,,,,,,,,,,,,RANBP17,,,,,,,,,,,,,,,,,,,
,,,,,,,,,,,,,,,,,,,,SMAD4,,,,,,,,,,,,,,,,,RANBP2,,,,,,,,,,,,,,,,,,,
,,,,,,,,,,,,,,,,,,,,SMAD6,,,,,,,,,,,,,,,,,RAP1B,,,,,,,,,,,,,,,,,,,
,,,,,,,,,,,,,,,,,,,,SMARCA2,,,,,,,,,,,,,,,,,RAP1GDS1,,,,,,,,,,,,,,,,,,,
,,,,,,,,,,,,,,,,,,,,SMARCA4,,,,,,,,,,,,,,,,,RAPGEF1,,,,,,,,,,,,,,,,,,,
,,,,,,,,,,,,,,,,,,,,SMARCAL1,,,,,,,,,,,,,,,,,RAPSN,,,,,,,,,,,,,,,,,,,
,,,,,,,,,,,,,,,,,,,,SMARCB1,,,,,,,,,,,,,,,,,RARB,,,,,,,,,,,,,,,,,,,
,,,,,,,,,,,,,,,,,,,,SMARCC2,,,,,,,,,,,,,,,,,RARS,,,,,,,,,,,,,,,,,,,
,,,,,,,,,,,,,,,,,,,,SMARCD1,,,,,,,,,,,,,,,,,RARS2,,,,,,,,,,,,,,,,,,,
,,,,,,,,,,,,,,,,,,,,SMARCE1,,,,,,,,,,,,,,,,,RASA1,,,,,,,,,,,,,,,,,,,
,,,,,,,,,,,,,,,,,,,,SMC1A,,,,,,,,,,,,,,,,,RAX,,,,,,,,,,,,,,,,,,,
,,,,,,,,,,,,,,,,,,,,SMC3,,,,,,,,,,,,,,,,,RBBP5,,,,,,,,,,,,,,,,,,,
,,,,,,,,,,,,,,,,,,,,SMC5,,,,,,,,,,,,,,,,,RBBP8,,,,,,,,,,,,,,,,,,,
,,,,,,,,,,,,,,,,,,,,SMCHD1,,,,,,,,,,,,,,,,,RBFOX1,,,,,,,,,,,,,,,,,,,
,,,,,,,,,,,,,,,,,,,,SMG8,,,,,,,,,,,,,,,,,RBL2,,,,,,,,,,,,,,,,,,,
,,,,,,,,,,,,,,,,,,,,SMG9,,,,,,,,,,,,,,,,,RBM10,,,,,,,,,,,,,,,,,,,
,,,,,,,,,,,,,,,,,,,,SMO,,,,,,,,,,,,,,,,,RBM28,,,,,,,,,,,,,,,,,,,
,,,,,,,,,,,,,,,,,,,,SMOC1,,,,,,,,,,,,,,,,,RBM8A,,,,,,,,,,,,,,,,,,,
,,,,,,,,,,,,,,,,,,,,SMOC2,,,,,,,,,,,,,,,,,RBPJ,,,,,,,,,,,,,,,,,,,
,,,,,,,,,,,,,,,,,,,,SMPD1,,,,,,,,,,,,,,,,,RBSN,,,,,,,,,,,,,,,,,,,
,,,,,,,,,,,,,,,,,,,,SMPD4,,,,,,,,,,,,,,,,,RDH11,,,,,,,,,,,,,,,,,,,
,,,,,,,,,,,,,,,,,,,,SMS,,,,,,,,,,,,,,,,,RECQL4,,,,,,,,,,,,,,,,,,,
,,,,,,,,,,,,,,,,,,,,SNAP25,,,,,,,,,,,,,,,,,REEP1,,,,,,,,,,,,,,,,,,,
,,,,,,,,,,,,,,,,,,,,SNAP29,,,,,,,,,,,,,,,,,REEP2,,,,,,,,,,,,,,,,,,,
,,,,,,,,,,,,,,,,,,,,SNAPC4,,,,,,,,,,,,,,,,,RELN,,,,,,,,,,,,,,,,,,,
,,,,,,,,,,,,,,,,,,,,SNF8,,,,,,,,,,,,,,,,,RENBP,,,,,,,,,,,,,,,,,,,
,,,,,,,,,,,,,,,,,,,,SNIP1,,,,,,,,,,,,,,,,,RERE,,,,,,,,,,,,,,,,,,,
,,,,,,,,,,,,,,,,,,,,SNORD118,,,,,,,,,,,,,,,,,RET,,,,,,,,,,,,,,,,,,,
,,,,,,,,,,,,,,,,,,,,SNRPB,,,,,,,,,,,,,,,,,RETREG1,,,,,,,,,,,,,,,,,,,
,,,,,,,,,,,,,,,,,,,,SNRPE,,,,,,,,,,,,,,,,,RFT1,,,,,,,,,,,,,,,,,,,
,,,,,,,,,,,,,,,,,,,,SNUPN,,,,,,,,,,,,,,,,,RFX3,,,,,,,,,,,,,,,,,,,
,,,,,,,,,,,,,,,,,,,,SNX14,,,,,,,,,,,,,,,,,RFX4,,,,,,,,,,,,,,,,,,,
,,,,,,,,,,,,,,,,,,,,SNX3,,,,,,,,,,,,,,,,,RFX6,,,,,,,,,,,,,,,,,,,
,,,,,,,,,,,,,,,,,,,,SOBP,,,,,,,,,,,,,,,,,RFX7,,,,,,,,,,,,,,,,,,,
,,,,,,,,,,,,,,,,,,,,SON,,,,,,,,,,,,,,,,,RGN,,,,,,,,,,,,,,,,,,,
,,,,,,,,,,,,,,,,,,,,SOS1,,,,,,,,,,,,,,,,,RGS7,,,,,,,,,,,,,,,,,,,
,,,,,,,,,,,,,,,,,,,,SOS2,,,,,,,,,,,,,,,,,RHEB,,,,,,,,,,,,,,,,,,,
,,,,,,,,,,,,,,,,,,,,SOX10,,,,,,,,,,,,,,,,,RHOBTB2,,,,,,,,,,,,,,,,,,,
,,,,,,,,,,,,,,,,,,,,SOX11,,,,,,,,,,,,,,,,,RIC1,,,,,,,,,,,,,,,,,,,
,,,,,,,,,,,,,,,,,,,,SOX17,,,,,,,,,,,,,,,,,RIMS1,,,,,,,,,,,,,,,,,,,
,,,,,,,,,,,,,,,,,,,,SOX2,,,,,,,,,,,,,,,,,RING1,,,,,,,,,,,,,,,,,,,
,,,,,,,,,,,,,,,,,,,,SOX3,,,,,,,,,,,,,,,,,RIPK4,,,,,,,,,,,,,,,,,,,
,,,,,,,,,,,,,,,,,,,,SOX4,,,,,,,,,,,,,,,,,RIT1,,,,,,,,,,,,,,,,,,,
,,,,,,,,,,,,,,,,,,,,SOX5,,,,,,,,,,,,,,,,,RLIM,,,,,,,,,,,,,,,,,,,
,,,,,,,,,,,,,,,,,,,,SOX6,,,,,,,,,,,,,,,,,RMND1,,,,,,,,,,,,,,,,,,,
,,,,,,,,,,,,,,,,,,,,SOX9,,,,,,,,,,,,,,,,,RMRP,,,,,,,,,,,,,,,,,,,
,,,,,,,,,,,,,,,,,,,,SP9,,,,,,,,,,,,,,,,,RNASEH2A,,,,,,,,,,,,,,,,,,,
,,,,,,,,,,,,,,,,,,,,SPAG1,,,,,,,,,,,,,,,,,RNASEH2B,,,,,,,,,,,,,,,,,,,
,,,,,,,,,,,,,,,,,,,,SPARC,,,,,,,,,,,,,,,,,RNASEH2C,,,,,,,,,,,,,,,,,,,
,,,,,,,,,,,,,,,,,,,,SPAST,,,,,,,,,,,,,,,,,RNASET2,,,,,,,,,,,,,,,,,,,
,,,,,,,,,,,,,,,,,,,,SPECC1L,,,,,,,,,,,,,,,,,RNF113A,,,,,,,,,,,,,,,,,,,
,,,,,,,,,,,,,,,,,,,,SPEG,,,,,,,,,,,,,,,,,RNF125,,,,,,,,,,,,,,,,,,,
,,,,,,,,,,,,,,,,,,,,SPEN,,,,,,,,,,,,,,,,,RNF13,,,,,,,,,,,,,,,,,,,
,,,,,,,,,,,,,,,,,,,,SPG11,,,,,,,,,,,,,,,,,RNF135,,,,,,,,,,,,,,,,,,,
,,,,,,,,,,,,,,,,,,,,SPOP,,,,,,,,,,,,,,,,,RNF168,,,,,,,,,,,,,,,,,,,
,,,,,,,,,,,,,,,,,,,,SPR,,,,,,,,,,,,,,,,,RNF2,,,,,,,,,,,,,,,,,,,
,,,,,,,,,,,,,,,,,,,,SPRED1,,,,,,,,,,,,,,,,,RNF216,,,,,,,,,,,,,,,,,,,
,,,,,,,,,,,,,,,,,,,,SPRED2,,,,,,,,,,,,,,,,,RNF220,,,,,,,,,,,,,,,,,,,
,,,,,,,,,,,,,,,,,,,,SPRTN,,,,,,,,,,,,,,,,,RNPC3,,,,,,,,,,,,,,,,,,,
,,,,,,,,,,,,,,,,,,,,SPRY1,,,,,,,,,,,,,,,,,RNU2-2P,,,,,,,,,,,,,,,,,,,
,,,,,,,,,,,,,,,,,,,,SPTAN1,,,,,,,,,,,,,,,,,RNU4-2,,,,,,,,,,,,,,,,,,,
,,,,,,,,,,,,,,,,,,,,SPTBN1,,,,,,,,,,,,,,,,,RNU4ATAC,,,,,,,,,,,,,,,,,,,
,,,,,,,,,,,,,,,,,,,,SPTBN2,,,,,,,,,,,,,,,,,RNU5A-1,,,,,,,,,,,,,,,,,,,
,,,,,,,,,,,,,,,,,,,,SPTBN4,,,,,,,,,,,,,,,,,RNU5B-1,,,,,,,,,,,,,,,,,,,
,,,,,,,,,,,,,,,,,,,,SPTLC2,,,,,,,,,,,,,,,,,RNU6ATAC,,,,,,,,,,,,,,,,,,,
,,,,,,,,,,,,,,,,,,,,SPTSSA,,,,,,,,,,,,,,,,,RNU7-1,,,,,,,,,,,,,,,,,,,
,,,,,,,,,,,,,,,,,,,,SRCAP,,,,,,,,,,,,,,,,,ROBO1,,,,,,,,,,,,,,,,,,,
,,,,,,,,,,,,,,,,,,,,SRD5A3,,,,,,,,,,,,,,,,,ROBO3,,,,,,,,,,,,,,,,,,,
,,,,,,,,,,,,,,,,,,,,SREBF2,,,,,,,,,,,,,,,,,ROGDI,,,,,,,,,,,,,,,,,,,
,,,,,,,,,,,,,,,,,,,,SRGAP3,,,,,,,,,,,,,,,,,ROR2,,,,,,,,,,,,,,,,,,,
,,,,,,,,,,,,,,,,,,,,SRP54,,,,,,,,,,,,,,,,,RORA,,,,,,,,,,,,,,,,,,,
,,,,,,,,,,,,,,,,,,,,SRPX2,,,,,,,,,,,,,,,,,RORB,,,,,,,,,,,,,,,,,,,
,,,,,,,,,,,,,,,,,,,,SRRM2,,,,,,,,,,,,,,,,,RPE65,,,,,,,,,,,,,,,,,,,
,,,,,,,,,,,,,,,,,,,,SRSF1,,,,,,,,,,,,,,,,,RPGR,,,,,,,,,,,,,,,,,,,
,,,,,,,,,,,,,,,,,,,,SRY,,,,,,,,,,,,,,,,,RPGRIP1,,,,,,,,,,,,,,,,,,,
,,,,,,,,,,,,,,,,,,,,ST14,,,,,,,,,,,,,,,,,RPGRIP1L,,,,,,,,,,,,,,,,,,,
,,,,,,,,,,,,,,,,,,,,ST3GAL3,,,,,,,,,,,,,,,,,RPIA,,,,,,,,,,,,,,,,,,,
,,,,,,,,,,,,,,,,,,,,ST3GAL5,,,,,,,,,,,,,,,,,RPL10,,,,,,,,,,,,,,,,,,,
,,,,,,,,,,,,,,,,,,,,STAC3,,,,,,,,,,,,,,,,,RPS19,,,,,,,,,,,,,,,,,,,
,,,,,,,,,,,,,,,,,,,,STAG1,,,,,,,,,,,,,,,,,RPS23,,,,,,,,,,,,,,,,,,,
,,,,,,,,,,,,,,,,,,,,STAG2,,,,,,,,,,,,,,,,,RPS6KA3,,,,,,,,,,,,,,,,,,,
,,,,,,,,,,,,,,,,,,,,STAMBP,,,,,,,,,,,,,,,,,RPS6KC1,,,,,,,,,,,,,,,,,,,
,,,,,,,,,,,,,,,,,,,,STAR,,,,,,,,,,,,,,,,,RRAS,,,,,,,,,,,,,,,,,,,
,,,,,,,,,,,,,,,,,,,,STAT2,,,,,,,,,,,,,,,,,RREB1,,,,,,,,,,,,,,,,,,,
,,,,,,,,,,,,,,,,,,,,STAT5B,,,,,,,,,,,,,,,,,RRM2B,,,,,,,,,,,,,,,,,,,
,,,,,,,,,,,,,,,,,,,,STIL,,,,,,,,,,,,,,,,,RSF1,,,,,,,,,,,,,,,,,,,
,,,,,,,,,,,,,,,,,,,,STIM1,,,,,,,,,,,,,,,,,RSPH1,,,,,,,,,,,,,,,,,,,
,,,,,,,,,,,,,,,,,,,,STN1,,,,,,,,,,,,,,,,,RSPH3,,,,,,,,,,,,,,,,,,,
,,,,,,,,,,,,,,,,,,,,STRA6,,,,,,,,,,,,,,,,,RSPO4,,,,,,,,,,,,,,,,,,,
,,,,,,,,,,,,,,,,,,,,STRADA,,,,,,,,,,,,,,,,,RSPRY1,,,,,,,,,,,,,,,,,,,
,,,,,,,,,,,,,,,,,,,,STS,,,,,,,,,,,,,,,,,RSRC1,,,,,,,,,,,,,,,,,,,
,,,,,,,,,,,,,,,,,,,,STT3A,,,,,,,,,,,,,,,,,RTEL1,,,,,,,,,,,,,,,,,,,
,,,,,,,,,,,,,,,,,,,,STT3B,,,,,,,,,,,,,,,,,RTL9,,,,,,,,,,,,,,,,,,,
,,,,,,,,,,,,,,,,,,,,STX1A,,,,,,,,,,,,,,,,,RTN2,,,,,,,,,,,,,,,,,,,
,,,,,,,,,,,,,,,,,,,,STX1B,,,,,,,,,,,,,,,,,RTN4IP1,,,,,,,,,,,,,,,,,,,
,,,,,,,,,,,,,,,,,,,,STXBP1,,,,,,,,,,,,,,,,,RTTN,,,,,,,,,,,,,,,,,,,
,,,,,,,,,,,,,,,,,,,,SUCLG1,,,,,,,,,,,,,,,,,RUBCN,,,,,,,,,,,,,,,,,,,
,,,,,,,,,,,,,,,,,,,,SUFU,,,,,,,,,,,,,,,,,RUNX1T1,,,,,,,,,,,,,,,,,,,
,,,,,,,,,,,,,,,,,,,,SUMF1,,,,,,,,,,,,,,,,,RUNX2,,,,,,,,,,,,,,,,,,,
,,,,,,,,,,,,,,,,,,,,SUMO1,,,,,,,,,,,,,,,,,RUSC2,,,,,,,,,,,,,,,,,,,
,,,,,,,,,,,,,,,,,,,,SUOX,,,,,,,,,,,,,,,,,RYR1,,,,,,,,,,,,,,,,,,,
,,,,,,,,,,,,,,,,,,,,SUPT16H,,,,,,,,,,,,,,,,,RYR2,,,,,,,,,,,,,,,,,,,
,,,,,,,,,,,,,,,,,,,,SURF1,,,,,,,,,,,,,,,,,RYR3,,,,,,,,,,,,,,,,,,,
,,,,,,,,,,,,,,,,,,,,SUZ12,,,,,,,,,,,,,,,,,SACS,,,,,,,,,,,,,,,,,,,
,,,,,,,,,,,,,,,,,,,,SYN1,,,,,,,,,,,,,,,,,SALL1,,,,,,,,,,,,,,,,,,,
,,,,,,,,,,,,,,,,,,,,SYNCRIP,,,,,,,,,,,,,,,,,SALL4,,,,,,,,,,,,,,,,,,,
,,,,,,,,,,,,,,,,,,,,SYNE1,,,,,,,,,,,,,,,,,SAMD9,,,,,,,,,,,,,,,,,,,
,,,,,,,,,,,,,,,,,,,,SYNGAP1,,,,,,,,,,,,,,,,,SAMD9L,,,,,,,,,,,,,,,,,,,
,,,,,,,,,,,,,,,,,,,,SYP,,,,,,,,,,,,,,,,,SAMHD1,,,,,,,,,,,,,,,,,,,
,,,,,,,,,,,,,,,,,,,,SYT1,,,,,,,,,,,,,,,,,SARS,,,,,,,,,,,,,,,,,,,
,,,,,,,,,,,,,,,,,,,,SYT2,,,,,,,,,,,,,,,,,SARS2,,,,,,,,,,,,,,,,,,,
,,,,,,,,,,,,,,,,,,,,SZT2,,,,,,,,,,,,,,,,,SATB1,,,,,,,,,,,,,,,,,,,
,,,,,,,,,,,,,,,,,,,,TAB2,,,,,,,,,,,,,,,,,SATB2,,,,,,,,,,,,,,,,,,,
,,,,,,,,,,,,,,,,,,,,TAC3,,,,,,,,,,,,,,,,,SBDS,,,,,,,,,,,,,,,,,,,
,,,,,,,,,,,,,,,,,,,,TACO1,,,,,,,,,,,,,,,,,SBF1,,,,,,,,,,,,,,,,,,,
,,,,,,,,,,,,,,,,,,,,TACR3,,,,,,,,,,,,,,,,,SBF2,,,,,,,,,,,,,,,,,,,
,,,,,,,,,,,,,,,,,,,,TAF1,,,,,,,,,,,,,,,,,SC5D,,,,,,,,,,,,,,,,,,,
,,,,,,,,,,,,,,,,,,,,TAF13,,,,,,,,,,,,,,,,,SCAF4,,,,,,,,,,,,,,,,,,,
,,,,,,,,,,,,,,,,,,,,TAF1C,,,,,,,,,,,,,,,,,SCAMP5,,,,,,,,,,,,,,,,,,,
,,,,,,,,,,,,,,,,,,,,TAF2,,,,,,,,,,,,,,,,,SCAPER,,,,,,,,,,,,,,,,,,,
,,,,,,,,,,,,,,,,,,,,TAF4,,,,,,,,,,,,,,,,,SCARB2,,,,,,,,,,,,,,,,,,,
,,,,,,,,,,,,,,,,,,,,TAF8,,,,,,,,,,,,,,,,,SCARF2,,,,,,,,,,,,,,,,,,,
,,,,,,,,,,,,,,,,,,,,TAFAZZIN,,,,,,,,,,,,,,,,,SCN11A,,,,,,,,,,,,,,,,,,,
,,,,,,,,,,,,,,,,,,,,TANC2,,,,,,,,,,,,,,,,,SCN1A,,,,,,,,,,,,,,,,,,,
,,,,,,,,,,,,,,,,,,,,TANGO2,,,,,,,,,,,,,,,,,SCN1B,,,,,,,,,,,,,,,,,,,
,,,,,,,,,,,,,,,,,,,,TAOK1,,,,,,,,,,,,,,,,,SCN2A,,,,,,,,,,,,,,,,,,,
,,,,,,,,,,,,,,,,,,,,TAPT1,,,,,,,,,,,,,,,,,SCN3A,,,,,,,,,,,,,,,,,,,
,,,,,,,,,,,,,,,,,,,,TARS1,,,,,,,,,,,,,,,,,SCN4A,,,,,,,,,,,,,,,,,,,
,,,,,,,,,,,,,,,,,,,,TASP1,,,,,,,,,,,,,,,,,SCN8A,,,,,,,,,,,,,,,,,,,
,,,,,,,,,,,,,,,,,,,,TAT,,,,,,,,,,,,,,,,,SCN9A,,,,,,,,,,,,,,,,,,,
,,,,,,,,,,,,,,,,,,,,TBC1D20,,,,,,,,,,,,,,,,,SCNM1,,,,,,,,,,,,,,,,,,,
,,,,,,,,,,,,,,,,,,,,TBC1D23,,,,,,,,,,,,,,,,,SCO1,,,,,,,,,,,,,,,,,,,
,,,,,,,,,,,,,,,,,,,,TBC1D24,,,,,,,,,,,,,,,,,SCO2,,,,,,,,,,,,,,,,,,,
,,,,,,,,,,,,,,,,,,,,TBC1D2B,,,,,,,,,,,,,,,,,SCRIB,,,,,,,,,,,,,,,,,,,
,,,,,,,,,,,,,,,,,,,,TBC1D32,,,,,,,,,,,,,,,,,SCYL1,,,,,,,,,,,,,,,,,,,
,,,,,,,,,,,,,,,,,,,,TBCD,,,,,,,,,,,,,,,,,SDCCAG8,,,,,,,,,,,,,,,,,,,
,,,,,,,,,,,,,,,,,,,,TBCE,,,,,,,,,,,,,,,,,SDHA,,,,,,,,,,,,,,,,,,,
,,,,,,,,,,,,,,,,,,,,TBCK,,,,,,,,,,,,,,,,,SDHAF1,,,,,,,,,,,,,,,,,,,
,,,,,,,,,,,,,,,,,,,,TBL1XR1,,,,,,,,,,,,,,,,,SEC23B,,,,,,,,,,,,,,,,,,,
,,,,,,,,,,,,,,,,,,,,TBR1,,,,,,,,,,,,,,,,,SEC31A,,,,,,,,,,,,,,,,,,,
,,,,,,,,,,,,,,,,,,,,TBX1,,,,,,,,,,,,,,,,,SEL1L,,,,,,,,,,,,,,,,,,,
,,,,,,,,,,,,,,,,,,,,TBX15,,,,,,,,,,,,,,,,,SELENOI,,,,,,,,,,,,,,,,,,,
,,,,,,,,,,,,,,,,,,,,TBX18,,,,,,,,,,,,,,,,,SEMA3E,,,,,,,,,,,,,,,,,,,
,,,,,,,,,,,,,,,,,,,,TBX20,,,,,,,,,,,,,,,,,SEMA6B,,,,,,,,,,,,,,,,,,,
,,,,,,,,,,,,,,,,,,,,TBX22,,,,,,,,,,,,,,,,,SEPHS1,,,,,,,,,,,,,,,,,,,
,,,,,,,,,,,,,,,,,,,,TBX3,,,,,,,,,,,,,,,,,SEPSECS,,,,,,,,,,,,,,,,,,,
,,,,,,,,,,,,,,,,,,,,TBX4,,,,,,,,,,,,,,,,,SERAC1,,,,,,,,,,,,,,,,,,,
,,,,,,,,,,,,,,,,,,,,TBX5,,,,,,,,,,,,,,,,,SET,,,,,,,,,,,,,,,,,,,
,,,,,,,,,,,,,,,,,,,,TBXAS1,,,,,,,,,,,,,,,,,SETBP1,,,,,,,,,,,,,,,,,,,
,,,,,,,,,,,,,,,,,,,,TCEAL1,,,,,,,,,,,,,,,,,SETD1A,,,,,,,,,,,,,,,,,,,
,,,,,,,,,,,,,,,,,,,,TCF12,,,,,,,,,,,,,,,,,SETD1B,,,,,,,,,,,,,,,,,,,
,,,,,,,,,,,,,,,,,,,,TCF20,,,,,,,,,,,,,,,,,SETD2,,,,,,,,,,,,,,,,,,,
,,,,,,,,,,,,,,,,,,,,TCF4,,,,,,,,,,,,,,,,,SETD5,,,,,,,,,,,,,,,,,,,
,,,,,,,,,,,,,,,,,,,,TCF7L2,,,,,,,,,,,,,,,,,SETDB2,,,,,,,,,,,,,,,,,,,
,,,,,,,,,,,,,,,,,,,,TCN2,,,,,,,,,,,,,,,,,SETX,,,,,,,,,,,,,,,,,,,
,,,,,,,,,,,,,,,,,,,,TCOF1,,,,,,,,,,,,,,,,,SF1,,,,,,,,,,,,,,,,,,,
,,,,,,,,,,,,,,,,,,,,TCP1,,,,,,,,,,,,,,,,,SF3B1,,,,,,,,,,,,,,,,,,,
,,,,,,,,,,,,,,,,,,,,TCTN1,,,,,,,,,,,,,,,,,SF3B4,,,,,,,,,,,,,,,,,,,
,,,,,,,,,,,,,,,,,,,,TCTN2,,,,,,,,,,,,,,,,,SFXN4,,,,,,,,,,,,,,,,,,,
,,,,,,,,,,,,,,,,,,,,TCTN3,,,,,,,,,,,,,,,,,SGCA,,,,,,,,,,,,,,,,,,,
,,,,,,,,,,,,,,,,,,,,TDP2,,,,,,,,,,,,,,,,,SGCE,,,,,,,,,,,,,,,,,,,
,,,,,,,,,,,,,,,,,,,,TDRD7,,,,,,,,,,,,,,,,,SGPL1,,,,,,,,,,,,,,,,,,,
,,,,,,,,,,,,,,,,,,,,TECPR2,,,,,,,,,,,,,,,,,SGSH,,,,,,,,,,,,,,,,,,,
,,,,,,,,,,,,,,,,,,,,TEDC1,,,,,,,,,,,,,,,,,SGSM3,,,,,,,,,,,,,,,,,,,
,,,,,,,,,,,,,,,,,,,,TEK,,,,,,,,,,,,,,,,,SH3PXD2B,,,,,,,,,,,,,,,,,,,
,,,,,,,,,,,,,,,,,,,,TELO2,,,,,,,,,,,,,,,,,SH3TC2,,,,,,,,,,,,,,,,,,,
,,,,,,,,,,,,,,,,,,,,TERC,,,,,,,,,,,,,,,,,SHANK1,,,,,,,,,,,,,,,,,,,
,,,,,,,,,,,,,,,,,,,,TERT,,,,,,,,,,,,,,,,,SHANK2,,,,,,,,,,,,,,,,,,,
,,,,,,,,,,,,,,,,,,,,TET3,,,,,,,,,,,,,,,,,SHANK3,,,,,,,,,,,,,,,,,,,
,,,,,,,,,,,,,,,,,,,,TFAP2A,,,,,,,,,,,,,,,,,SHH,,,,,,,,,,,,,,,,,,,
,,,,,,,,,,,,,,,,,,,,TFAP2B,,,,,,,,,,,,,,,,,SHMT2,,,,,,,,,,,,,,,,,,,
,,,,,,,,,,,,,,,,,,,,TFE3,,,,,,,,,,,,,,,,,SHOC2,,,,,,,,,,,,,,,,,,,
,,,,,,,,,,,,,,,,,,,,TFRC,,,,,,,,,,,,,,,,,SHOX,,,,,,,,,,,,,,,,,,,
,,,,,,,,,,,,,,,,,,,,TGDS,,,,,,,,,,,,,,,,,SHQ1,,,,,,,,,,,,,,,,,,,
,,,,,,,,,,,,,,,,,,,,TGFB1,,,,,,,,,,,,,,,,,SHROOM2,,,,,,,,,,,,,,,,,,,
,,,,,,,,,,,,,,,,,,,,TGFB2,,,,,,,,,,,,,,,,,SHROOM4,,,,,,,,,,,,,,,,,,,
,,,,,,,,,,,,,,,,,,,,TGFB3,,,,,,,,,,,,,,,,,SIAH1,,,,,,,,,,,,,,,,,,,
,,,,,,,,,,,,,,,,,,,,TGFBR1,,,,,,,,,,,,,,,,,SIGMAR1,,,,,,,,,,,,,,,,,,,
,,,,,,,,,,,,,,,,,,,,TGFBR2,,,,,,,,,,,,,,,,,SIK1,,,,,,,,,,,,,,,,,,,
,,,,,,,,,,,,,,,,,,,,TGIF1,,,,,,,,,,,,,,,,,SIL1,,,,,,,,,,,,,,,,,,,
,,,,,,,,,,,,,,,,,,,,TH,,,,,,,,,,,,,,,,,SIN3A,,,,,,,,,,,,,,,,,,,
,,,,,,,,,,,,,,,,,,,,THAP1,,,,,,,,,,,,,,,,,SIN3B,,,,,,,,,,,,,,,,,,,
,,,,,,,,,,,,,,,,,,,,THG1L,,,,,,,,,,,,,,,,,SIX1,,,,,,,,,,,,,,,,,,,
,,,,,,,,,,,,,,,,,,,,THOC2,,,,,,,,,,,,,,,,,SIX3,,,,,,,,,,,,,,,,,,,
,,,,,,,,,,,,,,,,,,,,THOC6,,,,,,,,,,,,,,,,,SIX5,,,,,,,,,,,,,,,,,,,
,,,,,,,,,,,,,,,,,,,,THRA,,,,,,,,,,,,,,,,,SKI,,,,,,,,,,,,,,,,,,,
,,,,,,,,,,,,,,,,,,,,THUMPD1,,,,,,,,,,,,,,,,,SKIV2L,,,,,,,,,,,,,,,,,,,
,,,,,,,,,,,,,,,,,,,,TIMM8A,,,,,,,,,,,,,,,,,SKOR2,,,,,,,,,,,,,,,,,,,
,,,,,,,,,,,,,,,,,,,,TINF2,,,,,,,,,,,,,,,,,SLC12A2,,,,,,,,,,,,,,,,,,,
,,,,,,,,,,,,,,,,,,,,TK2,,,,,,,,,,,,,,,,,SLC12A5,,,,,,,,,,,,,,,,,,,
,,,,,,,,,,,,,,,,,,,,TKFC,,,,,,,,,,,,,,,,,SLC12A6,,,,,,,,,,,,,,,,,,,
,,,,,,,,,,,,,,,,,,,,TKT,,,,,,,,,,,,,,,,,SLC12A9,,,,,,,,,,,,,,,,,,,
,,,,,,,,,,,,,,,,,,,,TLK2,,,,,,,,,,,,,,,,,SLC13A5,,,,,,,,,,,,,,,,,,,
,,,,,,,,,,,,,,,,,,,,TLL1,,,,,,,,,,,,,,,,,SLC16A2,,,,,,,,,,,,,,,,,,,
,,,,,,,,,,,,,,,,,,,,TM2D3,,,,,,,,,,,,,,,,,SLC17A5,,,,,,,,,,,,,,,,,,,
,,,,,,,,,,,,,,,,,,,,TM4SF20,,,,,,,,,,,,,,,,,SLC19A3,,,,,,,,,,,,,,,,,,,
,,,,,,,,,,,,,,,,,,,,TMCO1,,,,,,,,,,,,,,,,,SLC1A1,,,,,,,,,,,,,,,,,,,
,,,,,,,,,,,,,,,,,,,,TMEM106B,,,,,,,,,,,,,,,,,SLC1A2,,,,,,,,,,,,,,,,,,,
,,,,,,,,,,,,,,,,,,,,TMEM114,,,,,,,,,,,,,,,,,SLC1A4,,,,,,,,,,,,,,,,,,,
,,,,,,,,,,,,,,,,,,,,TMEM126B,,,,,,,,,,,,,,,,,SLC20A2,,,,,,,,,,,,,,,,,,,
,,,,,,,,,,,,,,,,,,,,TMEM135,,,,,,,,,,,,,,,,,SLC22A5,,,,,,,,,,,,,,,,,,,
,,,,,,,,,,,,,,,,,,,,TMEM147,,,,,,,,,,,,,,,,,SLC25A1,,,,,,,,,,,,,,,,,,,
,,,,,,,,,,,,,,,,,,,,TMEM163,,,,,,,,,,,,,,,,,SLC25A12,,,,,,,,,,,,,,,,,,,
,,,,,,,,,,,,,,,,,,,,TMEM165,,,,,,,,,,,,,,,,,SLC25A13,,,,,,,,,,,,,,,,,,,
,,,,,,,,,,,,,,,,,,,,TMEM184B,,,,,,,,,,,,,,,,,SLC25A15,,,,,,,,,,,,,,,,,,,
,,,,,,,,,,,,,,,,,,,,TMEM216,,,,,,,,,,,,,,,,,SLC25A19,,,,,,,,,,,,,,,,,,,
,,,,,,,,,,,,,,,,,,,,TMEM218,,,,,,,,,,,,,,,,,SLC25A20,,,,,,,,,,,,,,,,,,,
,,,,,,,,,,,,,,,,,,,,TMEM222,,,,,,,,,,,,,,,,,SLC25A22,,,,,,,,,,,,,,,,,,,
,,,,,,,,,,,,,,,,,,,,TMEM237,,,,,,,,,,,,,,,,,SLC25A24,,,,,,,,,,,,,,,,,,,
,,,,,,,,,,,,,,,,,,,,TMEM240,,,,,,,,,,,,,,,,,SLC25A26,,,,,,,,,,,,,,,,,,,
,,,,,,,,,,,,,,,,,,,,TMEM260,,,,,,,,,,,,,,,,,SLC25A38,,,,,,,,,,,,,,,,,,,
,,,,,,,,,,,,,,,,,,,,TMEM63A,,,,,,,,,,,,,,,,,SLC25A53,,,,,,,,,,,,,,,,,,,
,,,,,,,,,,,,,,,,,,,,TMEM63B,,,,,,,,,,,,,,,,,SLC25A6,,,,,,,,,,,,,,,,,,,
,,,,,,,,,,,,,,,,,,,,TMEM63C,,,,,,,,,,,,,,,,,SLC26A2,,,,,,,,,,,,,,,,,,,
,,,,,,,,,,,,,,,,,,,,TMEM67,,,,,,,,,,,,,,,,,SLC26A9,,,,,,,,,,,,,,,,,,,
,,,,,,,,,,,,,,,,,,,,TMEM70,,,,,,,,,,,,,,,,,SLC27A4,,,,,,,,,,,,,,,,,,,
,,,,,,,,,,,,,,,,,,,,TMEM94,,,,,,,,,,,,,,,,,SLC2A1,,,,,,,,,,,,,,,,,,,
,,,,,,,,,,,,,,,,,,,,TMPRSS6,,,,,,,,,,,,,,,,,SLC2A10,,,,,,,,,,,,,,,,,,,
,,,,,,,,,,,,,,,,,,,,TMTC3,,,,,,,,,,,,,,,,,SLC2A2,,,,,,,,,,,,,,,,,,,
,,,,,,,,,,,,,,,,,,,,TMX2,,,,,,,,,,,,,,,,,SLC30A9,,,,,,,,,,,,,,,,,,,
,,,,,,,,,,,,,,,,,,,,TNFRSF13B,,,,,,,,,,,,,,,,,SLC31A1,,,,,,,,,,,,,,,,,,,
,,,,,,,,,,,,,,,,,,,,TNNT3,,,,,,,,,,,,,,,,,SLC32A1,,,,,,,,,,,,,,,,,,,
,,,,,,,,,,,,,,,,,,,,TNPO2,,,,,,,,,,,,,,,,,SLC33A1,,,,,,,,,,,,,,,,,,,
,,,,,,,,,,,,,,,,,,,,TNRC6B,,,,,,,,,,,,,,,,,SLC35A1,,,,,,,,,,,,,,,,,,,
,,,,,,,,,,,,,,,,,,,,TOE1,,,,,,,,,,,,,,,,,SLC35A2,,,,,,,,,,,,,,,,,,,
,,,,,,,,,,,,,,,,,,,,TOGARAM1,,,,,,,,,,,,,,,,,SLC35A3,,,,,,,,,,,,,,,,,,,
,,,,,,,,,,,,,,,,,,,,TONSL,,,,,,,,,,,,,,,,,SLC35B2,,,,,,,,,,,,,,,,,,,
,,,,,,,,,,,,,,,,,,,,TOP3A,,,,,,,,,,,,,,,,,SLC35C1,,,,,,,,,,,,,,,,,,,
,,,,,,,,,,,,,,,,,,,,TOR1A,,,,,,,,,,,,,,,,,SLC35D1,,,,,,,,,,,,,,,,,,,
,,,,,,,,,,,,,,,,,,,,TP53RK,,,,,,,,,,,,,,,,,SLC35F1,,,,,,,,,,,,,,,,,,,
,,,,,,,,,,,,,,,,,,,,TP63,,,,,,,,,,,,,,,,,SLC38A3,,,,,,,,,,,,,,,,,,,
,,,,,,,,,,,,,,,,,,,,TP73,,,,,,,,,,,,,,,,,SLC39A13,,,,,,,,,,,,,,,,,,,
,,,,,,,,,,,,,,,,,,,,TPM2,,,,,,,,,,,,,,,,,SLC39A14,,,,,,,,,,,,,,,,,,,
,,,,,,,,,,,,,,,,,,,,TPM3,,,,,,,,,,,,,,,,,SLC39A8,,,,,,,,,,,,,,,,,,,
,,,,,,,,,,,,,,,,,,,,TPP1,,,,,,,,,,,,,,,,,SLC45A1,,,,,,,,,,,,,,,,,,,
,,,,,,,,,,,,,,,,,,,,TPP2,,,,,,,,,,,,,,,,,SLC46A1,,,,,,,,,,,,,,,,,,,
,,,,,,,,,,,,,,,,,,,,TPRKB,,,,,,,,,,,,,,,,,SLC4A1,,,,,,,,,,,,,,,,,,,
,,,,,,,,,,,,,,,,,,,,TRA2B,,,,,,,,,,,,,,,,,SLC4A10,,,,,,,,,,,,,,,,,,,
,,,,,,,,,,,,,,,,,,,,TRAF7,,,,,,,,,,,,,,,,,SLC4A11,,,,,,,,,,,,,,,,,,,
,,,,,,,,,,,,,,,,,,,,TRAIP,,,,,,,,,,,,,,,,,SLC4A4,,,,,,,,,,,,,,,,,,,
,,,,,,,,,,,,,,,,,,,,TRAPPC10,,,,,,,,,,,,,,,,,SLC52A3,,,,,,,,,,,,,,,,,,,
,,,,,,,,,,,,,,,,,,,,TRAPPC11,,,,,,,,,,,,,,,,,SLC5A2,,,,,,,,,,,,,,,,,,,
,,,,,,,,,,,,,,,,,,,,TRAPPC12,,,,,,,,,,,,,,,,,SLC5A5,,,,,,,,,,,,,,,,,,,
,,,,,,,,,,,,,,,,,,,,TRAPPC2,,,,,,,,,,,,,,,,,SLC5A6,,,,,,,,,,,,,,,,,,,
,,,,,,,,,,,,,,,,,,,,TRAPPC2L,,,,,,,,,,,,,,,,,SLC5A7,,,,,,,,,,,,,,,,,,,
,,,,,,,,,,,,,,,,,,,,TRAPPC4,,,,,,,,,,,,,,,,,SLC6A1,,,,,,,,,,,,,,,,,,,
,,,,,,,,,,,,,,,,,,,,TRAPPC6B,,,,,,,,,,,,,,,,,SLC6A17,,,,,,,,,,,,,,,,,,,
,,,,,,,,,,,,,,,,,,,,TRAPPC9,,,,,,,,,,,,,,,,,SLC6A19,,,,,,,,,,,,,,,,,,,
,,,,,,,,,,,,,,,,,,,,TREX1,,,,,,,,,,,,,,,,,SLC6A3,,,,,,,,,,,,,,,,,,,
,,,,,,,,,,,,,,,,,,,,TRIM32,,,,,,,,,,,,,,,,,SLC6A4,,,,,,,,,,,,,,,,,,,
,,,,,,,,,,,,,,,,,,,,TRIM37,,,,,,,,,,,,,,,,,SLC6A5,,,,,,,,,,,,,,,,,,,
,,,,,,,,,,,,,,,,,,,,TRIM71,,,,,,,,,,,,,,,,,SLC6A8,,,,,,,,,,,,,,,,,,,
,,,,,,,,,,,,,,,,,,,,TRIM8,,,,,,,,,,,,,,,,,SLC6A9,,,,,,,,,,,,,,,,,,,
,,,,,,,,,,,,,,,,,,,,TRIO,,,,,,,,,,,,,,,,,SLC7A7,,,,,,,,,,,,,,,,,,,
,,,,,,,,,,,,,,,,,,,,TRIP11,,,,,,,,,,,,,,,,,SLC9A6,,,,,,,,,,,,,,,,,,,
,,,,,,,,,,,,,,,,,,,,TRIP12,,,,,,,,,,,,,,,,,SLC9A7,,,,,,,,,,,,,,,,,,,
,,,,,,,,,,,,,,,,,,,,TRIP13,,,,,,,,,,,,,,,,,SLC9A9,,,,,,,,,,,,,,,,,,,
,,,,,,,,,,,,,,,,,,,,TRIP4,,,,,,,,,,,,,,,,,SLITRK2,,,,,,,,,,,,,,,,,,,
,,,,,,,,,,,,,,,,,,,,TRIT1,,,,,,,,,,,,,,,,,SLX4,,,,,,,,,,,,,,,,,,,
,,,,,,,,,,,,,,,,,,,,TRMT1,,,,,,,,,,,,,,,,,SMAD3,,,,,,,,,,,,,,,,,,,
,,,,,,,,,,,,,,,,,,,,TRMT10A,,,,,,,,,,,,,,,,,SMAD4,,,,,,,,,,,,,,,,,,,
,,,,,,,,,,,,,,,,,,,,TRMT10C,,,,,,,,,,,,,,,,,SMARCA1,,,,,,,,,,,,,,,,,,,
,,,,,,,,,,,,,,,,,,,,TRNT1,,,,,,,,,,,,,,,,,SMARCA2,,,,,,,,,,,,,,,,,,,
,,,,,,,,,,,,,,,,,,,,TRPC5,,,,,,,,,,,,,,,,,SMARCA4,,,,,,,,,,,,,,,,,,,
,,,,,,,,,,,,,,,,,,,,TRPM1,,,,,,,,,,,,,,,,,SMARCA5,,,,,,,,,,,,,,,,,,,
,,,,,,,,,,,,,,,,,,,,TRPM3,,,,,,,,,,,,,,,,,SMARCAL1,,,,,,,,,,,,,,,,,,,
,,,,,,,,,,,,,,,,,,,,TRPS1,,,,,,,,,,,,,,,,,SMARCB1,,,,,,,,,,,,,,,,,,,
,,,,,,,,,,,,,,,,,,,,TRPV3,,,,,,,,,,,,,,,,,SMARCC1,,,,,,,,,,,,,,,,,,,
,,,,,,,,,,,,,,,,,,,,TRPV4,,,,,,,,,,,,,,,,,SMARCC2,,,,,,,,,,,,,,,,,,,
,,,,,,,,,,,,,,,,,,,,TRPV6,,,,,,,,,,,,,,,,,SMARCD1,,,,,,,,,,,,,,,,,,,
,,,,,,,,,,,,,,,,,,,,TRRAP,,,,,,,,,,,,,,,,,SMARCD2,,,,,,,,,,,,,,,,,,,
,,,,,,,,,,,,,,,,,,,,TSC1,,,,,,,,,,,,,,,,,SMARCD3,,,,,,,,,,,,,,,,,,,
,,,,,,,,,,,,,,,,,,,,TSC2,,,,,,,,,,,,,,,,,SMARCE1,,,,,,,,,,,,,,,,,,,
,,,,,,,,,,,,,,,,,,,,TSEN15,,,,,,,,,,,,,,,,,SMC1A,,,,,,,,,,,,,,,,,,,
,,,,,,,,,,,,,,,,,,,,TSEN2,,,,,,,,,,,,,,,,,SMC3,,,,,,,,,,,,,,,,,,,
,,,,,,,,,,,,,,,,,,,,TSEN34,,,,,,,,,,,,,,,,,SMCHD1,,,,,,,,,,,,,,,,,,,
,,,,,,,,,,,,,,,,,,,,TSEN54,,,,,,,,,,,,,,,,,SMG8,,,,,,,,,,,,,,,,,,,
,,,,,,,,,,,,,,,,,,,,TSHB,,,,,,,,,,,,,,,,,SMG9,,,,,,,,,,,,,,,,,,,
,,,,,,,,,,,,,,,,,,,,TSHR,,,,,,,,,,,,,,,,,SMO,,,,,,,,,,,,,,,,,,,
,,,,,,,,,,,,,,,,,,,,TSHZ1,,,,,,,,,,,,,,,,,SMOC1,,,,,,,,,,,,,,,,,,,
,,,,,,,,,,,,,,,,,,,,TSPAN7,,,,,,,,,,,,,,,,,SMPD1,,,,,,,,,,,,,,,,,,,
,,,,,,,,,,,,,,,,,,,,TSPEAR,,,,,,,,,,,,,,,,,SMPD4,,,,,,,,,,,,,,,,,,,
,,,,,,,,,,,,,,,,,,,,TTC12,,,,,,,,,,,,,,,,,SMS,,,,,,,,,,,,,,,,,,,
,,,,,,,,,,,,,,,,,,,,TTC19,,,,,,,,,,,,,,,,,SNAP25,,,,,,,,,,,,,,,,,,,
,,,,,,,,,,,,,,,,,,,,TTC5,,,,,,,,,,,,,,,,,SNAP29,,,,,,,,,,,,,,,,,,,
,,,,,,,,,,,,,,,,,,,,TTC7A,,,,,,,,,,,,,,,,,SNCA,,,,,,,,,,,,,,,,,,,
,,,,,,,,,,,,,,,,,,,,TTC8,,,,,,,,,,,,,,,,,SNF8,,,,,,,,,,,,,,,,,,,
,,,,,,,,,,,,,,,,,,,,TTI1,,,,,,,,,,,,,,,,,SNIP1,,,,,,,,,,,,,,,,,,,
,,,,,,,,,,,,,,,,,,,,TTI2,,,,,,,,,,,,,,,,,SNORD118,,,,,,,,,,,,,,,,,,,
,,,,,,,,,,,,,,,,,,,,TTN,,,,,,,,,,,,,,,,,SNRPB,,,,,,,,,,,,,,,,,,,
,,,,,,,,,,,,,,,,,,,,TUBA1A,,,,,,,,,,,,,,,,,SNTG1,,,,,,,,,,,,,,,,,,,
,,,,,,,,,,,,,,,,,,,,TUBA8,,,,,,,,,,,,,,,,,SNW1,,,,,,,,,,,,,,,,,,,
,,,,,,,,,,,,,,,,,,,,TUBB,,,,,,,,,,,,,,,,,SNX14,,,,,,,,,,,,,,,,,,,
,,,,,,,,,,,,,,,,,,,,TUBB2A,,,,,,,,,,,,,,,,,SNX27,,,,,,,,,,,,,,,,,,,
,,,,,,,,,,,,,,,,,,,,TUBB2B,,,,,,,,,,,,,,,,,SNX3,,,,,,,,,,,,,,,,,,,
,,,,,,,,,,,,,,,,,,,,TUBB3,,,,,,,,,,,,,,,,,SOBP,,,,,,,,,,,,,,,,,,,
,,,,,,,,,,,,,,,,,,,,TUBB4A,,,,,,,,,,,,,,,,,SOD1,,,,,,,,,,,,,,,,,,,
,,,,,,,,,,,,,,,,,,,,TUBG1,,,,,,,,,,,,,,,,,SON,,,,,,,,,,,,,,,,,,,
,,,,,,,,,,,,,,,,,,,,TUBGCP2,,,,,,,,,,,,,,,,,SOS1,,,,,,,,,,,,,,,,,,,
,,,,,,,,,,,,,,,,,,,,TUBGCP4,,,,,,,,,,,,,,,,,SOS2,,,,,,,,,,,,,,,,,,,
,,,,,,,,,,,,,,,,,,,,TUBGCP6,,,,,,,,,,,,,,,,,SOX10,,,,,,,,,,,,,,,,,,,
,,,,,,,,,,,,,,,,,,,,TUFM,,,,,,,,,,,,,,,,,SOX11,,,,,,,,,,,,,,,,,,,
,,,,,,,,,,,,,,,,,,,,TUSC3,,,,,,,,,,,,,,,,,SOX17,,,,,,,,,,,,,,,,,,,
,,,,,,,,,,,,,,,,,,,,TWIST1,,,,,,,,,,,,,,,,,SOX2,,,,,,,,,,,,,,,,,,,
,,,,,,,,,,,,,,,,,,,,TWIST2,,,,,,,,,,,,,,,,,SOX3,,,,,,,,,,,,,,,,,,,
,,,,,,,,,,,,,,,,,,,,TXNL4A,,,,,,,,,,,,,,,,,SOX4,,,,,,,,,,,,,,,,,,,
,,,,,,,,,,,,,,,,,,,,TYR,,,,,,,,,,,,,,,,,SOX5,,,,,,,,,,,,,,,,,,,
,,,,,,,,,,,,,,,,,,,,TYRP1,,,,,,,,,,,,,,,,,SOX6,,,,,,,,,,,,,,,,,,,
,,,,,,,,,,,,,,,,,,,,U2AF2,,,,,,,,,,,,,,,,,SOX9,,,,,,,,,,,,,,,,,,,
,,,,,,,,,,,,,,,,,,,,UBA2,,,,,,,,,,,,,,,,,SP9,,,,,,,,,,,,,,,,,,,
,,,,,,,,,,,,,,,,,,,,UBA5,,,,,,,,,,,,,,,,,SPAG1,,,,,,,,,,,,,,,,,,,
,,,,,,,,,,,,,,,,,,,,UBAP2L,,,,,,,,,,,,,,,,,SPART,,,,,,,,,,,,,,,,,,,
,,,,,,,,,,,,,,,,,,,,UBE2A,,,,,,,,,,,,,,,,,SPAST,,,,,,,,,,,,,,,,,,,
,,,,,,,,,,,,,,,,,,,,UBE2T,,,,,,,,,,,,,,,,,SPATA5,,,,,,,,,,,,,,,,,,,
,,,,,,,,,,,,,,,,,,,,UBE3A,,,,,,,,,,,,,,,,,SPATA5L1,,,,,,,,,,,,,,,,,,,
,,,,,,,,,,,,,,,,,,,,UBE3B,,,,,,,,,,,,,,,,,SPECC1L,,,,,,,,,,,,,,,,,,,
,,,,,,,,,,,,,,,,,,,,UBE3C,,,,,,,,,,,,,,,,,SPEG,,,,,,,,,,,,,,,,,,,
,,,,,,,,,,,,,,,,,,,,UBE4A,,,,,,,,,,,,,,,,,SPEN,,,,,,,,,,,,,,,,,,,
,,,,,,,,,,,,,,,,,,,,UBR1,,,,,,,,,,,,,,,,,SPG11,,,,,,,,,,,,,,,,,,,
,,,,,,,,,,,,,,,,,,,,UBR5,,,,,,,,,,,,,,,,,SPG21,,,,,,,,,,,,,,,,,,,
,,,,,,,,,,,,,,,,,,,,UBR7,,,,,,,,,,,,,,,,,SPG7,,,,,,,,,,,,,,,,,,,
,,,,,,,,,,,,,,,,,,,,UBTF,,,,,,,,,,,,,,,,,SPOP,,,,,,,,,,,,,,,,,,,
,,,,,,,,,,,,,,,,,,,,UFC1,,,,,,,,,,,,,,,,,SPOUT1,,,,,,,,,,,,,,,,,,,
,,,,,,,,,,,,,,,,,,,,UFM1,,,,,,,,,,,,,,,,,SPR,,,,,,,,,,,,,,,,,,,
,,,,,,,,,,,,,,,,,,,,UFSP2,,,,,,,,,,,,,,,,,SPRED1,,,,,,,,,,,,,,,,,,,
,,,,,,,,,,,,,,,,,,,,UGGT1,,,,,,,,,,,,,,,,,SPRED2,,,,,,,,,,,,,,,,,,,
,,,,,,,,,,,,,,,,,,,,UGP2,,,,,,,,,,,,,,,,,SPRTN,,,,,,,,,,,,,,,,,,,
,,,,,,,,,,,,,,,,,,,,UGT1A1,,,,,,,,,,,,,,,,,SPRY3,,,,,,,,,,,,,,,,,,,
,,,,,,,,,,,,,,,,,,,,UHRF1,,,,,,,,,,,,,,,,,SPTAN1,,,,,,,,,,,,,,,,,,,
,,,,,,,,,,,,,,,,,,,,UMPS,,,,,,,,,,,,,,,,,SPTBN1,,,,,,,,,,,,,,,,,,,
,,,,,,,,,,,,,,,,,,,,UNC13A,,,,,,,,,,,,,,,,,SPTBN2,,,,,,,,,,,,,,,,,,,
,,,,,,,,,,,,,,,,,,,,UNC45A,,,,,,,,,,,,,,,,,SPTBN4,,,,,,,,,,,,,,,,,,,
,,,,,,,,,,,,,,,,,,,,UNC45B,,,,,,,,,,,,,,,,,SPTLC1,,,,,,,,,,,,,,,,,,,
,,,,,,,,,,,,,,,,,,,,UNC79,,,,,,,,,,,,,,,,,SPTLC2,,,,,,,,,,,,,,,,,,,
,,,,,,,,,,,,,,,,,,,,UNC80,,,,,,,,,,,,,,,,,SRCAP,,,,,,,,,,,,,,,,,,,
,,,,,,,,,,,,,,,,,,,,UPF1,,,,,,,,,,,,,,,,,SRD5A3,,,,,,,,,,,,,,,,,,,
,,,,,,,,,,,,,,,,,,,,UPF3B,,,,,,,,,,,,,,,,,SREBF2,,,,,,,,,,,,,,,,,,,
,,,,,,,,,,,,,,,,,,,,UQCRB,,,,,,,,,,,,,,,,,SRGAP3,,,,,,,,,,,,,,,,,,,
,,,,,,,,,,,,,,,,,,,,UQCRFS1,,,,,,,,,,,,,,,,,SRP54,,,,,,,,,,,,,,,,,,,
,,,,,,,,,,,,,,,,,,,,UQCRQ,,,,,,,,,,,,,,,,,SRPK3,,,,,,,,,,,,,,,,,,,
,,,,,,,,,,,,,,,,,,,,UROC1,,,,,,,,,,,,,,,,,SRPX2,,,,,,,,,,,,,,,,,,,
,,,,,,,,,,,,,,,,,,,,UROS,,,,,,,,,,,,,,,,,SRRM2,,,,,,,,,,,,,,,,,,,
,,,,,,,,,,,,,,,,,,,,USB1,,,,,,,,,,,,,,,,,SRSF1,,,,,,,,,,,,,,,,,,,
,,,,,,,,,,,,,,,,,,,,USP14,,,,,,,,,,,,,,,,,SRY,,,,,,,,,,,,,,,,,,,
,,,,,,,,,,,,,,,,,,,,USP18,,,,,,,,,,,,,,,,,SSR4,,,,,,,,,,,,,,,,,,,
,,,,,,,,,,,,,,,,,,,,USP27X,,,,,,,,,,,,,,,,,ST3GAL3,,,,,,,,,,,,,,,,,,,
,,,,,,,,,,,,,,,,,,,,USP7,,,,,,,,,,,,,,,,,ST3GAL5,,,,,,,,,,,,,,,,,,,
,,,,,,,,,,,,,,,,,,,,USP9X,,,,,,,,,,,,,,,,,STAB2,,,,,,,,,,,,,,,,,,,
,,,,,,,,,,,,,,,,,,,,UTP4,,,,,,,,,,,,,,,,,STAG1,,,,,,,,,,,,,,,,,,,
,,,,,,,,,,,,,,,,,,,,UVSSA,,,,,,,,,,,,,,,,,STAG2,,,,,,,,,,,,,,,,,,,
,,,,,,,,,,,,,,,,,,,,VAC14,,,,,,,,,,,,,,,,,STAMBP,,,,,,,,,,,,,,,,,,,
,,,,,,,,,,,,,,,,,,,,VAMP2,,,,,,,,,,,,,,,,,STAR,,,,,,,,,,,,,,,,,,,
,,,,,,,,,,,,,,,,,,,,VANGL1,,,,,,,,,,,,,,,,,STARD8,,,,,,,,,,,,,,,,,,,
,,,,,,,,,,,,,,,,,,,,VCP,,,,,,,,,,,,,,,,,STAT1,,,,,,,,,,,,,,,,,,,
,,,,,,,,,,,,,,,,,,,,VDR,,,,,,,,,,,,,,,,,STAT5B,,,,,,,,,,,,,,,,,,,
,,,,,,,,,,,,,,,,,,,,VIP,,,,,,,,,,,,,,,,,STIL,,,,,,,,,,,,,,,,,,,
,,,,,,,,,,,,,,,,,,,,VIPAS39,,,,,,,,,,,,,,,,,STRA6,,,,,,,,,,,,,,,,,,,
,,,,,,,,,,,,,,,,,,,,VLDLR,,,,,,,,,,,,,,,,,STRADA,,,,,,,,,,,,,,,,,,,
,,,,,,,,,,,,,,,,,,,,VMA12,,,,,,,,,,,,,,,,,STS,,,,,,,,,,,,,,,,,,,
,,,,,,,,,,,,,,,,,,,,VMA22,,,,,,,,,,,,,,,,,STT3A,,,,,,,,,,,,,,,,,,,
,,,,,,,,,,,,,,,,,,,,VPS13B,,,,,,,,,,,,,,,,,STT3B,,,,,,,,,,,,,,,,,,,
,,,,,,,,,,,,,,,,,,,,VPS33B,,,,,,,,,,,,,,,,,STUB1,,,,,,,,,,,,,,,,,,,
,,,,,,,,,,,,,,,,,,,,VPS4A,,,,,,,,,,,,,,,,,STX11,,,,,,,,,,,,,,,,,,,
,,,,,,,,,,,,,,,,,,,,VPS53,,,,,,,,,,,,,,,,,STX1A,,,,,,,,,,,,,,,,,,,
,,,,,,,,,,,,,,,,,,,,VRK1,,,,,,,,,,,,,,,,,STX1B,,,,,,,,,,,,,,,,,,,
,,,,,,,,,,,,,,,,,,,,VSX2,,,,,,,,,,,,,,,,,STX3,,,,,,,,,,,,,,,,,,,
,,,,,,,,,,,,,,,,,,,,WAC,,,,,,,,,,,,,,,,,STXBP1,,,,,,,,,,,,,,,,,,,
,,,,,,,,,,,,,,,,,,,,WARS1,,,,,,,,,,,,,,,,,SUCLA2,,,,,,,,,,,,,,,,,,,
,,,,,,,,,,,,,,,,,,,,WASF1,,,,,,,,,,,,,,,,,SUCLG1,,,,,,,,,,,,,,,,,,,
,,,,,,,,,,,,,,,,,,,,WASHC5,,,,,,,,,,,,,,,,,SUFU,,,,,,,,,,,,,,,,,,,
,,,,,,,,,,,,,,,,,,,,WBP4,,,,,,,,,,,,,,,,,SUMF1,,,,,,,,,,,,,,,,,,,
,,,,,,,,,,,,,,,,,,,,WDFY3,,,,,,,,,,,,,,,,,SUOX,,,,,,,,,,,,,,,,,,,
,,,,,,,,,,,,,,,,,,,,WDPCP,,,,,,,,,,,,,,,,,SUPT16H,,,,,,,,,,,,,,,,,,,
,,,,,,,,,,,,,,,,,,,,WDR11,,,,,,,,,,,,,,,,,SUPV3L1,,,,,,,,,,,,,,,,,,,
,,,,,,,,,,,,,,,,,,,,WDR19,,,,,,,,,,,,,,,,,SURF1,,,,,,,,,,,,,,,,,,,
,,,,,,,,,,,,,,,,,,,,WDR26,,,,,,,,,,,,,,,,,SUZ12,,,,,,,,,,,,,,,,,,,
,,,,,,,,,,,,,,,,,,,,WDR35,,,,,,,,,,,,,,,,,SVBP,,,,,,,,,,,,,,,,,,,
,,,,,,,,,,,,,,,,,,,,WDR37,,,,,,,,,,,,,,,,,SYN1,,,,,,,,,,,,,,,,,,,
,,,,,,,,,,,,,,,,,,,,WDR4,,,,,,,,,,,,,,,,,SYNCRIP,,,,,,,,,,,,,,,,,,,
,,,,,,,,,,,,,,,,,,,,WDR44,,,,,,,,,,,,,,,,,SYNE1,,,,,,,,,,,,,,,,,,,
,,,,,,,,,,,,,,,,,,,,WDR45,,,,,,,,,,,,,,,,,SYNE2,,,,,,,,,,,,,,,,,,,
,,,,,,,,,,,,,,,,,,,,WDR45B,,,,,,,,,,,,,,,,,SYNGAP1,,,,,,,,,,,,,,,,,,,
,,,,,,,,,,,,,,,,,,,,WDR5,,,,,,,,,,,,,,,,,SYNJ1,,,,,,,,,,,,,,,,,,,
,,,,,,,,,,,,,,,,,,,,WDR62,,,,,,,,,,,,,,,,,SYP,,,,,,,,,,,,,,,,,,,
,,,,,,,,,,,,,,,,,,,,WDR73,,,,,,,,,,,,,,,,,SYT1,,,,,,,,,,,,,,,,,,,
,,,,,,,,,,,,,,,,,,,,WDR81,,,,,,,,,,,,,,,,,SYT14,,,,,,,,,,,,,,,,,,,
,,,,,,,,,,,,,,,,,,,,WDR83OS,,,,,,,,,,,,,,,,,SYTL4,,,,,,,,,,,,,,,,,,,
,,,,,,,,,,,,,,,,,,,,WFS1,,,,,,,,,,,,,,,,,SYTL5,,,,,,,,,,,,,,,,,,,
,,,,,,,,,,,,,,,,,,,,WIPI2,,,,,,,,,,,,,,,,,SZT2,,,,,,,,,,,,,,,,,,,
,,,,,,,,,,,,,,,,,,,,WNK3,,,,,,,,,,,,,,,,,TAB2,,,,,,,,,,,,,,,,,,,
,,,,,,,,,,,,,,,,,,,,WNT1,,,,,,,,,,,,,,,,,TACO1,,,,,,,,,,,,,,,,,,,
,,,,,,,,,,,,,,,,,,,,WNT10B,,,,,,,,,,,,,,,,,TAF1,,,,,,,,,,,,,,,,,,,
,,,,,,,,,,,,,,,,,,,,WNT3,,,,,,,,,,,,,,,,,TAF13,,,,,,,,,,,,,,,,,,,
,,,,,,,,,,,,,,,,,,,,WNT4,,,,,,,,,,,,,,,,,TAF1C,,,,,,,,,,,,,,,,,,,
,,,,,,,,,,,,,,,,,,,,WNT5A,,,,,,,,,,,,,,,,,TAF2,,,,,,,,,,,,,,,,,,,
,,,,,,,,,,,,,,,,,,,,WNT7A,,,,,,,,,,,,,,,,,TAF4,,,,,,,,,,,,,,,,,,,
,,,,,,,,,,,,,,,,,,,,WNT7B,,,,,,,,,,,,,,,,,TAF6,,,,,,,,,,,,,,,,,,,
,,,,,,,,,,,,,,,,,,,,WRAP53,,,,,,,,,,,,,,,,,TAF7L,,,,,,,,,,,,,,,,,,,
,,,,,,,,,,,,,,,,,,,,WT1,,,,,,,,,,,,,,,,,TAF8,,,,,,,,,,,,,,,,,,,
,,,,,,,,,,,,,,,,,,,,WWOX,,,,,,,,,,,,,,,,,TANC2,,,,,,,,,,,,,,,,,,,
,,,,,,,,,,,,,,,,,,,,XPA,,,,,,,,,,,,,,,,,TANGO2,,,,,,,,,,,,,,,,,,,
,,,,,,,,,,,,,,,,,,,,XPC,,,,,,,,,,,,,,,,,TAOK1,,,,,,,,,,,,,,,,,,,
,,,,,,,,,,,,,,,,,,,,XPNPEP3,,,,,,,,,,,,,,,,,TAOK2,,,,,,,,,,,,,,,,,,,
,,,,,,,,,,,,,,,,,,,,XPO1,,,,,,,,,,,,,,,,,TARDBP,,,,,,,,,,,,,,,,,,,
,,,,,,,,,,,,,,,,,,,,XRCC4,,,,,,,,,,,,,,,,,TARS2,,,,,,,,,,,,,,,,,,,
,,,,,,,,,,,,,,,,,,,,XYLT1,,,,,,,,,,,,,,,,,TASP1,,,,,,,,,,,,,,,,,,,
,,,,,,,,,,,,,,,,,,,,XYLT2,,,,,,,,,,,,,,,,,TAT,,,,,,,,,,,,,,,,,,,
,,,,,,,,,,,,,,,,,,,,YAP1,,,,,,,,,,,,,,,,,TAZ,,,,,,,,,,,,,,,,,,,
,,,,,,,,,,,,,,,,,,,,YARS2,,,,,,,,,,,,,,,,,TBC1D20,,,,,,,,,,,,,,,,,,,
,,,,,,,,,,,,,,,,,,,,YRDC,,,,,,,,,,,,,,,,,TBC1D23,,,,,,,,,,,,,,,,,,,
,,,,,,,,,,,,,,,,,,,,YWHAE,,,,,,,,,,,,,,,,,TBC1D24,,,,,,,,,,,,,,,,,,,
,,,,,,,,,,,,,,,,,,,,YWHAG,,,,,,,,,,,,,,,,,TBC1D2B,,,,,,,,,,,,,,,,,,,
,,,,,,,,,,,,,,,,,,,,YWHAZ,,,,,,,,,,,,,,,,,TBC1D7,,,,,,,,,,,,,,,,,,,
,,,,,,,,,,,,,,,,,,,,YY1,,,,,,,,,,,,,,,,,TBC1D8B,,,,,,,,,,,,,,,,,,,
,,,,,,,,,,,,,,,,,,,,ZBTB11,,,,,,,,,,,,,,,,,TBCD,,,,,,,,,,,,,,,,,,,
,,,,,,,,,,,,,,,,,,,,ZBTB16,,,,,,,,,,,,,,,,,TBCE,,,,,,,,,,,,,,,,,,,
,,,,,,,,,,,,,,,,,,,,ZBTB18,,,,,,,,,,,,,,,,,TBCK,,,,,,,,,,,,,,,,,,,
,,,,,,,,,,,,,,,,,,,,ZBTB20,,,,,,,,,,,,,,,,,TBL1XR1,,,,,,,,,,,,,,,,,,,
,,,,,,,,,,,,,,,,,,,,ZBTB40,,,,,,,,,,,,,,,,,TBP,,,,,,,,,,,,,,,,,,,
,,,,,,,,,,,,,,,,,,,,ZBTB47,,,,,,,,,,,,,,,,,TBR1,,,,,,,,,,,,,,,,,,,
,,,,,,,,,,,,,,,,,,,,ZBTB7A,,,,,,,,,,,,,,,,,TBX1,,,,,,,,,,,,,,,,,,,
,,,,,,,,,,,,,,,,,,,,ZC4H2,,,,,,,,,,,,,,,,,TBX15,,,,,,,,,,,,,,,,,,,
,,,,,,,,,,,,,,,,,,,,ZCCHC8,,,,,,,,,,,,,,,,,TBX20,,,,,,,,,,,,,,,,,,,
,,,,,,,,,,,,,,,,,,,,ZDHHC15,,,,,,,,,,,,,,,,,TBX22,,,,,,,,,,,,,,,,,,,
,,,,,,,,,,,,,,,,,,,,ZDHHC9,,,,,,,,,,,,,,,,,TBX3,,,,,,,,,,,,,,,,,,,
,,,,,,,,,,,,,,,,,,,,ZEB1,,,,,,,,,,,,,,,,,TBX4,,,,,,,,,,,,,,,,,,,
,,,,,,,,,,,,,,,,,,,,ZEB2,,,,,,,,,,,,,,,,,TBX5,,,,,,,,,,,,,,,,,,,
,,,,,,,,,,,,,,,,,,,,ZFHX3,,,,,,,,,,,,,,,,,TBXAS1,,,,,,,,,,,,,,,,,,,
,,,,,,,,,,,,,,,,,,,,ZFHX4,,,,,,,,,,,,,,,,,TCEAL1,,,,,,,,,,,,,,,,,,,
,,,,,,,,,,,,,,,,,,,,ZFP57,,,,,,,,,,,,,,,,,TCEAL3,,,,,,,,,,,,,,,,,,,
,,,,,,,,,,,,,,,,,,,,ZFPM2,,,,,,,,,,,,,,,,,TCF12,,,,,,,,,,,,,,,,,,,
,,,,,,,,,,,,,,,,,,,,ZFTRAF1,,,,,,,,,,,,,,,,,TCF20,,,,,,,,,,,,,,,,,,,
,,,,,,,,,,,,,,,,,,,,ZFX,,,,,,,,,,,,,,,,,TCF4,,,,,,,,,,,,,,,,,,,
,,,,,,,,,,,,,,,,,,,,ZFYVE19,,,,,,,,,,,,,,,,,TCF7L2,,,,,,,,,,,,,,,,,,,
,,,,,,,,,,,,,,,,,,,,ZFYVE26,,,,,,,,,,,,,,,,,TCN2,,,,,,,,,,,,,,,,,,,
,,,,,,,,,,,,,,,,,,,,ZIC1,,,,,,,,,,,,,,,,,TCOF1,,,,,,,,,,,,,,,,,,,
,,,,,,,,,,,,,,,,,,,,ZIC2,,,,,,,,,,,,,,,,,TCP1,,,,,,,,,,,,,,,,,,,
,,,,,,,,,,,,,,,,,,,,ZIC3,,,,,,,,,,,,,,,,,TCP10L2,,,,,,,,,,,,,,,,,,,
,,,,,,,,,,,,,,,,,,,,ZMIZ1,,,,,,,,,,,,,,,,,TCTN1,,,,,,,,,,,,,,,,,,,
,,,,,,,,,,,,,,,,,,,,ZMPSTE24,,,,,,,,,,,,,,,,,TCTN2,,,,,,,,,,,,,,,,,,,
,,,,,,,,,,,,,,,,,,,,ZMYM2,,,,,,,,,,,,,,,,,TCTN3,,,,,,,,,,,,,,,,,,,
,,,,,,,,,,,,,,,,,,,,ZMYM3,,,,,,,,,,,,,,,,,TDP1,,,,,,,,,,,,,,,,,,,
,,,,,,,,,,,,,,,,,,,,ZMYM6,,,,,,,,,,,,,,,,,TDP2,,,,,,,,,,,,,,,,,,,
,,,,,,,,,,,,,,,,,,,,ZMYND10,,,,,,,,,,,,,,,,,TECPR2,,,,,,,,,,,,,,,,,,,
,,,,,,,,,,,,,,,,,,,,ZMYND11,,,,,,,,,,,,,,,,,TECR,,,,,,,,,,,,,,,,,,,
,,,,,,,,,,,,,,,,,,,,ZMYND8,,,,,,,,,,,,,,,,,TEFM,,,,,,,,,,,,,,,,,,,
,,,,,,,,,,,,,,,,,,,,ZNF142,,,,,,,,,,,,,,,,,TEK,,,,,,,,,,,,,,,,,,,
,,,,,,,,,,,,,,,,,,,,ZNF148,,,,,,,,,,,,,,,,,TELO2,,,,,,,,,,,,,,,,,,,
,,,,,,,,,,,,,,,,,,,,ZNF292,,,,,,,,,,,,,,,,,TENM1,,,,,,,,,,,,,,,,,,,
,,,,,,,,,,,,,,,,,,,,ZNF335,,,,,,,,,,,,,,,,,TENM3,,,,,,,,,,,,,,,,,,,
,,,,,,,,,,,,,,,,,,,,ZNF407,,,,,,,,,,,,,,,,,TEPSIN,,,,,,,,,,,,,,,,,,,
,,,,,,,,,,,,,,,,,,,,ZNF462,,,,,,,,,,,,,,,,,TERT,,,,,,,,,,,,,,,,,,,
,,,,,,,,,,,,,,,,,,,,ZNF526,,,,,,,,,,,,,,,,,TET3,,,,,,,,,,,,,,,,,,,
,,,,,,,,,,,,,,,,,,,,ZNF699,,,,,,,,,,,,,,,,,TFAP2A,,,,,,,,,,,,,,,,,,,
,,,,,,,,,,,,,,,,,,,,ZNF711,,,,,,,,,,,,,,,,,TFAP2B,,,,,,,,,,,,,,,,,,,
,,,,,,,,,,,,,,,,,,,,ZNF713,,,,,,,,,,,,,,,,,TFB2M,,,,,,,,,,,,,,,,,,,
,,,,,,,,,,,,,,,,,,,,ZNF750,,,,,,,,,,,,,,,,,TFE3,,,,,,,,,,,,,,,,,,,
,,,,,,,,,,,,,,,,,,,,ZNF808,,,,,,,,,,,,,,,,,TFG,,,,,,,,,,,,,,,,,,,
,,,,,,,,,,,,,,,,,,,,ZNRF3,,,,,,,,,,,,,,,,,TGDS,,,,,,,,,,,,,,,,,,,
,,,,,,,,,,,,,,,,,,,,ZSCAN10,,,,,,,,,,,,,,,,,TGFB1,,,,,,,,,,,,,,,,,,,
,,,,,,,,,,,,,,,,,,,,ZSWIM6,,,,,,,,,,,,,,,,,TGFB2,,,,,,,,,,,,,,,,,,,
,,,,,,,,,,,,,,,,,,,,,,,,,,,,,,,,,,,,,TGFB3,,,,,,,,,,,,,,,,,,,
,,,,,,,,,,,,,,,,,,,,,,,,,,,,,,,,,,,,,TGFBR1,,,,,,,,,,,,,,,,,,,
,,,,,,,,,,,,,,,,,,,,,,,,,,,,,,,,,,,,,TGFBR2,,,,,,,,,,,,,,,,,,,
,,,,,,,,,,,,,,,,,,,,,,,,,,,,,,,,,,,,,TGIF1,,,,,,,,,,,,,,,,,,,
,,,,,,,,,,,,,,,,,,,,,,,,,,,,,,,,,,,,,TGM6,,,,,,,,,,,,,,,,,,,
,,,,,,,,,,,,,,,,,,,,,,,,,,,,,,,,,,,,,TH,,,,,,,,,,,,,,,,,,,
,,,,,,,,,,,,,,,,,,,,,,,,,,,,,,,,,,,,,THAP1,,,,,,,,,,,,,,,,,,,
,,,,,,,,,,,,,,,,,,,,,,,,,,,,,,,,,,,,,THOC2,,,,,,,,,,,,,,,,,,,
,,,,,,,,,,,,,,,,,,,,,,,,,,,,,,,,,,,,,THOC6,,,,,,,,,,,,,,,,,,,
,,,,,,,,,,,,,,,,,,,,,,,,,,,,,,,,,,,,,THRA,,,,,,,,,,,,,,,,,,,
,,,,,,,,,,,,,,,,,,,,,,,,,,,,,,,,,,,,,THRB,,,,,,,,,,,,,,,,,,,
,,,,,,,,,,,,,,,,,,,,,,,,,,,,,,,,,,,,,THUMPD1,,,,,,,,,,,,,,,,,,,
,,,,,,,,,,,,,,,,,,,,,,,,,,,,,,,,,,,,,TIAM1,,,,,,,,,,,,,,,,,,,
,,,,,,,,,,,,,,,,,,,,,,,,,,,,,,,,,,,,,TIMM50,,,,,,,,,,,,,,,,,,,
,,,,,,,,,,,,,,,,,,,,,,,,,,,,,,,,,,,,,TIMM8A,,,,,,,,,,,,,,,,,,,
,,,,,,,,,,,,,,,,,,,,,,,,,,,,,,,,,,,,,TINF2,,,,,,,,,,,,,,,,,,,
,,,,,,,,,,,,,,,,,,,,,,,,,,,,,,,,,,,,,TK2,,,,,,,,,,,,,,,,,,,
,,,,,,,,,,,,,,,,,,,,,,,,,,,,,,,,,,,,,TKFC,,,,,,,,,,,,,,,,,,,
,,,,,,,,,,,,,,,,,,,,,,,,,,,,,,,,,,,,,TKT,,,,,,,,,,,,,,,,,,,
,,,,,,,,,,,,,,,,,,,,,,,,,,,,,,,,,,,,,TKTL1,,,,,,,,,,,,,,,,,,,
,,,,,,,,,,,,,,,,,,,,,,,,,,,,,,,,,,,,,TLK2,,,,,,,,,,,,,,,,,,,
,,,,,,,,,,,,,,,,,,,,,,,,,,,,,,,,,,,,,TLR8,,,,,,,,,,,,,,,,,,,
,,,,,,,,,,,,,,,,,,,,,,,,,,,,,,,,,,,,,TM2D3,,,,,,,,,,,,,,,,,,,
,,,,,,,,,,,,,,,,,,,,,,,,,,,,,,,,,,,,,TM4SF20,,,,,,,,,,,,,,,,,,,
,,,,,,,,,,,,,,,,,,,,,,,,,,,,,,,,,,,,,TMCO1,,,,,,,,,,,,,,,,,,,
,,,,,,,,,,,,,,,,,,,,,,,,,,,,,,,,,,,,,TMEM106B,,,,,,,,,,,,,,,,,,,
,,,,,,,,,,,,,,,,,,,,,,,,,,,,,,,,,,,,,TMEM126B,,,,,,,,,,,,,,,,,,,
,,,,,,,,,,,,,,,,,,,,,,,,,,,,,,,,,,,,,TMEM132E,,,,,,,,,,,,,,,,,,,
,,,,,,,,,,,,,,,,,,,,,,,,,,,,,,,,,,,,,TMEM135,,,,,,,,,,,,,,,,,,,
,,,,,,,,,,,,,,,,,,,,,,,,,,,,,,,,,,,,,TMEM147,,,,,,,,,,,,,,,,,,,
,,,,,,,,,,,,,,,,,,,,,,,,,,,,,,,,,,,,,TMEM165,,,,,,,,,,,,,,,,,,,
,,,,,,,,,,,,,,,,,,,,,,,,,,,,,,,,,,,,,TMEM216,,,,,,,,,,,,,,,,,,,
,,,,,,,,,,,,,,,,,,,,,,,,,,,,,,,,,,,,,TMEM222,,,,,,,,,,,,,,,,,,,
,,,,,,,,,,,,,,,,,,,,,,,,,,,,,,,,,,,,,TMEM231,,,,,,,,,,,,,,,,,,,
,,,,,,,,,,,,,,,,,,,,,,,,,,,,,,,,,,,,,TMEM237,,,,,,,,,,,,,,,,,,,
,,,,,,,,,,,,,,,,,,,,,,,,,,,,,,,,,,,,,TMEM240,,,,,,,,,,,,,,,,,,,
,,,,,,,,,,,,,,,,,,,,,,,,,,,,,,,,,,,,,TMEM260,,,,,,,,,,,,,,,,,,,
,,,,,,,,,,,,,,,,,,,,,,,,,,,,,,,,,,,,,TMEM5,,,,,,,,,,,,,,,,,,,
,,,,,,,,,,,,,,,,,,,,,,,,,,,,,,,,,,,,,TMEM63B,,,,,,,,,,,,,,,,,,,
,,,,,,,,,,,,,,,,,,,,,,,,,,,,,,,,,,,,,TMEM63C,,,,,,,,,,,,,,,,,,,
,,,,,,,,,,,,,,,,,,,,,,,,,,,,,,,,,,,,,TMEM67,,,,,,,,,,,,,,,,,,,
,,,,,,,,,,,,,,,,,,,,,,,,,,,,,,,,,,,,,TMEM70,,,,,,,,,,,,,,,,,,,
,,,,,,,,,,,,,,,,,,,,,,,,,,,,,,,,,,,,,TMEM94,,,,,,,,,,,,,,,,,,,
,,,,,,,,,,,,,,,,,,,,,,,,,,,,,,,,,,,,,TMLHE,,,,,,,,,,,,,,,,,,,
,,,,,,,,,,,,,,,,,,,,,,,,,,,,,,,,,,,,,TMPRSS6,,,,,,,,,,,,,,,,,,,
,,,,,,,,,,,,,,,,,,,,,,,,,,,,,,,,,,,,,TMPRSS9,,,,,,,,,,,,,,,,,,,
,,,,,,,,,,,,,,,,,,,,,,,,,,,,,,,,,,,,,TMTC3,,,,,,,,,,,,,,,,,,,
,,,,,,,,,,,,,,,,,,,,,,,,,,,,,,,,,,,,,TMX2,,,,,,,,,,,,,,,,,,,
,,,,,,,,,,,,,,,,,,,,,,,,,,,,,,,,,,,,,TNIK,,,,,,,,,,,,,,,,,,,
,,,,,,,,,,,,,,,,,,,,,,,,,,,,,,,,,,,,,TNKS2,,,,,,,,,,,,,,,,,,,
,,,,,,,,,,,,,,,,,,,,,,,,,,,,,,,,,,,,,TNPO2,,,,,,,,,,,,,,,,,,,
,,,,,,,,,,,,,,,,,,,,,,,,,,,,,,,,,,,,,TNR,,,,,,,,,,,,,,,,,,,
,,,,,,,,,,,,,,,,,,,,,,,,,,,,,,,,,,,,,TNRC6B,,,,,,,,,,,,,,,,,,,
,,,,,,,,,,,,,,,,,,,,,,,,,,,,,,,,,,,,,TOE1,,,,,,,,,,,,,,,,,,,
,,,,,,,,,,,,,,,,,,,,,,,,,,,,,,,,,,,,,TOMM70,,,,,,,,,,,,,,,,,,,
,,,,,,,,,,,,,,,,,,,,,,,,,,,,,,,,,,,,,TOR1A,,,,,,,,,,,,,,,,,,,
,,,,,,,,,,,,,,,,,,,,,,,,,,,,,,,,,,,,,TP63,,,,,,,,,,,,,,,,,,,
,,,,,,,,,,,,,,,,,,,,,,,,,,,,,,,,,,,,,TP73,,,,,,,,,,,,,,,,,,,
,,,,,,,,,,,,,,,,,,,,,,,,,,,,,,,,,,,,,TPH2,,,,,,,,,,,,,,,,,,,
,,,,,,,,,,,,,,,,,,,,,,,,,,,,,,,,,,,,,TPK1,,,,,,,,,,,,,,,,,,,
,,,,,,,,,,,,,,,,,,,,,,,,,,,,,,,,,,,,,TPP1,,,,,,,,,,,,,,,,,,,
,,,,,,,,,,,,,,,,,,,,,,,,,,,,,,,,,,,,,TPP2,,,,,,,,,,,,,,,,,,,
,,,,,,,,,,,,,,,,,,,,,,,,,,,,,,,,,,,,,TPR,,,,,,,,,,,,,,,,,,,
,,,,,,,,,,,,,,,,,,,,,,,,,,,,,,,,,,,,,TRA2B,,,,,,,,,,,,,,,,,,,
,,,,,,,,,,,,,,,,,,,,,,,,,,,,,,,,,,,,,TRAF7,,,,,,,,,,,,,,,,,,,
,,,,,,,,,,,,,,,,,,,,,,,,,,,,,,,,,,,,,TRAIP,,,,,,,,,,,,,,,,,,,
,,,,,,,,,,,,,,,,,,,,,,,,,,,,,,,,,,,,,TRAK1,,,,,,,,,,,,,,,,,,,
,,,,,,,,,,,,,,,,,,,,,,,,,,,,,,,,,,,,,TRAPPC10,,,,,,,,,,,,,,,,,,,
,,,,,,,,,,,,,,,,,,,,,,,,,,,,,,,,,,,,,TRAPPC11,,,,,,,,,,,,,,,,,,,
,,,,,,,,,,,,,,,,,,,,,,,,,,,,,,,,,,,,,TRAPPC12,,,,,,,,,,,,,,,,,,,
,,,,,,,,,,,,,,,,,,,,,,,,,,,,,,,,,,,,,TRAPPC2,,,,,,,,,,,,,,,,,,,
,,,,,,,,,,,,,,,,,,,,,,,,,,,,,,,,,,,,,TRAPPC2L,,,,,,,,,,,,,,,,,,,
,,,,,,,,,,,,,,,,,,,,,,,,,,,,,,,,,,,,,TRAPPC4,,,,,,,,,,,,,,,,,,,
,,,,,,,,,,,,,,,,,,,,,,,,,,,,,,,,,,,,,TRAPPC6A,,,,,,,,,,,,,,,,,,,
,,,,,,,,,,,,,,,,,,,,,,,,,,,,,,,,,,,,,TRAPPC6B,,,,,,,,,,,,,,,,,,,
,,,,,,,,,,,,,,,,,,,,,,,,,,,,,,,,,,,,,TRAPPC9,,,,,,,,,,,,,,,,,,,
,,,,,,,,,,,,,,,,,,,,,,,,,,,,,,,,,,,,,TREX1,,,,,,,,,,,,,,,,,,,
,,,,,,,,,,,,,,,,,,,,,,,,,,,,,,,,,,,,,TREX2,,,,,,,,,,,,,,,,,,,
,,,,,,,,,,,,,,,,,,,,,,,,,,,,,,,,,,,,,TRHR,,,,,,,,,,,,,,,,,,,
,,,,,,,,,,,,,,,,,,,,,,,,,,,,,,,,,,,,,TRIM32,,,,,,,,,,,,,,,,,,,
,,,,,,,,,,,,,,,,,,,,,,,,,,,,,,,,,,,,,TRIM37,,,,,,,,,,,,,,,,,,,
,,,,,,,,,,,,,,,,,,,,,,,,,,,,,,,,,,,,,TRIM8,,,,,,,,,,,,,,,,,,,
,,,,,,,,,,,,,,,,,,,,,,,,,,,,,,,,,,,,,TRIO,,,,,,,,,,,,,,,,,,,
,,,,,,,,,,,,,,,,,,,,,,,,,,,,,,,,,,,,,TRIP11,,,,,,,,,,,,,,,,,,,
,,,,,,,,,,,,,,,,,,,,,,,,,,,,,,,,,,,,,TRIP12,,,,,,,,,,,,,,,,,,,
,,,,,,,,,,,,,,,,,,,,,,,,,,,,,,,,,,,,,TRIP13,,,,,,,,,,,,,,,,,,,
,,,,,,,,,,,,,,,,,,,,,,,,,,,,,,,,,,,,,TRIT1,,,,,,,,,,,,,,,,,,,
,,,,,,,,,,,,,,,,,,,,,,,,,,,,,,,,,,,,,TRMT1,,,,,,,,,,,,,,,,,,,
,,,,,,,,,,,,,,,,,,,,,,,,,,,,,,,,,,,,,TRMT10A,,,,,,,,,,,,,,,,,,,
,,,,,,,,,,,,,,,,,,,,,,,,,,,,,,,,,,,,,TRMT1L,,,,,,,,,,,,,,,,,,,
,,,,,,,,,,,,,,,,,,,,,,,,,,,,,,,,,,,,,TRMT5,,,,,,,,,,,,,,,,,,,
,,,,,,,,,,,,,,,,,,,,,,,,,,,,,,,,,,,,,TRNT1,,,,,,,,,,,,,,,,,,,
,,,,,,,,,,,,,,,,,,,,,,,,,,,,,,,,,,,,,TRPC5,,,,,,,,,,,,,,,,,,,
,,,,,,,,,,,,,,,,,,,,,,,,,,,,,,,,,,,,,TRPM1,,,,,,,,,,,,,,,,,,,
,,,,,,,,,,,,,,,,,,,,,,,,,,,,,,,,,,,,,TRPM3,,,,,,,,,,,,,,,,,,,
,,,,,,,,,,,,,,,,,,,,,,,,,,,,,,,,,,,,,TRPS1,,,,,,,,,,,,,,,,,,,
,,,,,,,,,,,,,,,,,,,,,,,,,,,,,,,,,,,,,TRPV4,,,,,,,,,,,,,,,,,,,
,,,,,,,,,,,,,,,,,,,,,,,,,,,,,,,,,,,,,TRRAP,,,,,,,,,,,,,,,,,,,
,,,,,,,,,,,,,,,,,,,,,,,,,,,,,,,,,,,,,TSC1,,,,,,,,,,,,,,,,,,,
,,,,,,,,,,,,,,,,,,,,,,,,,,,,,,,,,,,,,TSC2,,,,,,,,,,,,,,,,,,,
,,,,,,,,,,,,,,,,,,,,,,,,,,,,,,,,,,,,,TSC22D3,,,,,,,,,,,,,,,,,,,
,,,,,,,,,,,,,,,,,,,,,,,,,,,,,,,,,,,,,TSEN15,,,,,,,,,,,,,,,,,,,
,,,,,,,,,,,,,,,,,,,,,,,,,,,,,,,,,,,,,TSEN2,,,,,,,,,,,,,,,,,,,
,,,,,,,,,,,,,,,,,,,,,,,,,,,,,,,,,,,,,TSEN34,,,,,,,,,,,,,,,,,,,
,,,,,,,,,,,,,,,,,,,,,,,,,,,,,,,,,,,,,TSEN54,,,,,,,,,,,,,,,,,,,
,,,,,,,,,,,,,,,,,,,,,,,,,,,,,,,,,,,,,TSFM,,,,,,,,,,,,,,,,,,,
,,,,,,,,,,,,,,,,,,,,,,,,,,,,,,,,,,,,,TSHB,,,,,,,,,,,,,,,,,,,
,,,,,,,,,,,,,,,,,,,,,,,,,,,,,,,,,,,,,TSHR,,,,,,,,,,,,,,,,,,,
,,,,,,,,,,,,,,,,,,,,,,,,,,,,,,,,,,,,,TSPAN7,,,,,,,,,,,,,,,,,,,
,,,,,,,,,,,,,,,,,,,,,,,,,,,,,,,,,,,,,TSPAN8,,,,,,,,,,,,,,,,,,,
,,,,,,,,,,,,,,,,,,,,,,,,,,,,,,,,,,,,,TSPOAP1,,,,,,,,,,,,,,,,,,,
,,,,,,,,,,,,,,,,,,,,,,,,,,,,,,,,,,,,,TTBK2,,,,,,,,,,,,,,,,,,,
,,,,,,,,,,,,,,,,,,,,,,,,,,,,,,,,,,,,,TTC19,,,,,,,,,,,,,,,,,,,
,,,,,,,,,,,,,,,,,,,,,,,,,,,,,,,,,,,,,TTC37,,,,,,,,,,,,,,,,,,,
,,,,,,,,,,,,,,,,,,,,,,,,,,,,,,,,,,,,,TTC5,,,,,,,,,,,,,,,,,,,
,,,,,,,,,,,,,,,,,,,,,,,,,,,,,,,,,,,,,TTC7A,,,,,,,,,,,,,,,,,,,
,,,,,,,,,,,,,,,,,,,,,,,,,,,,,,,,,,,,,TTC8,,,,,,,,,,,,,,,,,,,
,,,,,,,,,,,,,,,,,,,,,,,,,,,,,,,,,,,,,TTI1,,,,,,,,,,,,,,,,,,,
,,,,,,,,,,,,,,,,,,,,,,,,,,,,,,,,,,,,,TTI2,,,,,,,,,,,,,,,,,,,
,,,,,,,,,,,,,,,,,,,,,,,,,,,,,,,,,,,,,TTN,,,,,,,,,,,,,,,,,,,
,,,,,,,,,,,,,,,,,,,,,,,,,,,,,,,,,,,,,TTPA,,,,,,,,,,,,,,,,,,,
,,,,,,,,,,,,,,,,,,,,,,,,,,,,,,,,,,,,,TTR,,,,,,,,,,,,,,,,,,,
,,,,,,,,,,,,,,,,,,,,,,,,,,,,,,,,,,,,,TUBA1A,,,,,,,,,,,,,,,,,,,
,,,,,,,,,,,,,,,,,,,,,,,,,,,,,,,,,,,,,TUBA8,,,,,,,,,,,,,,,,,,,
,,,,,,,,,,,,,,,,,,,,,,,,,,,,,,,,,,,,,TUBAL3,,,,,,,,,,,,,,,,,,,
,,,,,,,,,,,,,,,,,,,,,,,,,,,,,,,,,,,,,TUBB,,,,,,,,,,,,,,,,,,,
,,,,,,,,,,,,,,,,,,,,,,,,,,,,,,,,,,,,,TUBB2A,,,,,,,,,,,,,,,,,,,
,,,,,,,,,,,,,,,,,,,,,,,,,,,,,,,,,,,,,TUBB2B,,,,,,,,,,,,,,,,,,,
,,,,,,,,,,,,,,,,,,,,,,,,,,,,,,,,,,,,,TUBB3,,,,,,,,,,,,,,,,,,,
,,,,,,,,,,,,,,,,,,,,,,,,,,,,,,,,,,,,,TUBB4A,,,,,,,,,,,,,,,,,,,
,,,,,,,,,,,,,,,,,,,,,,,,,,,,,,,,,,,,,TUBG1,,,,,,,,,,,,,,,,,,,
,,,,,,,,,,,,,,,,,,,,,,,,,,,,,,,,,,,,,TUBGCP2,,,,,,,,,,,,,,,,,,,
,,,,,,,,,,,,,,,,,,,,,,,,,,,,,,,,,,,,,TUBGCP4,,,,,,,,,,,,,,,,,,,
,,,,,,,,,,,,,,,,,,,,,,,,,,,,,,,,,,,,,TUBGCP6,,,,,,,,,,,,,,,,,,,
,,,,,,,,,,,,,,,,,,,,,,,,,,,,,,,,,,,,,TUFM,,,,,,,,,,,,,,,,,,,
,,,,,,,,,,,,,,,,,,,,,,,,,,,,,,,,,,,,,TUSC3,,,,,,,,,,,,,,,,,,,
,,,,,,,,,,,,,,,,,,,,,,,,,,,,,,,,,,,,,TWIST1,,,,,,,,,,,,,,,,,,,
,,,,,,,,,,,,,,,,,,,,,,,,,,,,,,,,,,,,,TWIST2,,,,,,,,,,,,,,,,,,,
,,,,,,,,,,,,,,,,,,,,,,,,,,,,,,,,,,,,,TXNL4A,,,,,,,,,,,,,,,,,,,
,,,,,,,,,,,,,,,,,,,,,,,,,,,,,,,,,,,,,TYR,,,,,,,,,,,,,,,,,,,
,,,,,,,,,,,,,,,,,,,,,,,,,,,,,,,,,,,,,TYRP1,,,,,,,,,,,,,,,,,,,
,,,,,,,,,,,,,,,,,,,,,,,,,,,,,,,,,,,,,TYW1,,,,,,,,,,,,,,,,,,,
,,,,,,,,,,,,,,,,,,,,,,,,,,,,,,,,,,,,,U2AF2,,,,,,,,,,,,,,,,,,,
,,,,,,,,,,,,,,,,,,,,,,,,,,,,,,,,,,,,,UBA5,,,,,,,,,,,,,,,,,,,
,,,,,,,,,,,,,,,,,,,,,,,,,,,,,,,,,,,,,UBAP2L,,,,,,,,,,,,,,,,,,,
,,,,,,,,,,,,,,,,,,,,,,,,,,,,,,,,,,,,,UBE2A,,,,,,,,,,,,,,,,,,,
,,,,,,,,,,,,,,,,,,,,,,,,,,,,,,,,,,,,,UBE2U,,,,,,,,,,,,,,,,,,,
,,,,,,,,,,,,,,,,,,,,,,,,,,,,,,,,,,,,,UBE3A,,,,,,,,,,,,,,,,,,,
,,,,,,,,,,,,,,,,,,,,,,,,,,,,,,,,,,,,,UBE3B,,,,,,,,,,,,,,,,,,,
,,,,,,,,,,,,,,,,,,,,,,,,,,,,,,,,,,,,,UBE3C,,,,,,,,,,,,,,,,,,,
,,,,,,,,,,,,,,,,,,,,,,,,,,,,,,,,,,,,,UBE4A,,,,,,,,,,,,,,,,,,,
,,,,,,,,,,,,,,,,,,,,,,,,,,,,,,,,,,,,,UBR1,,,,,,,,,,,,,,,,,,,
,,,,,,,,,,,,,,,,,,,,,,,,,,,,,,,,,,,,,UBR4,,,,,,,,,,,,,,,,,,,
,,,,,,,,,,,,,,,,,,,,,,,,,,,,,,,,,,,,,UBR5,,,,,,,,,,,,,,,,,,,
,,,,,,,,,,,,,,,,,,,,,,,,,,,,,,,,,,,,,UBR7,,,,,,,,,,,,,,,,,,,
,,,,,,,,,,,,,,,,,,,,,,,,,,,,,,,,,,,,,UBTF,,,,,,,,,,,,,,,,,,,
,,,,,,,,,,,,,,,,,,,,,,,,,,,,,,,,,,,,,UFC1,,,,,,,,,,,,,,,,,,,
,,,,,,,,,,,,,,,,,,,,,,,,,,,,,,,,,,,,,UFM1,,,,,,,,,,,,,,,,,,,
,,,,,,,,,,,,,,,,,,,,,,,,,,,,,,,,,,,,,UFSP2,,,,,,,,,,,,,,,,,,,
,,,,,,,,,,,,,,,,,,,,,,,,,,,,,,,,,,,,,UGDH,,,,,,,,,,,,,,,,,,,
,,,,,,,,,,,,,,,,,,,,,,,,,,,,,,,,,,,,,UGGT1,,,,,,,,,,,,,,,,,,,
,,,,,,,,,,,,,,,,,,,,,,,,,,,,,,,,,,,,,UGP2,,,,,,,,,,,,,,,,,,,
,,,,,,,,,,,,,,,,,,,,,,,,,,,,,,,,,,,,,UGT1A1,,,,,,,,,,,,,,,,,,,
,,,,,,,,,,,,,,,,,,,,,,,,,,,,,,,,,,,,,UMPS,,,,,,,,,,,,,,,,,,,
,,,,,,,,,,,,,,,,,,,,,,,,,,,,,,,,,,,,,UNC13A,,,,,,,,,,,,,,,,,,,
,,,,,,,,,,,,,,,,,,,,,,,,,,,,,,,,,,,,,UNC79,,,,,,,,,,,,,,,,,,,
,,,,,,,,,,,,,,,,,,,,,,,,,,,,,,,,,,,,,UNC80,,,,,,,,,,,,,,,,,,,
,,,,,,,,,,,,,,,,,,,,,,,,,,,,,,,,,,,,,UPB1,,,,,,,,,,,,,,,,,,,
,,,,,,,,,,,,,,,,,,,,,,,,,,,,,,,,,,,,,UPF1,,,,,,,,,,,,,,,,,,,
,,,,,,,,,,,,,,,,,,,,,,,,,,,,,,,,,,,,,UPF3B,,,,,,,,,,,,,,,,,,,
,,,,,,,,,,,,,,,,,,,,,,,,,,,,,,,,,,,,,UQCRB,,,,,,,,,,,,,,,,,,,
,,,,,,,,,,,,,,,,,,,,,,,,,,,,,,,,,,,,,UQCRQ,,,,,,,,,,,,,,,,,,,
,,,,,,,,,,,,,,,,,,,,,,,,,,,,,,,,,,,,,UROC1,,,,,,,,,,,,,,,,,,,
,,,,,,,,,,,,,,,,,,,,,,,,,,,,,,,,,,,,,UROS,,,,,,,,,,,,,,,,,,,
,,,,,,,,,,,,,,,,,,,,,,,,,,,,,,,,,,,,,USB1,,,,,,,,,,,,,,,,,,,
,,,,,,,,,,,,,,,,,,,,,,,,,,,,,,,,,,,,,USP18,,,,,,,,,,,,,,,,,,,
,,,,,,,,,,,,,,,,,,,,,,,,,,,,,,,,,,,,,USP27X,,,,,,,,,,,,,,,,,,,
,,,,,,,,,,,,,,,,,,,,,,,,,,,,,,,,,,,,,USP34,,,,,,,,,,,,,,,,,,,
,,,,,,,,,,,,,,,,,,,,,,,,,,,,,,,,,,,,,USP7,,,,,,,,,,,,,,,,,,,
,,,,,,,,,,,,,,,,,,,,,,,,,,,,,,,,,,,,,USP9X,,,,,,,,,,,,,,,,,,,
,,,,,,,,,,,,,,,,,,,,,,,,,,,,,,,,,,,,,UTP14A,,,,,,,,,,,,,,,,,,,
,,,,,,,,,,,,,,,,,,,,,,,,,,,,,,,,,,,,,UVSSA,,,,,,,,,,,,,,,,,,,
,,,,,,,,,,,,,,,,,,,,,,,,,,,,,,,,,,,,,VAMP1,,,,,,,,,,,,,,,,,,,
,,,,,,,,,,,,,,,,,,,,,,,,,,,,,,,,,,,,,VAMP2,,,,,,,,,,,,,,,,,,,
,,,,,,,,,,,,,,,,,,,,,,,,,,,,,,,,,,,,,VAMP7,,,,,,,,,,,,,,,,,,,
,,,,,,,,,,,,,,,,,,,,,,,,,,,,,,,,,,,,,VARS,,,,,,,,,,,,,,,,,,,
,,,,,,,,,,,,,,,,,,,,,,,,,,,,,,,,,,,,,VARS2,,,,,,,,,,,,,,,,,,,
,,,,,,,,,,,,,,,,,,,,,,,,,,,,,,,,,,,,,VCP,,,,,,,,,,,,,,,,,,,
,,,,,,,,,,,,,,,,,,,,,,,,,,,,,,,,,,,,,VDR,,,,,,,,,,,,,,,,,,,
,,,,,,,,,,,,,,,,,,,,,,,,,,,,,,,,,,,,,VIP,,,,,,,,,,,,,,,,,,,
,,,,,,,,,,,,,,,,,,,,,,,,,,,,,,,,,,,,,VIPAS39,,,,,,,,,,,,,,,,,,,
,,,,,,,,,,,,,,,,,,,,,,,,,,,,,,,,,,,,,VLDLR,,,,,,,,,,,,,,,,,,,
,,,,,,,,,,,,,,,,,,,,,,,,,,,,,,,,,,,,,VPS11,,,,,,,,,,,,,,,,,,,
,,,,,,,,,,,,,,,,,,,,,,,,,,,,,,,,,,,,,VPS13B,,,,,,,,,,,,,,,,,,,
,,,,,,,,,,,,,,,,,,,,,,,,,,,,,,,,,,,,,VPS33A,,,,,,,,,,,,,,,,,,,
,,,,,,,,,,,,,,,,,,,,,,,,,,,,,,,,,,,,,VPS33B,,,,,,,,,,,,,,,,,,,
,,,,,,,,,,,,,,,,,,,,,,,,,,,,,,,,,,,,,VPS35,,,,,,,,,,,,,,,,,,,
,,,,,,,,,,,,,,,,,,,,,,,,,,,,,,,,,,,,,VPS36,,,,,,,,,,,,,,,,,,,
,,,,,,,,,,,,,,,,,,,,,,,,,,,,,,,,,,,,,VPS41,,,,,,,,,,,,,,,,,,,
,,,,,,,,,,,,,,,,,,,,,,,,,,,,,,,,,,,,,VPS4A,,,,,,,,,,,,,,,,,,,
,,,,,,,,,,,,,,,,,,,,,,,,,,,,,,,,,,,,,VPS50,,,,,,,,,,,,,,,,,,,
,,,,,,,,,,,,,,,,,,,,,,,,,,,,,,,,,,,,,VPS51,,,,,,,,,,,,,,,,,,,
,,,,,,,,,,,,,,,,,,,,,,,,,,,,,,,,,,,,,VPS53,,,,,,,,,,,,,,,,,,,
,,,,,,,,,,,,,,,,,,,,,,,,,,,,,,,,,,,,,VRK1,,,,,,,,,,,,,,,,,,,
,,,,,,,,,,,,,,,,,,,,,,,,,,,,,,,,,,,,,VSX2,,,,,,,,,,,,,,,,,,,
,,,,,,,,,,,,,,,,,,,,,,,,,,,,,,,,,,,,,VWA8,,,,,,,,,,,,,,,,,,,
,,,,,,,,,,,,,,,,,,,,,,,,,,,,,,,,,,,,,WAC,,,,,,,,,,,,,,,,,,,
,,,,,,,,,,,,,,,,,,,,,,,,,,,,,,,,,,,,,WAPL,,,,,,,,,,,,,,,,,,,
,,,,,,,,,,,,,,,,,,,,,,,,,,,,,,,,,,,,,WARS,,,,,,,,,,,,,,,,,,,
,,,,,,,,,,,,,,,,,,,,,,,,,,,,,,,,,,,,,WARS2,,,,,,,,,,,,,,,,,,,
,,,,,,,,,,,,,,,,,,,,,,,,,,,,,,,,,,,,,WASF1,,,,,,,,,,,,,,,,,,,
,,,,,,,,,,,,,,,,,,,,,,,,,,,,,,,,,,,,,WASHC4,,,,,,,,,,,,,,,,,,,
,,,,,,,,,,,,,,,,,,,,,,,,,,,,,,,,,,,,,WASHC5,,,,,,,,,,,,,,,,,,,
,,,,,,,,,,,,,,,,,,,,,,,,,,,,,,,,,,,,,WBP4,,,,,,,,,,,,,,,,,,,
,,,,,,,,,,,,,,,,,,,,,,,,,,,,,,,,,,,,,WDFY3,,,,,,,,,,,,,,,,,,,
,,,,,,,,,,,,,,,,,,,,,,,,,,,,,,,,,,,,,WDPCP,,,,,,,,,,,,,,,,,,,
,,,,,,,,,,,,,,,,,,,,,,,,,,,,,,,,,,,,,WDR11,,,,,,,,,,,,,,,,,,,
,,,,,,,,,,,,,,,,,,,,,,,,,,,,,,,,,,,,,WDR13,,,,,,,,,,,,,,,,,,,
,,,,,,,,,,,,,,,,,,,,,,,,,,,,,,,,,,,,,WDR19,,,,,,,,,,,,,,,,,,,
,,,,,,,,,,,,,,,,,,,,,,,,,,,,,,,,,,,,,WDR26,,,,,,,,,,,,,,,,,,,
,,,,,,,,,,,,,,,,,,,,,,,,,,,,,,,,,,,,,WDR34,,,,,,,,,,,,,,,,,,,
,,,,,,,,,,,,,,,,,,,,,,,,,,,,,,,,,,,,,WDR35,,,,,,,,,,,,,,,,,,,
,,,,,,,,,,,,,,,,,,,,,,,,,,,,,,,,,,,,,WDR37,,,,,,,,,,,,,,,,,,,
,,,,,,,,,,,,,,,,,,,,,,,,,,,,,,,,,,,,,WDR4,,,,,,,,,,,,,,,,,,,
,,,,,,,,,,,,,,,,,,,,,,,,,,,,,,,,,,,,,WDR45,,,,,,,,,,,,,,,,,,,
,,,,,,,,,,,,,,,,,,,,,,,,,,,,,,,,,,,,,WDR45B,,,,,,,,,,,,,,,,,,,
,,,,,,,,,,,,,,,,,,,,,,,,,,,,,,,,,,,,,WDR47,,,,,,,,,,,,,,,,,,,
,,,,,,,,,,,,,,,,,,,,,,,,,,,,,,,,,,,,,WDR5,,,,,,,,,,,,,,,,,,,
,,,,,,,,,,,,,,,,,,,,,,,,,,,,,,,,,,,,,WDR60,,,,,,,,,,,,,,,,,,,
,,,,,,,,,,,,,,,,,,,,,,,,,,,,,,,,,,,,,WDR62,,,,,,,,,,,,,,,,,,,
,,,,,,,,,,,,,,,,,,,,,,,,,,,,,,,,,,,,,WDR73,,,,,,,,,,,,,,,,,,,
,,,,,,,,,,,,,,,,,,,,,,,,,,,,,,,,,,,,,WDR81,,,,,,,,,,,,,,,,,,,
,,,,,,,,,,,,,,,,,,,,,,,,,,,,,,,,,,,,,WDR83,,,,,,,,,,,,,,,,,,,
,,,,,,,,,,,,,,,,,,,,,,,,,,,,,,,,,,,,,WDR83OS,,,,,,,,,,,,,,,,,,,
,,,,,,,,,,,,,,,,,,,,,,,,,,,,,,,,,,,,,WDR91,,,,,,,,,,,,,,,,,,,
,,,,,,,,,,,,,,,,,,,,,,,,,,,,,,,,,,,,,WFS1,,,,,,,,,,,,,,,,,,,
,,,,,,,,,,,,,,,,,,,,,,,,,,,,,,,,,,,,,WIPI2,,,,,,,,,,,,,,,,,,,
,,,,,,,,,,,,,,,,,,,,,,,,,,,,,,,,,,,,,WNK3,,,,,,,,,,,,,,,,,,,
,,,,,,,,,,,,,,,,,,,,,,,,,,,,,,,,,,,,,WNT1,,,,,,,,,,,,,,,,,,,
,,,,,,,,,,,,,,,,,,,,,,,,,,,,,,,,,,,,,WNT10B,,,,,,,,,,,,,,,,,,,
,,,,,,,,,,,,,,,,,,,,,,,,,,,,,,,,,,,,,WNT3,,,,,,,,,,,,,,,,,,,
,,,,,,,,,,,,,,,,,,,,,,,,,,,,,,,,,,,,,WNT4,,,,,,,,,,,,,,,,,,,
,,,,,,,,,,,,,,,,,,,,,,,,,,,,,,,,,,,,,WNT5A,,,,,,,,,,,,,,,,,,,
,,,,,,,,,,,,,,,,,,,,,,,,,,,,,,,,,,,,,WNT7A,,,,,,,,,,,,,,,,,,,
,,,,,,,,,,,,,,,,,,,,,,,,,,,,,,,,,,,,,WRAP53,,,,,,,,,,,,,,,,,,,
,,,,,,,,,,,,,,,,,,,,,,,,,,,,,,,,,,,,,WRN,,,,,,,,,,,,,,,,,,,
,,,,,,,,,,,,,,,,,,,,,,,,,,,,,,,,,,,,,WSB2,,,,,,,,,,,,,,,,,,,
,,,,,,,,,,,,,,,,,,,,,,,,,,,,,,,,,,,,,WT1,,,,,,,,,,,,,,,,,,,
,,,,,,,,,,,,,,,,,,,,,,,,,,,,,,,,,,,,,WWC3,,,,,,,,,,,,,,,,,,,
,,,,,,,,,,,,,,,,,,,,,,,,,,,,,,,,,,,,,WWOX,,,,,,,,,,,,,,,,,,,
,,,,,,,,,,,,,,,,,,,,,,,,,,,,,,,,,,,,,XIAP,,,,,,,,,,,,,,,,,,,
,,,,,,,,,,,,,,,,,,,,,,,,,,,,,,,,,,,,,XIST,,,,,,,,,,,,,,,,,,,
,,,,,,,,,,,,,,,,,,,,,,,,,,,,,,,,,,,,,XK,,,,,,,,,,,,,,,,,,,
,,,,,,,,,,,,,,,,,,,,,,,,,,,,,,,,,,,,,XKRX,,,,,,,,,,,,,,,,,,,
,,,,,,,,,,,,,,,,,,,,,,,,,,,,,,,,,,,,,XPA,,,,,,,,,,,,,,,,,,,
,,,,,,,,,,,,,,,,,,,,,,,,,,,,,,,,,,,,,XPC,,,,,,,,,,,,,,,,,,,
,,,,,,,,,,,,,,,,,,,,,,,,,,,,,,,,,,,,,XPNPEP3,,,,,,,,,,,,,,,,,,,
,,,,,,,,,,,,,,,,,,,,,,,,,,,,,,,,,,,,,XRCC4,,,,,,,,,,,,,,,,,,,
,,,,,,,,,,,,,,,,,,,,,,,,,,,,,,,,,,,,,XYLT1,,,,,,,,,,,,,,,,,,,
,,,,,,,,,,,,,,,,,,,,,,,,,,,,,,,,,,,,,YAP1,,,,,,,,,,,,,,,,,,,
,,,,,,,,,,,,,,,,,,,,,,,,,,,,,,,,,,,,,YARS,,,,,,,,,,,,,,,,,,,
,,,,,,,,,,,,,,,,,,,,,,,,,,,,,,,,,,,,,YBX3,,,,,,,,,,,,,,,,,,,
,,,,,,,,,,,,,,,,,,,,,,,,,,,,,,,,,,,,,YIF1B,,,,,,,,,,,,,,,,,,,
,,,,,,,,,,,,,,,,,,,,,,,,,,,,,,,,,,,,,YIPF5,,,,,,,,,,,,,,,,,,,
,,,,,,,,,,,,,,,,,,,,,,,,,,,,,,,,,,,,,YWHAE,,,,,,,,,,,,,,,,,,,
,,,,,,,,,,,,,,,,,,,,,,,,,,,,,,,,,,,,,YWHAG,,,,,,,,,,,,,,,,,,,
,,,,,,,,,,,,,,,,,,,,,,,,,,,,,,,,,,,,,YWHAZ,,,,,,,,,,,,,,,,,,,
,,,,,,,,,,,,,,,,,,,,,,,,,,,,,,,,,,,,,YY1,,,,,,,,,,,,,,,,,,,
,,,,,,,,,,,,,,,,,,,,,,,,,,,,,,,,,,,,,ZBTB11,,,,,,,,,,,,,,,,,,,
,,,,,,,,,,,,,,,,,,,,,,,,,,,,,,,,,,,,,ZBTB16,,,,,,,,,,,,,,,,,,,
,,,,,,,,,,,,,,,,,,,,,,,,,,,,,,,,,,,,,ZBTB18,,,,,,,,,,,,,,,,,,,
,,,,,,,,,,,,,,,,,,,,,,,,,,,,,,,,,,,,,ZBTB20,,,,,,,,,,,,,,,,,,,
,,,,,,,,,,,,,,,,,,,,,,,,,,,,,,,,,,,,,ZBTB24,,,,,,,,,,,,,,,,,,,
,,,,,,,,,,,,,,,,,,,,,,,,,,,,,,,,,,,,,ZBTB40,,,,,,,,,,,,,,,,,,,
,,,,,,,,,,,,,,,,,,,,,,,,,,,,,,,,,,,,,ZBTB47,,,,,,,,,,,,,,,,,,,
,,,,,,,,,,,,,,,,,,,,,,,,,,,,,,,,,,,,,ZBTB7A,,,,,,,,,,,,,,,,,,,
,,,,,,,,,,,,,,,,,,,,,,,,,,,,,,,,,,,,,ZBTB7B,,,,,,,,,,,,,,,,,,,
,,,,,,,,,,,,,,,,,,,,,,,,,,,,,,,,,,,,,ZC3H14,,,,,,,,,,,,,,,,,,,
,,,,,,,,,,,,,,,,,,,,,,,,,,,,,,,,,,,,,ZC4H2,,,,,,,,,,,,,,,,,,,
,,,,,,,,,,,,,,,,,,,,,,,,,,,,,,,,,,,,,ZCCHC12,,,,,,,,,,,,,,,,,,,
,,,,,,,,,,,,,,,,,,,,,,,,,,,,,,,,,,,,,ZCCHC8,,,,,,,,,,,,,,,,,,,
,,,,,,,,,,,,,,,,,,,,,,,,,,,,,,,,,,,,,ZDHHC15,,,,,,,,,,,,,,,,,,,
,,,,,,,,,,,,,,,,,,,,,,,,,,,,,,,,,,,,,ZDHHC9,,,,,,,,,,,,,,,,,,,
,,,,,,,,,,,,,,,,,,,,,,,,,,,,,,,,,,,,,ZEB2,,,,,,,,,,,,,,,,,,,
,,,,,,,,,,,,,,,,,,,,,,,,,,,,,,,,,,,,,ZFHX3,,,,,,,,,,,,,,,,,,,
,,,,,,,,,,,,,,,,,,,,,,,,,,,,,,,,,,,,,ZFHX4,,,,,,,,,,,,,,,,,,,
,,,,,,,,,,,,,,,,,,,,,,,,,,,,,,,,,,,,,ZFP57,,,,,,,,,,,,,,,,,,,
,,,,,,,,,,,,,,,,,,,,,,,,,,,,,,,,,,,,,ZFX,,,,,,,,,,,,,,,,,,,
,,,,,,,,,,,,,,,,,,,,,,,,,,,,,,,,,,,,,ZFYVE26,,,,,,,,,,,,,,,,,,,
,,,,,,,,,,,,,,,,,,,,,,,,,,,,,,,,,,,,,ZIC1,,,,,,,,,,,,,,,,,,,
,,,,,,,,,,,,,,,,,,,,,,,,,,,,,,,,,,,,,ZIC2,,,,,,,,,,,,,,,,,,,
,,,,,,,,,,,,,,,,,,,,,,,,,,,,,,,,,,,,,ZIC3,,,,,,,,,,,,,,,,,,,
,,,,,,,,,,,,,,,,,,,,,,,,,,,,,,,,,,,,,ZMIZ1,,,,,,,,,,,,,,,,,,,
,,,,,,,,,,,,,,,,,,,,,,,,,,,,,,,,,,,,,ZMPSTE24,,,,,,,,,,,,,,,,,,,
,,,,,,,,,,,,,,,,,,,,,,,,,,,,,,,,,,,,,ZMYM2,,,,,,,,,,,,,,,,,,,
,,,,,,,,,,,,,,,,,,,,,,,,,,,,,,,,,,,,,ZMYM3,,,,,,,,,,,,,,,,,,,
,,,,,,,,,,,,,,,,,,,,,,,,,,,,,,,,,,,,,ZMYM6,,,,,,,,,,,,,,,,,,,
,,,,,,,,,,,,,,,,,,,,,,,,,,,,,,,,,,,,,ZMYND11,,,,,,,,,,,,,,,,,,,
,,,,,,,,,,,,,,,,,,,,,,,,,,,,,,,,,,,,,ZMYND12,,,,,,,,,,,,,,,,,,,
,,,,,,,,,,,,,,,,,,,,,,,,,,,,,,,,,,,,,ZMYND15,,,,,,,,,,,,,,,,,,,
,,,,,,,,,,,,,,,,,,,,,,,,,,,,,,,,,,,,,ZMYND8,,,,,,,,,,,,,,,,,,,
,,,,,,,,,,,,,,,,,,,,,,,,,,,,,,,,,,,,,ZNF142,,,,,,,,,,,,,,,,,,,
,,,,,,,,,,,,,,,,,,,,,,,,,,,,,,,,,,,,,ZNF148,,,,,,,,,,,,,,,,,,,
,,,,,,,,,,,,,,,,,,,,,,,,,,,,,,,,,,,,,ZNF292,,,,,,,,,,,,,,,,,,,
,,,,,,,,,,,,,,,,,,,,,,,,,,,,,,,,,,,,,ZNF335,,,,,,,,,,,,,,,,,,,
,,,,,,,,,,,,,,,,,,,,,,,,,,,,,,,,,,,,,ZNF407,,,,,,,,,,,,,,,,,,,
,,,,,,,,,,,,,,,,,,,,,,,,,,,,,,,,,,,,,ZNF41,,,,,,,,,,,,,,,,,,,
,,,,,,,,,,,,,,,,,,,,,,,,,,,,,,,,,,,,,ZNF425,,,,,,,,,,,,,,,,,,,
,,,,,,,,,,,,,,,,,,,,,,,,,,,,,,,,,,,,,ZNF462,,,,,,,,,,,,,,,,,,,
,,,,,,,,,,,,,,,,,,,,,,,,,,,,,,,,,,,,,ZNF526,,,,,,,,,,,,,,,,,,,
,,,,,,,,,,,,,,,,,,,,,,,,,,,,,,,,,,,,,ZNF592,,,,,,,,,,,,,,,,,,,
,,,,,,,,,,,,,,,,,,,,,,,,,,,,,,,,,,,,,ZNF599,,,,,,,,,,,,,,,,,,,
,,,,,,,,,,,,,,,,,,,,,,,,,,,,,,,,,,,,,ZNF668,,,,,,,,,,,,,,,,,,,
,,,,,,,,,,,,,,,,,,,,,,,,,,,,,,,,,,,,,ZNF674,,,,,,,,,,,,,,,,,,,
,,,,,,,,,,,,,,,,,,,,,,,,,,,,,,,,,,,,,ZNF699,,,,,,,,,,,,,,,,,,,
,,,,,,,,,,,,,,,,,,,,,,,,,,,,,,,,,,,,,ZNF711,,,,,,,,,,,,,,,,,,,
,,,,,,,,,,,,,,,,,,,,,,,,,,,,,,,,,,,,,ZNF713,,,,,,,,,,,,,,,,,,,
,,,,,,,,,,,,,,,,,,,,,,,,,,,,,,,,,,,,,ZNF81,,,,,,,,,,,,,,,,,,,
,,,,,,,,,,,,,,,,,,,,,,,,,,,,,,,,,,,,,ZNF865,,,,,,,,,,,,,,,,,,,
,,,,,,,,,,,,,,,,,,,,,,,,,,,,,,,,,,,,,ZNFX1,,,,,,,,,,,,,,,,,,,
,,,,,,,,,,,,,,,,,,,,,,,,,,,,,,,,,,,,,ZNRF3,,,,,,,,,,,,,,,,,,,
,,,,,,,,,,,,,,,,,,,,,,,,,,,,,,,,,,,,,ZSCAN10,,,,,,,,,,,,,,,,,,,
,,,,,,,,,,,,,,,,,,,,,,,,,,,,,,,,,,,,,ZSWIM6,,,,,,,,,,,,,,,,,,,
